,Type,Days for shipping (real),Days for shipment (scheduled),Benefit per order,Sales per customer,Delivery Status,Late_delivery_risk,Category Id,Category Name,Customer City,Customer Country,Customer Email,Customer Fname,Customer Id,Customer Lname,Customer Password,Customer Segment,Customer State,Customer Street,Customer Zipcode,Department Id,Department Name,Latitude,Longitude,Market,Order City,Order Country,Order Customer Id,order date (DateOrders),Order Id,Order Item Cardprod Id,Order Item Discount,Order Item Discount Rate,Order Item Id,Order Item Product Price,Order Item Profit Ratio,Order Item Quantity,Sales,Order Item Total,Order Profit Per Order,Order Region,Order State,Order Status,Order Zipcode,Product Card Id,Product Category Id,Product Description,Product Image,Product Name,Product Price,Product Status,shipping date (DateOrders),Shipping Mode
80120,TRANSFER,5,4,11.09000015,175.9900055,Late delivery,1,48,Water Sports,Caguas,Puerto Rico,XXXXXXXXX,Zachary,6109,Tate,XXXXXXXXX,Consumer,PR,8916 Round Zephyr Ridge,725.0,7,Fan Shop,18.20397568,-66.37054443,USCA,Los Angeles,Estados Unidos,6109,4/1/2016 21:05,31299,1073,24.0,0.119999997,78239,199.9900055,0.059999999,1,199.9900055,175.9900055,11.09000015,West of USA ,California,PROCESSING,90036.0,1073,48,,http://images.acmesports.sports/Pelican+Sunstream+100+Kayak,Pelican Sunstream 100 Kayak,199.9900055,0,4/6/2016 21:05,Standard Class
19670,PAYMENT,2,1,9.800000191,245.0,Late delivery,1,24,Women's Apparel,Florissant,EE. UU.,XXXXXXXXX,Gary,12041,Oneal,XXXXXXXXX,Consumer,MO,372 Sunny Arbor,63033.0,5,Golf,38.80710983,-90.29780579,LATAM,Tegucigalpa,Honduras,12041,6/9/2017 18:43,61023,502,5.0,0.02,152658,50.0,0.039999999,5,250.0,245.0,9.800000191,Central America,Francisco Morazán,PENDING_PAYMENT,,502,24,,http://images.acmesports.sports/Nike+Men%27s+Dri-FIT+Victory+Golf+Polo,Nike Men's Dri-FIT Victory Golf Polo,50.0,0,6/11/2017 18:43,First Class
114887,TRANSFER,2,4,117.5500031,244.8999939,Advance shipping,0,46,Indoor/Outdoor Games,Carmichael,EE. UU.,XXXXXXXXX,Andrea,4271,Alexander,XXXXXXXXX,Corporate,CA,2407 Foggy Acres,95608.0,7,Fan Shop,38.60803223,-121.3219528,LATAM,Tijuana,México,4271,1/2/2015 14:32,111,1014,5.0,0.02,253,49.97999954,0.479999989,5,249.8999939,244.8999939,117.5500031,Central America,Baja California,PROCESSING,,1014,46,,http://images.acmesports.sports/O%27Brien+Men%27s+Neoprene+Life+Vest,O'Brien Men's Neoprene Life Vest,49.97999954,0,1/4/2015 14:32,Standard Class
120110,TRANSFER,5,4,118.4300003,251.9799957,Late delivery,1,43,Camping & Hiking,Troy,EE. UU.,XXXXXXXXX,Joyce,3521,Callahan,XXXXXXXXX,Consumer,NY,4075 Silver Hills Heights,12180.0,7,Fan Shop,42.73004913,-73.68952942,Africa,Pretoria,SudAfrica,3521,1/10/2017 1:46,50699,957,48.0,0.159999996,126700,299.980011,0.469999999,1,299.980011,251.9799957,118.4300003,Southern Africa,Gauteng,PENDING,,957,43,,http://images.acmesports.sports/Diamondback+Women%27s+Serene+Classic+Comfort+Bike+2014,Diamondback Women's Serene Classic Comfort Bi,299.980011,0,1/15/2017 1:46,Standard Class
56658,DEBIT,2,4,-21.59000015,107.9700012,Advance shipping,0,29,Shop By Sport,Caguas,Puerto Rico,XXXXXXXXX,Mildred,12073,Merritt,XXXXXXXXX,Consumer,PR,4661 Green Freeway,725.0,5,Golf,18.23455048,-66.37057495,LATAM,Santiago de los Caballeros,República Dominicana,12073,4/6/2017 7:15,56606,627,12.0,0.100000001,141586,39.99000168,-0.200000003,3,119.9700012,107.9700012,-21.59000015,Caribbean,Santiago de Chile,COMPLETE,,627,29,,http://images.acmesports.sports/Under+Armour+Girls%27+Toddler+Spine+Surge+Running+Shoe,Under Armour Girls' Toddler Spine Surge Runni,39.99000168,0,4/8/2017 7:15,Standard Class
99465,DEBIT,5,4,-16.38999939,163.9299927,Late delivery,1,46,Indoor/Outdoor Games,Pawtucket,EE. UU.,XXXXXXXXX,Patricia,771,Smith,XXXXXXXXX,Consumer,RI,9986 Old Common,2860.0,7,Fan Shop,41.77356339,-71.36444092,USCA,Huntsville,Estados Unidos,771,8/7/2016 23:21,40074,1014,35.99000168,0.180000007,100008,49.97999954,-0.100000001,4,199.9199982,163.9299927,-16.38999939,US Center ,Texas,COMPLETE,77340.0,1014,46,,http://images.acmesports.sports/O%27Brien+Men%27s+Neoprene+Life+Vest,O'Brien Men's Neoprene Life Vest,49.97999954,0,8/12/2016 23:21,Standard Class
40749,DEBIT,6,4,83.19999695,319.980011,Late delivery,1,45,Fishing,Caguas,Puerto Rico,XXXXXXXXX,Mary,8550,Smith,XXXXXXXXX,Corporate,PR,4906 Wishing Bluff Pike,725.0,7,Fan Shop,18.20294952,-66.37063599,Europe,Las Rozas de Madrid,España,8550,8/31/2015 10:52,16610,1004,80.0,0.200000003,41513,399.980011,0.25999999,1,399.980011,319.980011,83.19999695,Southern Europe,Madrid,COMPLETE,,1004,45,,http://images.acmesports.sports/Field+%26+Stream+Sportsman+16+Gun+Fire+Safe,Field & Stream Sportsman 16 Gun Fire Safe,399.980011,0,9/6/2015 10:52,Standard Class
22688,DEBIT,2,4,99.08999634,272.9700012,Advance shipping,0,9,Cardio Equipment,Caguas,Puerto Rico,XXXXXXXXX,Nancy,4857,Whitaker,XXXXXXXXX,Consumer,PR,1220 Tawny Glade,725.0,3,Footwear,18.23100853,-66.37059784,Africa,Dire Dawa,Etiopía,4857,12/3/2016 14:04,48131,191,27.0,0.090000004,120363,99.98999786,0.360000014,3,299.9700012,272.9700012,99.08999634,East Africa,Dire Dawa,COMPLETE,,191,9,,http://images.acmesports.sports/Nike+Men%27s+Free+5.0%2B+Running+Shoe,Nike Men's Free 5.0+ Running Shoe,99.98999786,0,12/5/2016 14:04,Standard Class
154389,PAYMENT,6,4,30.0,100.0,Late delivery,1,24,Women's Apparel,Caguas,Puerto Rico,XXXXXXXXX,Sara,5404,Castillo,XXXXXXXXX,Consumer,PR,4232 Pleasant Bear Park,725.0,5,Golf,18.28034973,-66.37052918,LATAM,Huehuetenango,Guatemala,5404,2/15/2017 20:59,53220,502,0.0,0.0,132983,50.0,0.300000012,2,100.0,100.0,30.0,Central America,Huehuetenango,PENDING_PAYMENT,,502,24,,http://images.acmesports.sports/Nike+Men%27s+Dri-FIT+Victory+Golf+Polo,Nike Men's Dri-FIT Victory Golf Polo,50.0,0,2/21/2017 20:59,Standard Class
47301,PAYMENT,4,4,54.63000107,118.7699966,Shipping on time,0,29,Shop By Sport,Findlay,EE. UU.,XXXXXXXXX,Grace,5148,Smith,XXXXXXXXX,Corporate,OH,507 Indian Front,45840.0,5,Golf,41.04313278,-83.65692902,LATAM,Coacalco,México,5148,3/20/2017 20:03,55478,627,1.200000048,0.01,138765,39.99000168,0.460000008,3,119.9700012,118.7699966,54.63000107,Central America,México,PENDING_PAYMENT,,627,29,,http://images.acmesports.sports/Under+Armour+Girls%27+Toddler+Spine+Surge+Running+Shoe,Under Armour Girls' Toddler Spine Surge Runni,39.99000168,0,3/24/2017 20:03,Standard Class
139428,TRANSFER,3,4,72.02999878,147.0,Advance shipping,0,24,Women's Apparel,Caguas,Puerto Rico,XXXXXXXXX,Melissa,7,Wilcox,XXXXXXXXX,Corporate,PR,9453 High Concession,725.0,5,Golf,18.35909462,-66.07995606,LATAM,Tegucigalpa,Honduras,7,5/26/2015 15:02,9977,502,3.0,0.02,24928,50.0,0.49000001,3,150.0,147.0,72.02999878,Central America,Francisco Morazán,PROCESSING,,502,24,,http://images.acmesports.sports/Nike+Men%27s+Dri-FIT+Victory+Golf+Polo,Nike Men's Dri-FIT Victory Golf Polo,50.0,0,5/29/2015 15:02,Standard Class
81076,PAYMENT,6,4,-38.25,169.9900055,Late delivery,1,48,Water Sports,Caguas,Puerto Rico,XXXXXXXXX,Mary,3889,Smith,XXXXXXXXX,Consumer,PR,7136 Sunny Grove Freeway,725.0,7,Fan Shop,18.26630783,-66.37058258,Pacific Asia,Bangkok,Tailandia,3889,1/28/2016 17:40,26905,1073,30.0,0.150000006,67407,199.9900055,-0.230000004,1,199.9900055,169.9900055,-38.25,Southeast Asia,Bangkok,PENDING_PAYMENT,,1073,48,,http://images.acmesports.sports/Pelican+Sunstream+100+Kayak,Pelican Sunstream 100 Kayak,199.9900055,0,2/3/2016 17:40,Standard Class
69250,PAYMENT,6,2,14.30000019,114.3899994,Late delivery,1,18,Men's Footwear,Caguas,Puerto Rico,XXXXXXXXX,Brenda,12195,Moyer,XXXXXXXXX,Corporate,PR,952 Pleasant Bluff Pines,725.0,4,Apparel,18.2187748,-66.37056732,Europe,Redditch,Reino Unido,12195,9/2/2015 3:09,16725,403,15.60000038,0.119999997,41797,129.9900055,0.129999995,1,129.9900055,114.3899994,14.30000019,Northern Europe,Inglaterra,PENDING_PAYMENT,,403,18,,http://images.acmesports.sports/Nike+Men%27s+CJ+Elite+2+TD+Football+Cleat,Nike Men's CJ Elite 2 TD Football Cleat,129.9900055,0,9/8/2015 3:09,Second Class
179442,TRANSFER,2,4,75.93000031,233.6199951,Advance shipping,0,12,Boxing & MMA,Caguas,Puerto Rico,XXXXXXXXX,David,9388,Horn,XXXXXXXXX,Consumer,PR,707 Pleasant Concession,725.0,3,Footwear,18.20146751,-66.37062073,Europe,Guyancourt,Francia,9388,6/16/2015 2:55,11381,249,41.22999954,0.150000006,28461,54.97000122,0.330000013,5,274.8500061,233.6199951,75.93000031,Western Europe,Isla de Francia,PENDING,,249,12,,http://images.acmesports.sports/Under+Armour+Women%27s+Micro+G+Skulpt+Running+Shoe,Under Armour Women's Micro G Skulpt Running S,54.97000122,0,6/18/2015 2:55,Standard Class
84697,TRANSFER,5,2,68.87999725,237.5,Late delivery,1,24,Women's Apparel,Corona,EE. UU.,XXXXXXXXX,Ryan,9755,Smith,XXXXXXXXX,Corporate,NY,8663 Red Creek Via,11368.0,5,Golf,40.74636841,-73.85482025,Europe,Clichy-sous-Bois,Francia,9755,7/11/2015 10:04,13114,502,12.5,0.050000001,32802,50.0,0.289999992,5,250.0,237.5,68.87999725,Western Europe,Isla de Francia,PROCESSING,,502,24,,http://images.acmesports.sports/Nike+Men%27s+Dri-FIT+Victory+Golf+Polo,Nike Men's Dri-FIT Victory Golf Polo,50.0,0,7/16/2015 10:04,Second Class
117424,TRANSFER,1,0,-50.75999832,269.980011,Late delivery,1,43,Camping & Hiking,Toms River,EE. UU.,XXXXXXXXX,Mary,8790,Keller,XXXXXXXXX,Consumer,NJ,1388 Hazy Swale,8753.0,7,Fan Shop,39.95072174,-74.15543366,Pacific Asia,Whyalla,Australia,8790,3/4/2016 16:55,29369,957,30.0,0.100000001,73477,299.980011,-0.189999998,1,299.980011,269.980011,-50.75999832,Oceania,Australia del Sur,PROCESSING,,957,43,,http://images.acmesports.sports/Diamondback+Women%27s+Serene+Classic+Comfort+Bike+2014,Diamondback Women's Serene Classic Comfort Bi,299.980011,0,3/5/2016 4:55,Same Day
19341,PAYMENT,2,1,142.5500031,296.9700012,Late delivery,1,9,Cardio Equipment,Riverside,EE. UU.,XXXXXXXXX,Mary,4326,Ferguson,XXXXXXXXX,Consumer,CA,9666 Gentle Shadow Thicket,92504.0,3,Footwear,33.93642426,-117.4205856,Pacific Asia,Manila,Filipinas,4326,12/10/2015 1:47,23503,191,3.0,0.01,58805,99.98999786,0.479999989,3,299.9700012,296.9700012,142.5500031,Southeast Asia,Capital Nacional,PENDING_PAYMENT,,191,9,,http://images.acmesports.sports/Nike+Men%27s+Free+5.0%2B+Running+Shoe,Nike Men's Free 5.0+ Running Shoe,99.98999786,0,12/12/2015 1:47,First Class
79749,TRANSFER,4,2,-8.550000191,149.9900055,Late delivery,1,48,Water Sports,Kent,EE. UU.,XXXXXXXXX,Mary,11589,Anderson,XXXXXXXXX,Consumer,WA,953 Merry Fawn Harbour,98031.0,7,Fan Shop,47.39371109,-122.2228317,USCA,Philadelphia,Estados Unidos,11589,4/27/2016 6:19,33038,1073,50.0,0.25,82606,199.9900055,-0.059999999,1,199.9900055,149.9900055,-8.550000191,East of USA,Pensilvania,PROCESSING,19140.0,1073,48,,http://images.acmesports.sports/Pelican+Sunstream+100+Kayak,Pelican Sunstream 100 Kayak,199.9900055,0,5/1/2016 6:19,Second Class
115555,TRANSFER,4,4,28.15999985,319.980011,Shipping on time,0,45,Fishing,Florissant,EE. UU.,XXXXXXXXX,Patricia,6049,Smith,XXXXXXXXX,Consumer,MO,7580 Sleepy Boulevard,63033.0,7,Fan Shop,38.80710983,-90.29780579,Europe,Bari,Italia,6049,8/28/2017 2:50,66458,1004,80.0,0.200000003,166134,399.980011,0.090000004,1,399.980011,319.980011,28.15999985,Southern Europe,Apulia,PROCESSING,,1004,45,,http://images.acmesports.sports/Field+%26+Stream+Sportsman+16+Gun+Fire+Safe,Field & Stream Sportsman 16 Gun Fire Safe,399.980011,0,9/1/2017 2:50,Standard Class
52341,DEBIT,2,2,5.090000153,11.31000042,Shipping on time,0,74,Toys,North Bergen,EE. UU.,XXXXXXXXX,Marah,19574,Poole,XXXXXXXXX,Home Office,NJ,7740 Broad Fox Villas,7047.0,7,Fan Shop,40.79859161,-74.00170898,Pacific Asia,Townsville,Australia,19574,1/14/2018 17:11,76021,1361,0.230000004,0.02,179336,11.53999996,0.449999988,1,11.53999996,11.31000042,5.090000153,Oceania,Queensland,ON_HOLD,,1361,74,,http://images.acmesports.sports/Toys ,Toys ,11.53999996,0,1/16/2018 17:11,Second Class
54296,DEBIT,4,4,-7.519999981,197.9900055,Shipping on time,0,48,Water Sports,Mililani,EE. UU.,XXXXXXXXX,Elizabeth,7863,Hodges,XXXXXXXXX,Home Office,HI,4542 Sunny Parade,96789.0,7,Fan Shop,21.4479599,-158.016037,Europe,Murcia,España,7863,6/22/2017 11:31,61893,1073,2.0,0.01,154713,199.9900055,-0.039999999,1,199.9900055,197.9900055,-7.519999981,Southern Europe,Murcia,COMPLETE,,1073,48,,http://images.acmesports.sports/Pelican+Sunstream+100+Kayak,Pelican Sunstream 100 Kayak,199.9900055,0,6/26/2017 11:31,Standard Class
118340,TRANSFER,4,2,38.45000076,122.8399963,Late delivery,1,18,Men's Footwear,Reynoldsburg,EE. UU.,XXXXXXXXX,Mary,5552,Smith,XXXXXXXXX,Consumer,OH,8314 Crystal Rise Townline,43068.0,4,Apparel,39.95420075,-82.8127594,LATAM,General Escobedo,México,5552,4/3/2015 15:38,6348,403,7.150000095,0.059999999,15896,129.9900055,0.310000002,1,129.9900055,122.8399963,38.45000076,Central America,Nuevo León,PROCESSING,,403,18,,http://images.acmesports.sports/Nike+Men%27s+CJ+Elite+2+TD+Football+Cleat,Nike Men's CJ Elite 2 TD Football Cleat,129.9900055,0,4/7/2015 15:38,Second Class
12890,DEBIT,5,4,-23.40999985,107.8899994,Late delivery,1,18,Men's Footwear,Caguas,Puerto Rico,XXXXXXXXX,Mary,7616,Mason,XXXXXXXXX,Consumer,PR,3310 Rocky Boulevard,725.0,4,Apparel,18.20620918,-66.37052155,Europe,Recklinghausen,Alemania,7616,8/16/2017 0:24,65629,403,22.10000038,0.170000002,164018,129.9900055,-0.219999999,1,129.9900055,107.8899994,-23.40999985,Western Europe,Renania del Norte-Westfalia,COMPLETE,,403,18,,http://images.acmesports.sports/Nike+Men%27s+CJ+Elite+2+TD+Football+Cleat,Nike Men's CJ Elite 2 TD Football Cleat,129.9900055,0,8/21/2017 0:24,Standard Class
165387,PAYMENT,2,1,124.7900009,319.980011,Late delivery,1,45,Fishing,Greeley,EE. UU.,XXXXXXXXX,Mary,1998,Smith,XXXXXXXXX,Home Office,CO,149 High Autumn Harbour,80631.0,7,Fan Shop,40.41231918,-104.6923523,LATAM,San Francisco de Macorís,República Dominicana,1998,5/23/2015 14:30,9770,1004,80.0,0.200000003,24389,399.980011,0.389999986,1,399.980011,319.980011,124.7900009,Caribbean,Duarte,PENDING_PAYMENT,,1004,45,,http://images.acmesports.sports/Field+%26+Stream+Sportsman+16+Gun+Fire+Safe,Field & Stream Sportsman 16 Gun Fire Safe,399.980011,0,5/25/2015 14:30,First Class
139523,TRANSFER,3,4,71.90000153,152.9700012,Advance shipping,0,17,Cleats,Caguas,Puerto Rico,XXXXXXXXX,Mary,7557,Hull,XXXXXXXXX,Corporate,PR,7122 Pleasant Port,725.0,4,Apparel,18.25714111,-66.37050629,USCA,Santa Ana,Estados Unidos,7557,6/1/2016 19:04,35472,365,27.0,0.150000006,88612,59.99000168,0.469999999,3,179.9700012,152.9700012,71.90000153,West of USA ,California,PROCESSING,92704.0,365,17,,http://images.acmesports.sports/Perfect+Fitness+Perfect+Rip+Deck,Perfect Fitness Perfect Rip Deck,59.99000168,0,6/4/2016 19:04,Standard Class
86329,TRANSFER,5,4,4.690000057,37.5,Late delivery,1,24,Women's Apparel,Rome,EE. UU.,XXXXXXXXX,Anna,1478,Sanchez,XXXXXXXXX,Corporate,NY,3186 Heather Rise Terrace,13440.0,5,Golf,43.21662521,-75.45603943,Pacific Asia,Kuantan,Malasia,1478,1/4/2016 17:00,25259,502,12.5,0.25,63299,50.0,0.129999995,1,50.0,37.5,4.690000057,Southeast Asia,Pahang,PENDING,,502,24,,http://images.acmesports.sports/Nike+Men%27s+Dri-FIT+Victory+Golf+Polo,Nike Men's Dri-FIT Victory Golf Polo,50.0,0,1/9/2016 17:00,Standard Class
168450,TRANSFER,2,1,6.239999771,103.9899979,Late delivery,1,18,Men's Footwear,Virginia Beach,EE. UU.,XXXXXXXXX,Mary,1289,Dominguez,XXXXXXXXX,Home Office,VA,1795 Fallen Corners,23454.0,4,Apparel,36.84386826,-76.03380585,Europe,Bergamo,Italia,1289,7/20/2015 22:50,13767,403,26.0,0.200000003,34473,129.9900055,0.059999999,1,129.9900055,103.9899979,6.239999771,Southern Europe,Lombardía,PROCESSING,,403,18,,http://images.acmesports.sports/Nike+Men%27s+CJ+Elite+2+TD+Football+Cleat,Nike Men's CJ Elite 2 TD Football Cleat,129.9900055,0,7/22/2015 22:50,First Class
36658,PAYMENT,4,2,145.5200043,296.980011,Late delivery,1,43,Camping & Hiking,Campbell,EE. UU.,XXXXXXXXX,Mary,3492,Smith,XXXXXXXXX,Consumer,CA,9144 Gentle Dale,95008.0,7,Fan Shop,38.51450348,-121.8737412,LATAM,Apodaca,México,3492,3/14/2017 1:09,55013,957,3.0,0.01,137584,299.980011,0.49000001,1,299.980011,296.980011,145.5200043,Central America,Nuevo León,PAYMENT_REVIEW,,957,43,,http://images.acmesports.sports/Diamondback+Women%27s+Serene+Classic+Comfort+Bike+2014,Diamondback Women's Serene Classic Comfort Bi,299.980011,0,3/18/2017 1:09,Second Class
18846,PAYMENT,2,1,-29.37999916,120.8899994,Late delivery,1,18,Men's Footwear,Salem,EE. UU.,XXXXXXXXX,Michael,10553,Shea,XXXXXXXXX,Consumer,OR,8905 Thunder Berry Wood,97303.0,4,Apparel,45.06418228,-123.0758667,Pacific Asia,Bangkok,Tailandia,10553,1/6/2016 7:32,25369,403,9.100000381,0.07,63538,129.9900055,-0.239999995,1,129.9900055,120.8899994,-29.37999916,Southeast Asia,Bangkok,PENDING_PAYMENT,,403,18,,http://images.acmesports.sports/Nike+Men%27s+CJ+Elite+2+TD+Football+Cleat,Nike Men's CJ Elite 2 TD Football Cleat,129.9900055,0,1/8/2016 7:32,First Class
137738,TRANSFER,2,4,167.0299988,347.980011,Shipping canceled,0,45,Fishing,Huntington Park,EE. UU.,XXXXXXXXX,Mary,5175,Sullivan,XXXXXXXXX,Corporate,CA,9672 Green Mountain Pines,90255.0,7,Fan Shop,33.97763825,-118.2206879,LATAM,Arraiján,Panamá,5175,5/10/2017 18:03,58966,1004,52.0,0.129999995,147606,399.980011,0.479999989,1,399.980011,347.980011,167.0299988,Central America,Panamá,CANCELED,,1004,45,,http://images.acmesports.sports/Field+%26+Stream+Sportsman+16+Gun+Fire+Safe,Field & Stream Sportsman 16 Gun Fire Safe,399.980011,0,5/12/2017 18:03,Standard Class
134452,TRANSFER,5,4,50.09999847,299.980011,Late delivery,1,43,Camping & Hiking,Hendersonville,EE. UU.,XXXXXXXXX,Charles,6269,Phelps,XXXXXXXXX,Consumer,TN,62 Velvet Apple Dell,37075.0,7,Fan Shop,36.30838013,-86.62832642,Pacific Asia,Wollongong,Australia,6269,2/6/2016 20:17,27529,957,0.0,0.0,68907,299.980011,0.170000002,1,299.980011,299.980011,50.09999847,Oceania,Nueva Gales del Sur,PROCESSING,,957,43,,http://images.acmesports.sports/Diamondback+Women%27s+Serene+Classic+Comfort+Bike+2014,Diamondback Women's Serene Classic Comfort Bi,299.980011,0,2/11/2016 20:17,Standard Class
179790,DEBIT,5,4,-66.40000153,331.980011,Late delivery,1,45,Fishing,Louisville,EE. UU.,XXXXXXXXX,Patricia,10241,Kidd,XXXXXXXXX,Consumer,KY,8057 Grand Log Village,40214.0,7,Fan Shop,38.12610626,-85.7959137,Pacific Asia,Kathmandu,Nepal,10241,2/25/2016 17:58,28824,1004,68.0,0.170000002,72133,399.980011,-0.200000003,1,399.980011,331.980011,-66.40000153,South Asia,Central,ON_HOLD,,1004,45,,http://images.acmesports.sports/Field+%26+Stream+Sportsman+16+Gun+Fire+Safe,Field & Stream Sportsman 16 Gun Fire Safe,399.980011,0,3/1/2016 17:58,Standard Class
83116,DEBIT,5,4,15.25,245.9799957,Late delivery,1,43,Camping & Hiking,San Diego,EE. UU.,XXXXXXXXX,Jerry,847,Ferguson,XXXXXXXXX,Consumer,CA,1691 Easy Spring Swale,92102.0,7,Fan Shop,37.97107697,-121.7875137,Europe,Reus,España,847,7/12/2015 10:35,13184,957,54.0,0.180000007,32983,299.980011,0.059999999,1,299.980011,245.9799957,15.25,Southern Europe,Cataluña,COMPLETE,,957,43,,http://images.acmesports.sports/Diamondback+Women%27s+Serene+Classic+Comfort+Bike+2014,Diamondback Women's Serene Classic Comfort Bi,299.980011,0,7/17/2015 10:35,Standard Class
27236,DEBIT,2,1,-5.809999943,232.5,Late delivery,1,24,Women's Apparel,Caguas,Puerto Rico,XXXXXXXXX,Mary,1805,Porter,XXXXXXXXX,Corporate,PR,4088 Stony Vista,725.0,5,Golf,18.25730896,-66.37063599,USCA,Long Beach,Estados Unidos,1805,8/16/2016 14:03,40664,502,17.5,0.07,101460,50.0,-0.029999999,5,250.0,232.5,-5.809999943,East of USA,Nueva York,COMPLETE,11561.0,502,24,,http://images.acmesports.sports/Nike+Men%27s+Dri-FIT+Victory+Golf+Polo,Nike Men's Dri-FIT Victory Golf Polo,50.0,0,8/18/2016 14:03,First Class
54321,DEBIT,1,0,50.95999908,181.9900055,Late delivery,1,48,Water Sports,Freeport,EE. UU.,XXXXXXXXX,Henry,4704,James,XXXXXXXXX,Consumer,NY,8344 Misty Gate Acres,11520.0,7,Fan Shop,40.65486527,-73.58707428,Europe,Pontault-Combault,Francia,4704,6/20/2017 19:14,61778,1073,18.0,0.090000004,154430,199.9900055,0.280000001,1,199.9900055,181.9900055,50.95999908,Western Europe,Isla de Francia,COMPLETE,,1073,48,,http://images.acmesports.sports/Pelican+Sunstream+100+Kayak,Pelican Sunstream 100 Kayak,199.9900055,0,6/21/2017 7:14,Same Day
25220,DEBIT,2,1,14.18999958,43.66999817,Late delivery,1,37,Electronics,Mentor,EE. UU.,XXXXXXXXX,Mary,1103,Smith,XXXXXXXXX,Corporate,OH,5808 Silver Rise Circuit,44060.0,6,Outdoors,41.71363831,-81.36167908,USCA,Oshawa,Canada,1103,9/7/2016 6:19,42149,818,4.320000172,0.090000004,105252,47.99000168,0.330000013,1,47.99000168,43.66999817,14.18999958,Canada,Ontario,COMPLETE,,818,37,,http://images.acmesports.sports/Titleist+Pro+V1x+Golf+Balls,Titleist Pro V1x Golf Balls,47.99000168,0,9/9/2016 6:19,First Class
148949,DEBIT,4,4,118.9899979,339.980011,Shipping on time,0,45,Fishing,Caguas,Puerto Rico,XXXXXXXXX,Gary,11423,Blair,XXXXXXXXX,Home Office,PR,6231 Silver Lookout,725.0,7,Fan Shop,18.26155663,-66.37051392,LATAM,La Romana,República Dominicana,11423,2/4/2015 9:45,2358,1004,60.0,0.150000006,5906,399.980011,0.349999994,1,399.980011,339.980011,118.9899979,Caribbean,La Romana,COMPLETE,,1004,45,,http://images.acmesports.sports/Field+%26+Stream+Sportsman+16+Gun+Fire+Safe,Field & Stream Sportsman 16 Gun Fire Safe,399.980011,0,2/8/2015 9:45,Standard Class
99670,DEBIT,2,1,68.37000275,142.4400024,Late delivery,1,46,Indoor/Outdoor Games,San Diego,EE. UU.,XXXXXXXXX,Kathleen,11444,Patrick,XXXXXXXXX,Corporate,CA,7016 Rocky Path,92109.0,7,Fan Shop,32.76118851,-117.2454453,USCA,Seattle,Estados Unidos,11444,7/28/2016 22:40,39387,1014,7.5,0.050000001,98337,49.97999954,0.479999989,3,149.9400024,142.4400024,68.37000275,West of USA ,Washington,COMPLETE,98103.0,1014,46,,http://images.acmesports.sports/O%27Brien+Men%27s+Neoprene+Life+Vest,O'Brien Men's Neoprene Life Vest,49.97999954,0,7/30/2016 22:40,First Class
19492,PAYMENT,2,1,15.0,120.0,Late delivery,1,26,Girls' Apparel,Germantown,EE. UU.,XXXXXXXXX,Shawn,3800,Smith,XXXXXXXXX,Consumer,MD,5985 Silent Leaf Vale,20874.0,5,Golf,39.1836586,-77.26545715,LATAM,Managua,Nicaragua,3800,5/24/2015 1:43,9802,564,0.0,0.0,24476,30.0,0.129999995,4,120.0,120.0,15.0,Central America,Managua,PENDING_PAYMENT,,564,26,,http://images.acmesports.sports/Nike+Men%27s+Deutschland+Weltmeister+Winners+Black+T-Shirt,Nike Men's Deutschland Weltmeister Winners Bl,30.0,0,5/26/2015 1:43,First Class
137811,PAYMENT,3,4,57.79999924,339.980011,Advance shipping,0,45,Fishing,Houston,EE. UU.,XXXXXXXXX,Mary,10822,Chase,XXXXXXXXX,Corporate,TX,6676 Grand Vista,77080.0,7,Fan Shop,29.82674599,-95.51173401,LATAM,Goiânia,Brasil,10822,5/6/2017 7:33,58662,1004,60.0,0.150000006,146830,399.980011,0.170000002,1,399.980011,339.980011,57.79999924,South America,Goiás,PENDING_PAYMENT,,1004,45,,http://images.acmesports.sports/Field+%26+Stream+Sportsman+16+Gun+Fire+Safe,Field & Stream Sportsman 16 Gun Fire Safe,399.980011,0,5/9/2017 7:33,Standard Class
137651,PAYMENT,3,2,0.0,331.980011,Late delivery,1,45,Fishing,Caguas,Puerto Rico,XXXXXXXXX,Albert,5615,Smith,XXXXXXXXX,Corporate,PR,65 Stony Concession,725.0,7,Fan Shop,18.24758339,-66.37055206,LATAM,Monterrey,México,5615,5/15/2017 17:32,59307,1004,68.0,0.170000002,148465,399.980011,0.0,1,399.980011,331.980011,0.0,Central America,Nuevo León,PENDING_PAYMENT,,1004,45,,http://images.acmesports.sports/Field+%26+Stream+Sportsman+16+Gun+Fire+Safe,Field & Stream Sportsman 16 Gun Fire Safe,399.980011,0,5/18/2017 17:32,Second Class
83958,DEBIT,2,4,36.02999878,106.5899963,Advance shipping,0,18,Men's Footwear,Columbus,EE. UU.,XXXXXXXXX,Hannah,7639,Wilson,XXXXXXXXX,Consumer,OH,5012 Crystal Spring Glade,43228.0,4,Apparel,39.93561935,-83.13851166,LATAM,Sonsonate,El Salvador,7639,3/29/2017 22:19,56101,403,23.39999962,0.180000007,140298,129.9900055,0.340000004,1,129.9900055,106.5899963,36.02999878,Central America,Sonsonate,COMPLETE,,403,18,,http://images.acmesports.sports/Nike+Men%27s+CJ+Elite+2+TD+Football+Cleat,Nike Men's CJ Elite 2 TD Football Cleat,129.9900055,0,3/31/2017 22:19,Standard Class
6382,PAYMENT,2,4,21.59000015,71.98000336,Advance shipping,0,29,Shop By Sport,Caguas,Puerto Rico,XXXXXXXXX,Mary,1171,Smith,XXXXXXXXX,Home Office,PR,5509 Golden Sky Towers,725.0,5,Golf,18.23311997,-66.37055206,Africa,Stellenbosch,SudAfrica,1171,10/3/2016 22:24,43976,627,8.0,0.100000001,109841,39.99000168,0.300000012,2,79.98000336,71.98000336,21.59000015,Southern Africa,Cabo Occidental,PENDING_PAYMENT,,627,29,,http://images.acmesports.sports/Under+Armour+Girls%27+Toddler+Spine+Surge+Running+Shoe,Under Armour Girls' Toddler Spine Surge Runni,39.99000168,0,10/5/2016 22:24,Standard Class
84941,TRANSFER,2,4,33.93000031,113.0899963,Shipping canceled,0,18,Men's Footwear,York,EE. UU.,XXXXXXXXX,Mary,5804,Burns,XXXXXXXXX,Corporate,PA,560 Sleepy Gate,17404.0,4,Apparel,39.96332169,-76.74804688,Europe,Edinburgh,Reino Unido,5804,8/18/2015 9:39,15716,403,16.89999962,0.129999995,39300,129.9900055,0.300000012,1,129.9900055,113.0899963,33.93000031,Northern Europe,Escocia,CANCELED,,403,18,,http://images.acmesports.sports/Nike+Men%27s+CJ+Elite+2+TD+Football+Cleat,Nike Men's CJ Elite 2 TD Football Cleat,129.9900055,0,8/20/2015 9:39,Standard Class
132899,TRANSFER,6,4,58.70000076,130.4499969,Late delivery,1,46,Indoor/Outdoor Games,Milford,EE. UU.,XXXXXXXXX,Mary,4765,Sweeney,XXXXXXXXX,Consumer,CT,7570 Iron Fawn Square,6460.0,7,Fan Shop,41.1966362,-73.08577728,Pacific Asia,Palembang,Indonesia,4765,12/23/2015 12:48,24425,1014,19.48999977,0.129999995,61106,49.97999954,0.449999988,3,149.9400024,130.4499969,58.70000076,Southeast Asia,Sumatra Meridional,PENDING,,1014,46,,http://images.acmesports.sports/O%27Brien+Men%27s+Neoprene+Life+Vest,O'Brien Men's Neoprene Life Vest,49.97999954,0,12/29/2015 12:48,Standard Class
178319,PAYMENT,5,4,24.37000084,74.97000122,Late delivery,1,46,Indoor/Outdoor Games,Wichita,EE. UU.,XXXXXXXXX,Carol,2865,Ware,XXXXXXXXX,Consumer,KS,5593 Red Byway,67212.0,7,Fan Shop,37.69120026,-97.42577362,LATAM,Maceió,Brasil,2865,5/10/2015 0:20,8839,1014,24.98999977,0.25,22078,49.97999954,0.330000013,2,99.95999908,74.97000122,24.37000084,South America,Alagoas,PENDING_PAYMENT,,1014,46,,http://images.acmesports.sports/O%27Brien+Men%27s+Neoprene+Life+Vest,O'Brien Men's Neoprene Life Vest,49.97999954,0,5/15/2015 0:20,Standard Class
138322,DEBIT,2,4,87.12000275,395.980011,Advance shipping,0,45,Fishing,Riverside,EE. UU.,XXXXXXXXX,Harold,2335,Howell,XXXXXXXXX,Corporate,CA,6595 Shady Concession,92507.0,7,Fan Shop,33.94644165,-117.3894348,LATAM,Tegucigalpa,Honduras,2335,4/7/2017 4:16,56666,1004,4.0,0.01,141714,399.980011,0.219999999,1,399.980011,395.980011,87.12000275,Central America,Francisco Morazán,COMPLETE,,1004,45,,http://images.acmesports.sports/Field+%26+Stream+Sportsman+16+Gun+Fire+Safe,Field & Stream Sportsman 16 Gun Fire Safe,399.980011,0,4/9/2017 4:16,Standard Class
82988,DEBIT,2,4,17.01000023,269.980011,Advance shipping,0,43,Camping & Hiking,Lombard,EE. UU.,XXXXXXXXX,Linda,9476,Hoffman,XXXXXXXXX,Consumer,IL,8416 Foggy Dale,60148.0,7,Fan Shop,41.84544373,-88.0118866,Europe,Coimbra,Portugal,9476,9/19/2017 15:25,68001,957,30.0,0.100000001,170006,299.980011,0.059999999,1,299.980011,269.980011,17.01000023,Southern Europe,Coimbra,COMPLETE,,957,43,,http://images.acmesports.sports/Diamondback+Women%27s+Serene+Classic+Comfort+Bike+2014,Diamondback Women's Serene Classic Comfort Bi,299.980011,0,9/21/2017 15:25,Standard Class
168219,PAYMENT,3,4,63.75,212.5,Advance shipping,0,24,Women's Apparel,Chicago,EE. UU.,XXXXXXXXX,Mary,11711,Park,XXXXXXXXX,Home Office,IL,1811 Harvest Deer Cove,60619.0,5,Golf,41.89569092,-87.67263794,Europe,Boulogne-Billancourt,Francia,11711,10/2/2015 12:34,18807,502,37.5,0.150000006,47031,50.0,0.300000012,5,250.0,212.5,63.75,Western Europe,Isla de Francia,PENDING_PAYMENT,,502,24,,http://images.acmesports.sports/Nike+Men%27s+Dri-FIT+Victory+Golf+Polo,Nike Men's Dri-FIT Victory Golf Polo,50.0,0,10/5/2015 12:34,Standard Class
104230,PAYMENT,6,2,28.70000076,163.9900055,Late delivery,1,48,Water Sports,Caguas,Puerto Rico,XXXXXXXXX,Virginia,6240,Elliott,XXXXXXXXX,Corporate,PR,5735 Quaking Cider Highway,725.0,7,Fan Shop,18.25461388,-66.37063599,Europe,Chartres,Francia,6240,7/21/2015 10:24,13800,1073,36.0,0.180000007,34566,199.9900055,0.180000007,1,199.9900055,163.9900055,28.70000076,Western Europe,Centro-Valle de Loira,PAYMENT_REVIEW,,1073,48,,http://images.acmesports.sports/Pelican+Sunstream+100+Kayak,Pelican Sunstream 100 Kayak,199.9900055,0,7/27/2015 10:24,Second Class
18498,CASH,4,2,33.20999908,123.0,Late delivery,1,26,Girls' Apparel,La Crosse,EE. UU.,XXXXXXXXX,Mary,2070,Smith,XXXXXXXXX,Corporate,WI,5438 Misty Valley,54601.0,5,Golf,43.8122406,-91.24485779,USCA,Concord,Estados Unidos,2070,6/22/2016 12:54,36893,564,27.0,0.180000007,92069,30.0,0.270000011,5,150.0,123.0,33.20999908,East of USA,Nuevo Hampshire,CLOSED,3301.0,564,26,,http://images.acmesports.sports/Nike+Men%27s+Deutschland+Weltmeister+Winners+Black+T-Shirt,Nike Men's Deutschland Weltmeister Winners Bl,30.0,0,6/26/2016 12:54,Second Class
154312,PAYMENT,6,4,42.29000092,89.98000336,Late delivery,1,13,Electronics,Caguas,Puerto Rico,XXXXXXXXX,Mary,10477,Holder,XXXXXXXXX,Consumer,PR,7649 Noble Wynd,725.0,3,Footwear,18.28735924,-66.37055969,LATAM,Hermosillo,México,10477,2/24/2017 9:56,53805,278,0.0,0.0,134514,44.99000168,0.469999999,2,89.98000336,89.98000336,42.29000092,Central America,Sonora,PENDING_PAYMENT,,278,13,,http://images.acmesports.sports/Under+Armour+Men%27s+Compression+EV+SL+Slide,Under Armour Men's Compression EV SL Slide,44.99000168,0,3/2/2017 9:56,Standard Class
126777,PAYMENT,4,4,105.8300018,377.980011,Shipping on time,0,45,Fishing,Caguas,Puerto Rico,XXXXXXXXX,Sandra,3677,Edwards,XXXXXXXXX,Consumer,PR,7762 Rocky Carrefour,725.0,7,Fan Shop,18.23838806,-66.37052918,Europe,Le Mans,Francia,3677,10/19/2015 6:04,19953,1004,22.0,0.059999999,49875,399.980011,0.280000001,1,399.980011,377.980011,105.8300018,Western Europe,Países del Loira,PENDING_PAYMENT,,1004,45,,http://images.acmesports.sports/Field+%26+Stream+Sportsman+16+Gun+Fire+Safe,Field & Stream Sportsman 16 Gun Fire Safe,399.980011,0,10/23/2015 6:04,Standard Class
24436,CASH,6,4,18.37999916,245.0,Late delivery,1,24,Women's Apparel,New York,EE. UU.,XXXXXXXXX,Jacob,5072,Smith,XXXXXXXXX,Corporate,NY,5078 Bright Park,10009.0,5,Golf,40.72668076,-73.97971344,LATAM,Tegucigalpa,Honduras,5072,3/9/2015 4:59,4605,502,5.0,0.02,11551,50.0,0.079999998,5,250.0,245.0,18.37999916,Central America,Francisco Morazán,CLOSED,,502,24,,http://images.acmesports.sports/Nike+Men%27s+Dri-FIT+Victory+Golf+Polo,Nike Men's Dri-FIT Victory Golf Polo,50.0,0,3/15/2015 4:59,Standard Class
52880,DEBIT,3,2,53.20999908,169.9900055,Late delivery,1,48,Water Sports,Caguas,Puerto Rico,XXXXXXXXX,Mary,1512,Rowe,XXXXXXXXX,Corporate,PR,2924 Velvet Dale Corners,725.0,7,Fan Shop,18.23362732,-66.37055969,Europe,Viena,Austria,1512,9/19/2017 14:01,67997,1073,30.0,0.150000006,169994,199.9900055,0.310000002,1,199.9900055,169.9900055,53.20999908,Western Europe,Viena,COMPLETE,,1073,48,,http://images.acmesports.sports/Pelican+Sunstream+100+Kayak,Pelican Sunstream 100 Kayak,199.9900055,0,9/22/2017 14:01,Second Class
96671,DEBIT,2,1,19.57999992,87.0,Late delivery,1,24,Women's Apparel,San Francisco,EE. UU.,XXXXXXXXX,Jeffrey,11877,Krueger,XXXXXXXXX,Home Office,CA,7778 Silver Turnabout,94122.0,5,Golf,37.75547028,-122.4765244,Africa,Maputo,Mozambique,11877,1/8/2017 15:05,50600,502,13.0,0.129999995,126455,50.0,0.230000004,2,100.0,87.0,19.57999992,East Africa,Cidade De Maputo,COMPLETE,,502,24,,http://images.acmesports.sports/Nike+Men%27s+Dri-FIT+Victory+Golf+Polo,Nike Men's Dri-FIT Victory Golf Polo,50.0,0,1/10/2017 15:05,First Class
151106,DEBIT,3,2,57.11999893,335.980011,Late delivery,1,45,Fishing,Princeton,EE. UU.,XXXXXXXXX,Joseph,11875,Stevens,XXXXXXXXX,Consumer,NJ,8005 Umber Crossing,8540.0,7,Fan Shop,40.3516655,-74.64704132,USCA,Seattle,Estados Unidos,11875,8/9/2016 7:56,40167,1004,64.0,0.159999996,100238,399.980011,0.170000002,1,399.980011,335.980011,57.11999893,West of USA ,Washington,COMPLETE,98105.0,1004,45,,http://images.acmesports.sports/Field+%26+Stream+Sportsman+16+Gun+Fire+Safe,Field & Stream Sportsman 16 Gun Fire Safe,399.980011,0,8/12/2016 7:56,Second Class
28529,PAYMENT,2,1,20.59000015,79.18000031,Late delivery,1,29,Shop By Sport,Mission,EE. UU.,XXXXXXXXX,Sharon,10692,Smith,XXXXXXXXX,Corporate,TX,8187 Velvet End,78572.0,5,Golf,26.20765114,-98.32138062,Europe,Sant Boi de Llobregat,España,10692,8/12/2015 6:31,15296,627,0.800000012,0.01,38254,39.99000168,0.25999999,2,79.98000336,79.18000031,20.59000015,Southern Europe,Cataluña,PENDING_PAYMENT,,627,29,,http://images.acmesports.sports/Under+Armour+Girls%27+Toddler+Spine+Surge+Running+Shoe,Under Armour Girls' Toddler Spine Surge Runni,39.99000168,0,8/14/2015 6:31,First Class
74359,TRANSFER,5,4,58.09999847,165.9900055,Late delivery,1,48,Water Sports,San Marcos,EE. UU.,XXXXXXXXX,Mary,583,Wright,XXXXXXXXX,Consumer,TX,9847 Wishing Ledge,78666.0,7,Fan Shop,29.88676834,-97.93968964,Pacific Asia,Estambul,Turquía,583,10/2/2016 5:24,43859,1073,34.0,0.170000002,109542,199.9900055,0.349999994,1,199.9900055,165.9900055,58.09999847,West Asia,Estambul,PENDING,,1073,48,,http://images.acmesports.sports/Pelican+Sunstream+100+Kayak,Pelican Sunstream 100 Kayak,199.9900055,0,10/7/2016 5:24,Standard Class
99117,PAYMENT,4,4,-5.25,41.97999954,Shipping on time,0,46,Indoor/Outdoor Games,Virginia Beach,EE. UU.,XXXXXXXXX,Sharon,1775,Hernandez,XXXXXXXXX,Consumer,VA,4581 Umber Lake Pathway,23464.0,7,Fan Shop,36.80849838,-76.20897675,Pacific Asia,Kerman,Irán,1775,8/28/2016 0:43,41448,1014,8.0,0.159999996,103451,49.97999954,-0.129999995,1,49.97999954,41.97999954,-5.25,South Asia,Kerman,PENDING_PAYMENT,,1014,46,,http://images.acmesports.sports/O%27Brien+Men%27s+Neoprene+Life+Vest,O'Brien Men's Neoprene Life Vest,49.97999954,0,9/1/2016 0:43,Standard Class
107119,PAYMENT,2,1,-100.0100021,149.9400024,Late delivery,1,46,Indoor/Outdoor Games,Caguas,Puerto Rico,XXXXXXXXX,Samuel,4415,Mitchell,XXXXXXXXX,Home Office,PR,9135 Green Island Moor,725.0,7,Fan Shop,18.20114327,-66.37060547,LATAM,San Andrés Tuxtla,México,4415,3/10/2017 3:15,54745,1014,49.97999954,0.25,136913,49.97999954,-0.670000017,4,199.9199982,149.9400024,-100.0100021,Central America,Veracruz,PENDING_PAYMENT,,1014,46,,http://images.acmesports.sports/O%27Brien+Men%27s+Neoprene+Life+Vest,O'Brien Men's Neoprene Life Vest,49.97999954,0,3/12/2017 3:15,First Class
125148,PAYMENT,2,2,43.72000122,230.1199951,Shipping on time,0,65,Consumer Electronics,San Juan,Puerto Rico,XXXXXXXXX,Ima,14514,Bradley,XXXXXXXXX,Consumer,PR,1655 Sleepy Pine Common,921.0,10,Technology,18.38596916,-66.0940094,Europe,Laon,Francia,14514,11/1/2017 20:26,70961,1352,22.76000023,0.090000004,174276,252.8800049,0.189999998,1,252.8800049,230.1199951,43.72000122,Western Europe,Norte-Paso de Calais-Picardía,PENDING_PAYMENT,,1352,65,,http://images.acmesports.sports/Industrial+consumer+electronics,Industrial consumer electronics,252.8800049,0,11/3/2017 20:26,Second Class
102564,DEBIT,4,4,66.5,189.9900055,Shipping on time,0,48,Water Sports,Hollister,EE. UU.,XXXXXXXXX,Mary,3236,Smith,XXXXXXXXX,Consumer,CA,2867 Heather Carrefour,95023.0,7,Fan Shop,36.82347107,-121.377739,Pacific Asia,Chenzhou,China,3236,11/7/2015 7:16,21258,1073,10.0,0.050000001,53169,199.9900055,0.349999994,1,199.9900055,189.9900055,66.5,Eastern Asia,Hunan,COMPLETE,,1073,48,,http://images.acmesports.sports/Pelican+Sunstream+100+Kayak,Pelican Sunstream 100 Kayak,199.9900055,0,11/11/2015 7:16,Standard Class
66725,DEBIT,5,4,30.20999908,107.8899994,Late delivery,1,18,Men's Footwear,Caguas,Puerto Rico,XXXXXXXXX,George,2860,Smith,XXXXXXXXX,Corporate,PR,8609 Grand Harbour,725.0,4,Apparel,18.25045776,-66.3705368,USCA,Pasadena,Estados Unidos,2860,4/23/2016 4:35,32759,403,22.10000038,0.170000002,81941,129.9900055,0.280000001,1,129.9900055,107.8899994,30.20999908,US Center ,Texas,COMPLETE,77506.0,403,18,,http://images.acmesports.sports/Nike+Men%27s+CJ+Elite+2+TD+Football+Cleat,Nike Men's CJ Elite 2 TD Football Cleat,129.9900055,0,4/28/2016 4:35,Standard Class
7323,DEBIT,5,2,-2.519999981,100.7799988,Late delivery,1,17,Cleats,Caguas,Puerto Rico,XXXXXXXXX,Melissa,1339,Mack,XXXXXXXXX,Consumer,PR,9447 Dusty Gate Centre,725.0,4,Apparel,18.27825165,-66.37059784,USCA,Houston,Estados Unidos,1339,6/30/2016 20:57,37464,365,19.20000076,0.159999996,93506,59.99000168,-0.029999999,2,119.9800034,100.7799988,-2.519999981,US Center ,Texas,COMPLETE,77036.0,365,17,,http://images.acmesports.sports/Perfect+Fitness+Perfect+Rip+Deck,Perfect Fitness Perfect Rip Deck,59.99000168,0,7/5/2016 20:57,Second Class
103557,PAYMENT,2,1,59.15000153,181.9900055,Late delivery,1,48,Water Sports,Huntington Beach,EE. UU.,XXXXXXXXX,Richard,11382,Gordon,XXXXXXXXX,Corporate,CA,7681 Quaking Pines,92647.0,7,Fan Shop,33.70994186,-117.9904709,Europe,Narbonne,Francia,11382,9/2/2015 10:52,16747,1073,18.0,0.090000004,41850,199.9900055,0.330000013,1,199.9900055,181.9900055,59.15000153,Western Europe,Languedoc-Rosellón-Mediodía-Pirineos,PENDING_PAYMENT,,1073,48,,http://images.acmesports.sports/Pelican+Sunstream+100+Kayak,Pelican Sunstream 100 Kayak,199.9900055,0,9/4/2015 10:52,First Class
93921,DEBIT,2,4,-5.559999943,97.48999786,Advance shipping,0,18,Men's Footwear,West Lafayette,EE. UU.,XXXXXXXXX,Carolyn,10462,Smith,XXXXXXXXX,Consumer,IN,1020 Stony Loop,47906.0,4,Apparel,40.41675949,-87.09310913,Pacific Asia,Brisbane,Australia,10462,12/9/2015 19:50,23486,403,32.5,0.25,58761,129.9900055,-0.059999999,1,129.9900055,97.48999786,-5.559999943,Oceania,Queensland,COMPLETE,,403,18,,http://images.acmesports.sports/Nike+Men%27s+CJ+Elite+2+TD+Football+Cleat,Nike Men's CJ Elite 2 TD Football Cleat,129.9900055,0,12/11/2015 19:50,Standard Class
10436,TRANSFER,2,4,174.9799957,499.9500122,Shipping canceled,0,9,Cardio Equipment,Cumberland,EE. UU.,XXXXXXXXX,Thomas,3957,Smith,XXXXXXXXX,Corporate,MD,1110 Merry Trace,21502.0,3,Footwear,39.63815308,-78.82398987,Europe,Dijon,Francia,3957,9/1/2015 2:59,16656,191,0.0,0.0,41615,99.98999786,0.349999994,5,499.9500122,499.9500122,174.9799957,Western Europe,Borgoña-Franco Condado,SUSPECTED_FRAUD,,191,9,,http://images.acmesports.sports/Nike+Men%27s+Free+5.0%2B+Running+Shoe,Nike Men's Free 5.0+ Running Shoe,99.98999786,0,9/3/2015 2:59,Standard Class
132186,TRANSFER,2,1,4.800000191,95.95999908,Late delivery,1,46,Indoor/Outdoor Games,Caguas,Puerto Rico,XXXXXXXXX,Elizabeth,4490,Smith,XXXXXXXXX,Consumer,PR,6317 Golden Bear Dell,725.0,7,Fan Shop,18.20479202,-66.37050629,Pacific Asia,Gladstone,Australia,4490,1/27/2016 17:29,26836,1014,4.0,0.039999999,67245,49.97999954,0.050000001,2,99.95999908,95.95999908,4.800000191,Oceania,Queensland,PENDING,,1014,46,,http://images.acmesports.sports/O%27Brien+Men%27s+Neoprene+Life+Vest,O'Brien Men's Neoprene Life Vest,49.97999954,0,1/29/2016 17:29,First Class
5820,CASH,2,1,9.380000114,106.5899963,Late delivery,1,18,Men's Footwear,Albuquerque,EE. UU.,XXXXXXXXX,Mary,3923,King,XXXXXXXXX,Consumer,NM,4435 Silent Bear Road,87111.0,4,Apparel,35.13623428,-106.5444183,Europe,Milan,Italia,3923,8/9/2015 17:33,15122,403,23.39999962,0.180000007,37828,129.9900055,0.090000004,1,129.9900055,106.5899963,9.380000114,Southern Europe,Lombardía,CLOSED,,403,18,,http://images.acmesports.sports/Nike+Men%27s+CJ+Elite+2+TD+Football+Cleat,Nike Men's CJ Elite 2 TD Football Cleat,129.9900055,0,8/11/2015 17:33,First Class
31221,TRANSFER,3,4,-499.1199951,191.9700012,Advance shipping,0,17,Cleats,Caguas,Puerto Rico,XXXXXXXXX,Zachary,6683,Reyes,XXXXXXXXX,Home Office,PR,409 Middle Grove,725.0,4,Apparel,18.27610397,-66.37054443,USCA,Columbia,Estados Unidos,6683,6/30/2016 23:45,37472,365,47.99000168,0.200000003,93522,59.99000168,-2.599999905,4,239.9600067,191.9700012,-499.1199951,South of  USA ,Carolina del Sur,PENDING,29203.0,365,17,,http://images.acmesports.sports/Perfect+Fitness+Perfect+Rip+Deck,Perfect Fitness Perfect Rip Deck,59.99000168,0,7/3/2016 23:45,Standard Class
111238,DEBIT,2,1,3.369999886,90.95999908,Late delivery,1,46,Indoor/Outdoor Games,Lake Forest,EE. UU.,XXXXXXXXX,Robert,1317,Smith,XXXXXXXXX,Consumer,CA,8398 Cinder Brook Cape,92630.0,7,Fan Shop,38.55272675,-121.3966217,Europe,Gómel,Bielorrusia,1317,1/7/2017 13:09,50526,1014,9.0,0.090000004,126251,49.97999954,0.039999999,2,99.95999908,90.95999908,3.369999886,Eastern Europe,Gómel,COMPLETE,,1014,46,,http://images.acmesports.sports/O%27Brien+Men%27s+Neoprene+Life+Vest,O'Brien Men's Neoprene Life Vest,49.97999954,0,1/9/2017 13:09,First Class
48681,DEBIT,5,2,10.68999958,22.75,Late delivery,1,26,Girls' Apparel,Salina,EE. UU.,XXXXXXXXX,Mary,3411,Lester,XXXXXXXXX,Corporate,KS,7773 Burning Village,67401.0,5,Golf,38.83726883,-97.6128006,LATAM,Puerto Padre,Cuba,3411,5/3/2015 1:55,8364,567,2.25,0.090000004,20895,25.0,0.469999999,1,25.0,22.75,10.68999958,Caribbean,Las Tunas,COMPLETE,,567,26,,http://images.acmesports.sports/adidas+Men%27s+Germany+Black+Crest+Away+Tee,adidas Men's Germany Black Crest Away Tee,25.0,0,5/8/2015 1:55,Second Class
160397,TRANSFER,2,4,7.210000038,240.2400055,Advance shipping,0,65,Consumer Electronics,Caguas,Puerto Rico,XXXXXXXXX,Veronica,18204,Lowery,XXXXXXXXX,Consumer,PR,9391 Old Branch Court,725.0,10,Technology,18.28260613,-66.03705597,Pacific Asia,Gold Coast,Australia,18204,12/25/2017 17:13,74651,1352,12.64000034,0.050000001,177966,252.8800049,0.029999999,1,252.8800049,240.2400055,7.210000038,Oceania,Queensland,PROCESSING,,1352,65,,http://images.acmesports.sports/Industrial+consumer+electronics,Industrial consumer electronics,252.8800049,0,12/27/2017 17:13,Standard Class
52392,DEBIT,6,4,1.409999967,8.659999847,Late delivery,1,74,Toys,Caguas,Puerto Rico,XXXXXXXXX,Constance,19523,Schneider,XXXXXXXXX,Consumer,PR,1564 Grand Bear Green,725.0,7,Fan Shop,18.20144081,-66.0370636,Pacific Asia,Brisbane,Australia,19523,1/13/2018 23:19,75970,1361,2.890000105,0.25,179285,11.53999996,0.159999996,1,11.53999996,8.659999847,1.409999967,Oceania,Queensland,ON_HOLD,,1361,74,,http://images.acmesports.sports/Toys ,Toys ,11.53999996,0,1/19/2018 23:19,Standard Class
27520,DEBIT,5,4,2.880000114,287.9500122,Late delivery,1,17,Cleats,Parkville,EE. UU.,XXXXXXXXX,Mary,9496,Taylor,XXXXXXXXX,Corporate,MD,7342 Golden Cider Concession,21234.0,4,Apparel,39.37016296,-76.54606628,Europe,Porto,Portugal,9496,8/8/2015 0:13,15004,365,12.0,0.039999999,37579,59.99000168,0.01,5,299.9500122,287.9500122,2.880000114,Southern Europe,Porto,COMPLETE,,365,17,,http://images.acmesports.sports/Perfect+Fitness+Perfect+Rip+Deck,Perfect Fitness Perfect Rip Deck,59.99000168,0,8/13/2015 0:13,Standard Class
173745,CASH,5,4,58.02999878,120.8899994,Late delivery,1,18,Men's Footwear,Caguas,Puerto Rico,XXXXXXXXX,Willie,3870,Smith,XXXXXXXXX,Consumer,PR,4948 Middle Orchard,725.0,4,Apparel,18.22532845,-66.37052155,LATAM,Chinandega,Nicaragua,3870,2/26/2015 11:07,3869,403,9.100000381,0.07,9628,129.9900055,0.479999989,1,129.9900055,120.8899994,58.02999878,Central America,Chinandega,CLOSED,,403,18,,http://images.acmesports.sports/Nike+Men%27s+CJ+Elite+2+TD+Football+Cleat,Nike Men's CJ Elite 2 TD Football Cleat,129.9900055,0,3/3/2015 11:07,Standard Class
145769,TRANSFER,2,4,118.7900009,395.980011,Advance shipping,0,45,Fishing,Caguas,Puerto Rico,XXXXXXXXX,Roger,6633,Gonzales,XXXXXXXXX,Consumer,PR,79 Round Gate Vale,725.0,7,Fan Shop,18.27119255,-66.37062073,Africa,Luanda,Angola,6633,12/29/2016 8:26,49896,1004,4.0,0.01,124766,399.980011,0.300000012,1,399.980011,395.980011,118.7900009,Central Africa,Luanda,PENDING,,1004,45,,http://images.acmesports.sports/Field+%26+Stream+Sportsman+16+Gun+Fire+Safe,Field & Stream Sportsman 16 Gun Fire Safe,399.980011,0,12/31/2016 8:26,Standard Class
109402,PAYMENT,4,4,128.3200073,409.9599915,Shipping on time,0,9,Cardio Equipment,Chicago,EE. UU.,XXXXXXXXX,Amber,7571,Booth,XXXXXXXXX,Consumer,IL,7475 Noble Fawn Parkway,60626.0,3,Footwear,42.0063591,-87.66739655,Pacific Asia,Seúl,Corea del Sur,7571,12/30/2015 12:16,24903,191,89.98999786,0.180000007,62399,99.98999786,0.310000002,5,499.9500122,409.9599915,128.3200073,Eastern Asia,Seúl,PENDING_PAYMENT,,191,9,,http://images.acmesports.sports/Nike+Men%27s+Free+5.0%2B+Running+Shoe,Nike Men's Free 5.0+ Running Shoe,99.98999786,0,1/3/2016 12:16,Standard Class
49873,DEBIT,3,2,111.1299973,284.9500122,Late delivery,1,17,Cleats,Brandon,EE. UU.,XXXXXXXXX,Aaron,8886,Deleon,XXXXXXXXX,Corporate,FL,586 Silver Branch Ledge,33511.0,4,Apparel,27.92330551,-82.30249023,Africa,Yaounde,Camerún,8886,8/25/2016 18:04,41292,365,15.0,0.050000001,103076,59.99000168,0.389999986,5,299.9500122,284.9500122,111.1299973,Central Africa,Centro,COMPLETE,,365,17,,http://images.acmesports.sports/Perfect+Fitness+Perfect+Rip+Deck,Perfect Fitness Perfect Rip Deck,59.99000168,0,8/28/2016 18:04,Second Class
171059,TRANSFER,3,4,30.51000023,269.980011,Advance shipping,0,43,Camping & Hiking,New York,EE. UU.,XXXXXXXXX,Mary,1645,Rivera,XXXXXXXXX,Home Office,NY,4061 Rocky Circle,10009.0,7,Fan Shop,40.72668076,-73.97971344,USCA,Miami,Estados Unidos,1645,5/4/2016 23:39,33567,957,30.0,0.100000001,83791,299.980011,0.109999999,1,299.980011,269.980011,30.51000023,South of  USA ,Florida,PENDING,33180.0,957,43,,http://images.acmesports.sports/Diamondback+Women%27s+Serene+Classic+Comfort+Bike+2014,Diamondback Women's Serene Classic Comfort Bi,299.980011,0,5/7/2016 23:39,Standard Class
96531,DEBIT,2,1,-39.0,97.48999786,Late delivery,1,18,Men's Footwear,York,EE. UU.,XXXXXXXXX,John,3950,Duffy,XXXXXXXXX,Home Office,PA,1056 Cotton Run,17402.0,4,Apparel,39.95331574,-76.64919281,Pacific Asia,Perth,Australia,3950,1/14/2016 0:52,25898,403,32.5,0.25,64822,129.9900055,-0.400000006,1,129.9900055,97.48999786,-39.0,Oceania,Australia Occidental,COMPLETE,,403,18,,http://images.acmesports.sports/Nike+Men%27s+CJ+Elite+2+TD+Football+Cleat,Nike Men's CJ Elite 2 TD Football Cleat,129.9900055,0,1/16/2016 0:52,First Class
24277,CASH,3,4,-7.920000076,395.9599915,Advance shipping,0,9,Cardio Equipment,Los Angeles,EE. UU.,XXXXXXXXX,Mary,2831,Padilla,XXXXXXXXX,Corporate,CA,3810 Crystal Plaza,90063.0,3,Footwear,34.04621506,-118.1860352,Pacific Asia,Geraldton,Australia,2831,1/24/2016 0:30,26582,191,4.0,0.01,66558,99.98999786,-0.02,4,399.9599915,395.9599915,-7.920000076,Oceania,Australia Occidental,CLOSED,,191,9,,http://images.acmesports.sports/Nike+Men%27s+Free+5.0%2B+Running+Shoe,Nike Men's Free 5.0+ Running Shoe,99.98999786,0,1/27/2016 0:30,Standard Class
84625,TRANSFER,4,2,79.26999664,218.3600006,Late delivery,1,17,Cleats,Hialeah,EE. UU.,XXXXXXXXX,Mary,161,Smith,XXXXXXXXX,Corporate,FL,6889 Pleasant Mount,33010.0,4,Apparel,25.81123352,-80.26307678,Pacific Asia,Jizzakh,Uzbekistán,161,1/17/2017 20:51,51233,365,21.60000038,0.090000004,128029,59.99000168,0.360000014,4,239.9600067,218.3600006,79.26999664,Central Asia,Jizzakh,PROCESSING,,365,17,,http://images.acmesports.sports/Perfect+Fitness+Perfect+Rip+Deck,Perfect Fitness Perfect Rip Deck,59.99000168,0,1/21/2017 20:51,Second Class
127363,PAYMENT,5,4,15.86999989,251.9799957,Late delivery,1,43,Camping & Hiking,Caguas,Puerto Rico,XXXXXXXXX,Mary,3661,Jones,XXXXXXXXX,Consumer,PR,5961 Hidden Village,725.0,7,Fan Shop,18.24661064,-66.37063599,LATAM,Colón,Panamá,3661,2/20/2017 2:14,53509,957,48.0,0.159999996,133716,299.980011,0.059999999,1,299.980011,251.9799957,15.86999989,Central America,Colón,PENDING_PAYMENT,,957,43,,http://images.acmesports.sports/Diamondback+Women%27s+Serene+Classic+Comfort+Bike+2014,Diamondback Women's Serene Classic Comfort Bi,299.980011,0,2/25/2017 2:14,Standard Class
73581,PAYMENT,2,1,-4.400000095,175.9900055,Late delivery,1,48,Water Sports,Fayetteville,EE. UU.,XXXXXXXXX,Mary,1911,Smith,XXXXXXXXX,Corporate,NC,4601 Dewy Creek Concession,28314.0,7,Fan Shop,35.06275177,-79.00574493,Pacific Asia,Gaziantep,Turquía,1911,11/21/2016 9:11,47295,1073,24.0,0.119999997,118239,199.9900055,-0.029999999,1,199.9900055,175.9900055,-4.400000095,West Asia,Gaziantep,PENDING_PAYMENT,,1073,48,,http://images.acmesports.sports/Pelican+Sunstream+100+Kayak,Pelican Sunstream 100 Kayak,199.9900055,0,11/23/2016 9:11,First Class
70154,PAYMENT,6,4,124.1800003,269.9599915,Late delivery,1,17,Cleats,Fort Worth,EE. UU.,XXXXXXXXX,Robert,1782,Smith,XXXXXXXXX,Corporate,TX,2966 Old Pathway,76106.0,4,Apparel,32.8013916,-97.3302536,Pacific Asia,Naihati,India,1782,3/16/2016 20:03,30200,365,30.0,0.100000001,75468,59.99000168,0.460000008,5,299.9500122,269.9599915,124.1800003,South Asia,Bengala Occidental,PENDING_PAYMENT,,365,17,,http://images.acmesports.sports/Perfect+Fitness+Perfect+Rip+Deck,Perfect Fitness Perfect Rip Deck,59.99000168,0,3/22/2016 20:03,Standard Class
60141,DEBIT,2,4,34.3199997,114.3899994,Advance shipping,0,18,Men's Footwear,Fremont,EE. UU.,XXXXXXXXX,Mary,5790,Young,XXXXXXXXX,Corporate,CA,4174 Dewy Pioneer Court,94536.0,4,Apparel,37.55712128,-121.9916382,LATAM,Santiago de Cuba,Cuba,5790,2/16/2015 4:50,3166,403,15.60000038,0.119999997,7875,129.9900055,0.300000012,1,129.9900055,114.3899994,34.3199997,Caribbean,Santiago de Cuba,COMPLETE,,403,18,,http://images.acmesports.sports/Nike+Men%27s+CJ+Elite+2+TD+Football+Cleat,Nike Men's CJ Elite 2 TD Football Cleat,129.9900055,0,2/18/2015 4:50,Standard Class
169317,TRANSFER,3,2,57.40000153,124.7900009,Late delivery,1,18,Men's Footwear,Roseville,EE. UU.,XXXXXXXXX,Mary,7575,Romero,XXXXXXXXX,Home Office,MI,6072 Heather Landing,48066.0,4,Apparel,42.4993248,-82.93652344,LATAM,Cumaná,Venezuela,7575,1/31/2015 10:49,2087,403,5.199999809,0.039999999,5220,129.9900055,0.460000008,1,129.9900055,124.7900009,57.40000153,South America,Sucre,PENDING,,403,18,,http://images.acmesports.sports/Nike+Men%27s+CJ+Elite+2+TD+Football+Cleat,Nike Men's CJ Elite 2 TD Football Cleat,129.9900055,0,2/3/2015 10:49,Second Class
145054,PAYMENT,6,4,22.87000084,87.95999908,Late delivery,1,46,Indoor/Outdoor Games,Greenville,EE. UU.,XXXXXXXXX,Mary,6393,Smith,XXXXXXXXX,Consumer,NC,1109 Rustic Ridge,27834.0,7,Fan Shop,35.80388641,-77.47067261,Europe,Bremen,Alemania,6393,6/23/2015 23:45,11920,1014,12.0,0.119999997,29787,49.97999954,0.25999999,2,99.95999908,87.95999908,22.87000084,Western Europe,Bremen,PENDING_PAYMENT,,1014,46,,http://images.acmesports.sports/O%27Brien+Men%27s+Neoprene+Life+Vest,O'Brien Men's Neoprene Life Vest,49.97999954,0,6/29/2015 23:45,Standard Class
69725,PAYMENT,6,4,32.88000107,184.6999969,Late delivery,1,12,Boxing & MMA,Cupertino,EE. UU.,XXXXXXXXX,Randy,5999,Smith,XXXXXXXXX,Corporate,CA,9174 Umber Robin Knoll,95014.0,3,Footwear,38.41194153,-121.358139,Pacific Asia,Kasugai,Japón,5999,11/20/2015 2:31,22135,249,35.18000031,0.159999996,55404,54.97000122,0.180000007,4,219.8800049,184.6999969,32.88000107,Eastern Asia,Aichi,PENDING_PAYMENT,,249,12,,http://images.acmesports.sports/Under+Armour+Women%27s+Micro+G+Skulpt+Running+Shoe,Under Armour Women's Micro G Skulpt Running S,54.97000122,0,11/26/2015 2:31,Standard Class
5090,TRANSFER,4,4,22.37000084,198.0,Shipping on time,0,24,Women's Apparel,Fort Worth,EE. UU.,XXXXXXXXX,Jordan,3711,Palmer,XXXXXXXXX,Consumer,TX,3640 Easy Shadow Expressway,76116.0,5,Golf,32.73230743,-97.47290802,Pacific Asia,Semarang,Indonesia,3711,12/7/2015 3:43,23303,502,2.0,0.01,58345,50.0,0.109999999,4,200.0,198.0,22.37000084,Southeast Asia,Java Central,PROCESSING,,502,24,,http://images.acmesports.sports/Nike+Men%27s+Dri-FIT+Victory+Golf+Polo,Nike Men's Dri-FIT Victory Golf Polo,50.0,0,12/11/2015 3:43,Standard Class
147387,DEBIT,3,2,41.40000153,299.9899902,Late delivery,1,45,Fishing,Saint Paul,EE. UU.,XXXXXXXXX,Mary,1930,Hooper,XXXXXXXXX,Consumer,MN,8189 Clear Isle,55104.0,7,Fan Shop,44.96070862,-93.16983795,Africa,Kano,Nigeria,1930,9/27/2016 2:05,43507,1004,100.0,0.25,108672,399.980011,0.140000001,1,399.980011,299.9899902,41.40000153,West Africa,Kano,COMPLETE,,1004,45,,http://images.acmesports.sports/Field+%26+Stream+Sportsman+16+Gun+Fire+Safe,Field & Stream Sportsman 16 Gun Fire Safe,399.980011,0,9/30/2016 2:05,Second Class
75219,DEBIT,3,4,63.88000107,175.9900055,Advance shipping,0,48,Water Sports,La Crosse,EE. UU.,XXXXXXXXX,Denise,2685,Smith,XXXXXXXXX,Consumer,WI,125 Easy Lake Close,54601.0,7,Fan Shop,43.8122406,-91.24485779,USCA,Chicago,Estados Unidos,2685,8/8/2016 7:24,40097,1073,24.0,0.119999997,100060,199.9900055,0.360000014,1,199.9900055,175.9900055,63.88000107,US Center ,Illinois,COMPLETE,60623.0,1073,48,,http://images.acmesports.sports/Pelican+Sunstream+100+Kayak,Pelican Sunstream 100 Kayak,199.9900055,0,8/11/2016 7:24,Standard Class
143943,TRANSFER,2,4,27.29000092,83.97000122,Advance shipping,0,46,Indoor/Outdoor Games,Caguas,Puerto Rico,XXXXXXXXX,Mary,9945,Cameron,XXXXXXXXX,Home Office,PR,9673 Cotton Bluff Bank,725.0,7,Fan Shop,18.22630692,-66.37062073,Europe,Reggio nell'Emilia,Italia,9945,8/22/2015 17:00,16011,1014,15.98999977,0.159999996,40005,49.97999954,0.330000013,2,99.95999908,83.97000122,27.29000092,Southern Europe,Emilia-Romaña,PENDING,,1014,46,,http://images.acmesports.sports/O%27Brien+Men%27s+Neoprene+Life+Vest,O'Brien Men's Neoprene Life Vest,49.97999954,0,8/24/2015 17:00,Standard Class
150513,PAYMENT,2,1,12.93000031,114.3899994,Late delivery,1,18,Men's Footwear,Caguas,Puerto Rico,XXXXXXXXX,Daniel,11950,Harris,XXXXXXXXX,Home Office,PR,3151 Rustic River Line,725.0,4,Apparel,18.24241066,-66.37062836,Europe,Birmingham,Reino Unido,11950,7/15/2015 10:24,13389,403,15.60000038,0.119999997,33536,129.9900055,0.109999999,1,129.9900055,114.3899994,12.93000031,Northern Europe,Inglaterra,PENDING_PAYMENT,,403,18,,http://images.acmesports.sports/Nike+Men%27s+CJ+Elite+2+TD+Football+Cleat,Nike Men's CJ Elite 2 TD Football Cleat,129.9900055,0,7/17/2015 10:24,First Class
158564,TRANSFER,4,2,20.69000053,235.1600037,Late delivery,1,17,Cleats,Caguas,Puerto Rico,XXXXXXXXX,Mary,5703,Chang,XXXXXXXXX,Consumer,PR,2757 Tawny View Swale,725.0,4,Apparel,18.21461105,-66.37059784,LATAM,La Ceiba,Honduras,5703,4/8/2015 4:14,6658,365,4.800000191,0.02,16627,59.99000168,0.090000004,4,239.9600067,235.1600037,20.69000053,Central America,Atlántida,PENDING,,365,17,,http://images.acmesports.sports/Perfect+Fitness+Perfect+Rip+Deck,Perfect Fitness Perfect Rip Deck,59.99000168,0,4/12/2015 4:14,Second Class
42916,DEBIT,2,1,7.28000021,97.0,Late delivery,1,24,Women's Apparel,Chino Hills,EE. UU.,XXXXXXXXX,John,9172,Smith,XXXXXXXXX,Consumer,CA,1120 Clear Crossing,91709.0,5,Golf,34.0086174,-117.7501831,LATAM,Arapiraca,Brasil,9172,2/20/2015 16:44,3474,502,3.0,0.029999999,8631,50.0,0.079999998,2,100.0,97.0,7.28000021,South America,Alagoas,ON_HOLD,,502,24,,http://images.acmesports.sports/Nike+Men%27s+Dri-FIT+Victory+Golf+Polo,Nike Men's Dri-FIT Victory Golf Polo,50.0,0,2/22/2015 16:44,First Class
162929,DEBIT,4,4,136.7599945,290.980011,Shipping on time,0,43,Camping & Hiking,Highland Park,EE. UU.,XXXXXXXXX,Tiffany,8069,Mcdaniel,XXXXXXXXX,Home Office,MI,6496 Harvest Highlands,48203.0,7,Fan Shop,42.65964508,-83.4163971,LATAM,Surubim,Brasil,8069,6/14/2017 5:34,61328,957,9.0,0.029999999,153429,299.980011,0.469999999,1,299.980011,290.980011,136.7599945,South America,Pernambuco,COMPLETE,,957,43,,http://images.acmesports.sports/Diamondback+Women%27s+Serene+Classic+Comfort+Bike+2014,Diamondback Women's Serene Classic Comfort Bi,299.980011,0,6/18/2017 5:34,Standard Class
154289,PAYMENT,3,4,12.52000046,40.0,Advance shipping,0,26,Girls' Apparel,Caguas,Puerto Rico,XXXXXXXXX,Joshua,8468,Conner,XXXXXXXXX,Consumer,PR,4480 Hidden Rabbit Link,725.0,5,Golf,18.21442604,-66.37063599,Europe,Sevastopol,Ucrania,8468,9/26/2016 10:19,43462,567,10.0,0.200000003,108552,25.0,0.310000002,2,50.0,40.0,12.52000046,Eastern Europe,Sevastopol,PENDING_PAYMENT,,567,26,,http://images.acmesports.sports/adidas+Men%27s+Germany+Black+Crest+Away+Tee,adidas Men's Germany Black Crest Away Tee,25.0,0,9/29/2016 10:19,Standard Class
141399,DEBIT,2,1,29.25,89.98999786,Late delivery,1,17,Cleats,Caguas,Puerto Rico,XXXXXXXXX,Robert,931,Smith,XXXXXXXXX,Home Office,PR,2211 Lazy Wharf,725.0,4,Apparel,18.24757958,-66.02531433,Africa,Ilorin,Nigeria,931,11/11/2016 1:30,46588,365,30.0,0.25,116436,59.99000168,0.330000013,2,119.9800034,89.98999786,29.25,West Africa,Kwara,COMPLETE,,365,17,,http://images.acmesports.sports/Perfect+Fitness+Perfect+Rip+Deck,Perfect Fitness Perfect Rip Deck,59.99000168,0,11/13/2016 1:30,First Class
138512,DEBIT,3,2,167.0299988,347.980011,Late delivery,1,45,Fishing,Fort Lauderdale,EE. UU.,XXXXXXXXX,Mary,2684,Walter,XXXXXXXXX,Consumer,FL,2099 Honey Anchor Terrace,33313.0,7,Fan Shop,26.15128136,-80.21017456,LATAM,Orizaba,México,2684,3/27/2017 14:37,55942,1004,52.0,0.129999995,139874,399.980011,0.479999989,1,399.980011,347.980011,167.0299988,Central America,Veracruz,COMPLETE,,1004,45,,http://images.acmesports.sports/Field+%26+Stream+Sportsman+16+Gun+Fire+Safe,Field & Stream Sportsman 16 Gun Fire Safe,399.980011,0,3/30/2017 14:37,Second Class
144729,DEBIT,2,4,58.47999954,149.9400024,Advance shipping,0,46,Indoor/Outdoor Games,Gilroy,EE. UU.,XXXXXXXXX,Mary,3195,Smith,XXXXXXXXX,Corporate,CA,2724 Harvest Point,95020.0,7,Fan Shop,37.00850678,-121.5172653,Europe,Livingston,Reino Unido,3195,7/10/2015 13:44,13056,1014,0.0,0.0,32661,49.97999954,0.389999986,3,149.9400024,149.9400024,58.47999954,Northern Europe,Escocia,COMPLETE,,1014,46,,http://images.acmesports.sports/O%27Brien+Men%27s+Neoprene+Life+Vest,O'Brien Men's Neoprene Life Vest,49.97999954,0,7/12/2015 13:44,Standard Class
102086,TRANSFER,5,2,21.0,167.9900055,Late delivery,1,48,Water Sports,Caguas,Puerto Rico,XXXXXXXXX,Katherine,7200,Smith,XXXXXXXXX,Consumer,PR,3899 Blue Nook,725.0,7,Fan Shop,18.22846603,-66.37055969,Pacific Asia,Huaibei,China,7200,12/6/2015 19:19,23279,1073,32.0,0.159999996,58290,199.9900055,0.129999995,1,199.9900055,167.9900055,21.0,Eastern Asia,Anhui,PROCESSING,,1073,48,,http://images.acmesports.sports/Pelican+Sunstream+100+Kayak,Pelican Sunstream 100 Kayak,199.9900055,0,12/11/2015 19:19,Second Class
144055,PAYMENT,3,2,25.5,94.45999908,Late delivery,1,46,Indoor/Outdoor Games,Norfolk,EE. UU.,XXXXXXXXX,Jennifer,7922,Smith,XXXXXXXXX,Home Office,VA,2830 Bright Wood,23503.0,7,Fan Shop,36.94200516,-76.24208069,Europe,Torre del Greco,Italia,7922,8/15/2015 18:57,15537,1014,5.5,0.059999999,38832,49.97999954,0.270000011,2,99.95999908,94.45999908,25.5,Southern Europe,Campania,PENDING_PAYMENT,,1014,46,,http://images.acmesports.sports/O%27Brien+Men%27s+Neoprene+Life+Vest,O'Brien Men's Neoprene Life Vest,49.97999954,0,8/18/2015 18:57,Second Class
169392,TRANSFER,2,2,22.68000031,47.25,Shipping on time,0,24,Women's Apparel,Jackson,EE. UU.,XXXXXXXXX,Mary,3617,Smith,XXXXXXXXX,Home Office,MI,8668 Emerald Elk Mount,49201.0,5,Golf,42.24430847,-84.27008057,LATAM,Mexico City,México,3617,2/5/2015 14:50,2441,502,2.75,0.059999999,6098,50.0,0.479999989,1,50.0,47.25,22.68000031,Central America,Distrito Federal,PROCESSING,,502,24,,http://images.acmesports.sports/Nike+Men%27s+Dri-FIT+Victory+Golf+Polo,Nike Men's Dri-FIT Victory Golf Polo,50.0,0,2/7/2015 14:50,Second Class
71824,TRANSFER,2,2,107.0599976,248.9799957,Shipping on time,0,43,Camping & Hiking,New Brunswick,EE. UU.,XXXXXXXXX,Kevin,9322,Smith,XXXXXXXXX,Corporate,NJ,8094 Broad Dale,8901.0,7,Fan Shop,40.49235535,-74.44373322,Europe,Amberes,Bélgica,9322,6/9/2015 22:01,10956,957,51.0,0.170000002,27437,299.980011,0.430000007,1,299.980011,248.9799957,107.0599976,Western Europe,Amberes,PENDING,,957,43,,http://images.acmesports.sports/Diamondback+Women%27s+Serene+Classic+Comfort+Bike+2014,Diamondback Women's Serene Classic Comfort Bi,299.980011,0,6/11/2015 22:01,Second Class
56191,PAYMENT,5,4,91.13999939,185.9900055,Late delivery,1,48,Water Sports,Caguas,Puerto Rico,XXXXXXXXX,Debra,10977,Potter,XXXXXXXXX,Consumer,PR,3775 Emerald Meadow,725.0,7,Fan Shop,18.2852459,-66.37059021,LATAM,San Luis Potosí,México,10977,2/21/2017 9:46,53599,1073,14.0,0.07,133967,199.9900055,0.49000001,1,199.9900055,185.9900055,91.13999939,Central America,San Luis Potosí,PENDING_PAYMENT,,1073,48,,http://images.acmesports.sports/Pelican+Sunstream+100+Kayak,Pelican Sunstream 100 Kayak,199.9900055,0,2/26/2017 9:46,Standard Class
152231,TRANSFER,2,1,38.40000153,383.980011,Late delivery,1,45,Fishing,Forest Hills,EE. UU.,XXXXXXXXX,Jane,3312,Smith,XXXXXXXXX,Consumer,NY,6132 Jagged Mountain Downs,11375.0,7,Fan Shop,42.08637619,-76.85916138,USCA,Hampton,Estados Unidos,3312,6/6/2016 17:50,35811,1004,16.0,0.039999999,89430,399.980011,0.100000001,1,399.980011,383.980011,38.40000153,South of  USA ,Virginia,PROCESSING,23666.0,1004,45,,http://images.acmesports.sports/Field+%26+Stream+Sportsman+16+Gun+Fire+Safe,Field & Stream Sportsman 16 Gun Fire Safe,399.980011,0,6/8/2016 17:50,First Class
130766,TRANSFER,0,0,113.8799973,232.4100037,Shipping on time,0,46,Indoor/Outdoor Games,Albuquerque,EE. UU.,XXXXXXXXX,Steven,6873,Smith,XXXXXXXXX,Corporate,NM,518 Velvet Loop,87112.0,7,Fan Shop,35.08756256,-106.6438065,USCA,Plainfield,Estados Unidos,6873,4/11/2016 6:00,31941,1014,17.48999977,0.07,79840,49.97999954,0.49000001,5,249.8999939,232.4100037,113.8799973,East of USA,Nueva Jersey,PENDING,7060.0,1014,46,,http://images.acmesports.sports/O%27Brien+Men%27s+Neoprene+Life+Vest,O'Brien Men's Neoprene Life Vest,49.97999954,0,4/11/2016 18:00,Same Day
68639,PAYMENT,2,1,138.2299957,287.980011,Late delivery,1,43,Camping & Hiking,Caguas,Puerto Rico,XXXXXXXXX,Beverly,9839,Doyle,XXXXXXXXX,Corporate,PR,8707 Harvest Knoll,725.0,7,Fan Shop,18.27335358,-66.37052155,LATAM,Matagalpa,Nicaragua,9839,1/28/2015 17:18,1900,957,12.0,0.039999999,4744,299.980011,0.479999989,1,299.980011,287.980011,138.2299957,Central America,Matagalpa,PENDING_PAYMENT,,957,43,,http://images.acmesports.sports/Diamondback+Women%27s+Serene+Classic+Comfort+Bike+2014,Diamondback Women's Serene Classic Comfort Bi,299.980011,0,1/30/2015 17:18,First Class
82284,DEBIT,4,4,98.37999725,339.25,Shipping on time,0,63,Children's Clothing,Raleigh,EE. UU.,XXXXXXXXX,Amanda,13676,Pratt,XXXXXXXXX,Consumer,NC,2538 Quaking Hills Ramp,27610.0,4,Apparel,35.81178284,-78.5975647,Europe,Carquefou,Francia,13676,10/20/2017 14:51,70123,1350,17.86000061,0.050000001,173438,357.1000061,0.289999992,1,357.1000061,339.25,98.37999725,Western Europe,Países del Loira,COMPLETE,,1350,63,,http://images.acmesports.sports/Children+heaters,Children's heaters,357.1000061,0,10/24/2017 14:51,Standard Class
88371,PAYMENT,2,4,34.36999893,249.0800018,Advance shipping,0,69,Health and Beauty,Laguna Niguel,EE. UU.,XXXXXXXXX,Sage,15689,Mckinney,XXXXXXXXX,Consumer,CA,9293 Tawny Terrace,92677.0,12,Health and Beauty ,33.52144623,-117.6862259,Pacific Asia,Rangún,Myanmar (Birmania),15689,11/19/2017 0:06,72136,1356,43.95999908,0.150000006,175451,293.0400085,0.140000001,1,293.0400085,249.0800018,34.36999893,Southeast Asia,Rangún,PENDING_PAYMENT,,1356,69,,http://images.acmesports.sports/First+aid+kit,First aid kit,293.0400085,0,11/21/2017 0:06,Standard Class
172533,CASH,2,1,-234.0,90.0,Late delivery,1,24,Women's Apparel,Caguas,Puerto Rico,XXXXXXXXX,James,9628,Young,XXXXXXXXX,Consumer,PR,9781 Tawny Nectar Park,725.0,5,Golf,18.27112579,-66.37062836,LATAM,Torreón,México,9628,4/2/2015 8:48,6260,502,10.0,0.100000001,15660,50.0,-2.599999905,2,100.0,90.0,-234.0,Central America,Coahuila,CLOSED,,502,24,,http://images.acmesports.sports/Nike+Men%27s+Dri-FIT+Victory+Golf+Polo,Nike Men's Dri-FIT Victory Golf Polo,50.0,0,4/4/2015 8:48,First Class
8199,CASH,2,4,83.15000153,296.980011,Advance shipping,0,43,Camping & Hiking,Caguas,Puerto Rico,XXXXXXXXX,Robert,2740,Williams,XXXXXXXXX,Corporate,PR,503 Clear Robin Beach,725.0,7,Fan Shop,18.20379448,-66.3706131,LATAM,Zihuatanejo,México,2740,3/20/2017 14:06,55461,957,3.0,0.01,138717,299.980011,0.280000001,1,299.980011,296.980011,83.15000153,Central America,Guerrero,CLOSED,,957,43,,http://images.acmesports.sports/Diamondback+Women%27s+Serene+Classic+Comfort+Bike+2014,Diamondback Women's Serene Classic Comfort Bi,299.980011,0,3/22/2017 14:06,Standard Class
14055,DEBIT,5,4,41.15000153,113.3700027,Late delivery,1,29,Shop By Sport,New York,EE. UU.,XXXXXXXXX,Angela,5812,Smith,XXXXXXXXX,Corporate,NY,2329 Sunny View Corner,10031.0,5,Golf,40.82476044,-73.94992065,LATAM,Santo Domingo,República Dominicana,5812,3/2/2015 9:43,4139,627,6.599999905,0.059999999,10336,39.99000168,0.360000014,3,119.9700012,113.3700027,41.15000153,Caribbean,Santo Domingo,COMPLETE,,627,29,,http://images.acmesports.sports/Under+Armour+Girls%27+Toddler+Spine+Surge+Running+Shoe,Under Armour Girls' Toddler Spine Surge Runni,39.99000168,0,3/7/2015 9:43,Standard Class
8420,DEBIT,2,4,-24.70000076,123.4899979,Advance shipping,0,18,Men's Footwear,Palatine,EE. UU.,XXXXXXXXX,Mary,2473,Smith,XXXXXXXXX,Corporate,IL,2407 Dusty Mount,60067.0,4,Apparel,42.11053467,-88.10240173,USCA,Tallahassee,Estados Unidos,2473,5/9/2016 3:09,33851,403,6.5,0.050000001,84505,129.9900055,-0.200000003,1,129.9900055,123.4899979,-24.70000076,South of  USA ,Florida,COMPLETE,32303.0,403,18,,http://images.acmesports.sports/Nike+Men%27s+CJ+Elite+2+TD+Football+Cleat,Nike Men's CJ Elite 2 TD Football Cleat,129.9900055,0,5/11/2016 3:09,Standard Class
61996,DEBIT,3,4,19.79999924,197.9900055,Advance shipping,0,48,Water Sports,Caguas,Puerto Rico,XXXXXXXXX,Michael,434,Torres,XXXXXXXXX,Consumer,PR,3403 Gentle Road,725.0,7,Fan Shop,18.22408485,-66.04712677,LATAM,Maturín,Venezuela,434,4/28/2015 17:52,8067,1073,2.0,0.01,20137,199.9900055,0.100000001,1,199.9900055,197.9900055,19.79999924,South America,Monagas,COMPLETE,,1073,48,,http://images.acmesports.sports/Pelican+Sunstream+100+Kayak,Pelican Sunstream 100 Kayak,199.9900055,0,5/1/2015 17:52,Standard Class
177143,DEBIT,4,2,11.72000027,37.79000092,Late delivery,1,29,Shop By Sport,Caguas,Puerto Rico,XXXXXXXXX,Jesse,9535,Peterson,XXXXXXXXX,Consumer,PR,1052 Merry Leaf Autoroute,725.0,5,Golf,18.22352982,-66.37058258,Africa,Maputo,Mozambique,9535,9/13/2016 21:22,42603,627,2.200000048,0.059999999,106343,39.99000168,0.310000002,1,39.99000168,37.79000092,11.72000027,East Africa,Cidade De Maputo,COMPLETE,,627,29,,http://images.acmesports.sports/Under+Armour+Girls%27+Toddler+Spine+Surge+Running+Shoe,Under Armour Girls' Toddler Spine Surge Runni,39.99000168,0,9/17/2016 21:22,Second Class
115705,TRANSFER,4,4,-16.51000023,383.980011,Shipping canceled,0,45,Fishing,Caguas,Puerto Rico,XXXXXXXXX,Jeffrey,11584,Wilcox,XXXXXXXXX,Consumer,PR,864 Iron Spring Stead,725.0,7,Fan Shop,18.22689438,-66.37062836,Europe,Montecatini Terme,Italia,11584,8/20/2017 16:10,65948,1004,16.0,0.039999999,164817,399.980011,-0.039999999,1,399.980011,383.980011,-16.51000023,Southern Europe,Toscana,SUSPECTED_FRAUD,,1004,45,,http://images.acmesports.sports/Field+%26+Stream+Sportsman+16+Gun+Fire+Safe,Field & Stream Sportsman 16 Gun Fire Safe,399.980011,0,8/24/2017 16:10,Standard Class
115220,TRANSFER,1,0,174.7899933,379.980011,Late delivery,1,45,Fishing,Brooklyn,EE. UU.,XXXXXXXXX,Victoria,41,Mason,XXXXXXXXX,Consumer,NY,7869 Crystal View Villas,11230.0,7,Fan Shop,40.67569351,-73.87450409,Europe,Florence,Italia,41,9/16/2017 23:39,67819,1004,20.0,0.050000001,169557,399.980011,0.460000008,1,399.980011,379.980011,174.7899933,Southern Europe,Toscana,PROCESSING,,1004,45,,http://images.acmesports.sports/Field+%26+Stream+Sportsman+16+Gun+Fire+Safe,Field & Stream Sportsman 16 Gun Fire Safe,399.980011,0,9/17/2017 11:39,Same Day
124284,TRANSFER,3,4,28.07999992,103.9899979,Advance shipping,0,18,Men's Footwear,Caguas,Puerto Rico,XXXXXXXXX,Diane,8450,Walters,XXXXXXXXX,Corporate,PR,9514 Clear Mountain Carrefour,725.0,4,Apparel,18.23187256,-66.37055206,Pacific Asia,Caloocan,Filipinas,8450,10/31/2015 6:45,20777,403,26.0,0.200000003,51915,129.9900055,0.270000011,1,129.9900055,103.9899979,28.07999992,Southeast Asia,Capital Nacional,PROCESSING,,403,18,,http://images.acmesports.sports/Nike+Men%27s+CJ+Elite+2+TD+Football+Cleat,Nike Men's CJ Elite 2 TD Football Cleat,129.9900055,0,11/3/2015 6:45,Standard Class
7446,DEBIT,2,2,17.05999947,136.5,Shipping on time,0,24,Women's Apparel,Caguas,Puerto Rico,XXXXXXXXX,Mary,9283,Smith,XXXXXXXXX,Consumer,PR,650 Thunder Rise Arbor,725.0,5,Golf,18.22296333,-66.37062836,LATAM,Tuxtla Gutiérrez,México,9283,2/19/2017 23:25,53501,502,13.5,0.090000004,133698,50.0,0.129999995,3,150.0,136.5,17.05999947,Central America,Chiapas,COMPLETE,,502,24,,http://images.acmesports.sports/Nike+Men%27s+Dri-FIT+Victory+Golf+Polo,Nike Men's Dri-FIT Victory Golf Polo,50.0,0,2/21/2017 23:25,Second Class
24184,CASH,6,4,54.86999893,156.7599945,Late delivery,1,29,Shop By Sport,San Jose,EE. UU.,XXXXXXXXX,Mary,3293,Barker,XXXXXXXXX,Corporate,CA,6007 Velvet Maze,95124.0,5,Golf,37.26665497,-121.9148026,Europe,Linz,Austria,3293,8/24/2015 15:57,16145,627,3.200000048,0.02,40290,39.99000168,0.349999994,4,159.9600067,156.7599945,54.86999893,Western Europe,Alta Austria,CLOSED,,627,29,,http://images.acmesports.sports/Under+Armour+Girls%27+Toddler+Spine+Surge+Running+Shoe,Under Armour Girls' Toddler Spine Surge Runni,39.99000168,0,8/30/2015 15:57,Standard Class
25982,CASH,3,4,4.940000057,73.77999878,Advance shipping,0,13,Electronics,Caguas,Puerto Rico,XXXXXXXXX,William,4699,Smith,XXXXXXXXX,Corporate,PR,660 Harvest Bay,725.0,3,Footwear,18.20978737,-66.37052918,USCA,Albuquerque,Estados Unidos,4699,6/3/2016 21:52,35617,278,16.20000076,0.180000007,88942,44.99000168,0.07,2,89.98000336,73.77999878,4.940000057,West of USA ,Nuevo México,CLOSED,87105.0,278,13,,http://images.acmesports.sports/Under+Armour+Men%27s+Compression+EV+SL+Slide,Under Armour Men's Compression EV SL Slide,44.99000168,0,6/6/2016 21:52,Standard Class
123820,TRANSFER,4,4,13.64999962,36.38999939,Shipping on time,0,29,Shop By Sport,Toa Alta,Puerto Rico,XXXXXXXXX,Gary,3817,Garcia,XXXXXXXXX,Corporate,PR,8736 Merry Moor,953.0,5,Golf,18.37145042,-66.20330811,LATAM,Presidente Dutra,Brasil,3817,6/13/2017 20:49,61303,627,3.599999905,0.090000004,153366,39.99000168,0.379999995,1,39.99000168,36.38999939,13.64999962,South America,Marañón,PENDING,,627,29,,http://images.acmesports.sports/Under+Armour+Girls%27+Toddler+Spine+Surge+Running+Shoe,Under Armour Girls' Toddler Spine Surge Runni,39.99000168,0,6/17/2017 20:49,Standard Class
27263,DEBIT,0,0,-263.230011,97.48999786,Shipping on time,0,18,Men's Footwear,Caguas,Puerto Rico,XXXXXXXXX,Mary,564,Mccann,XXXXXXXXX,Corporate,PR,7601 Blue Gate,725.0,4,Apparel,18.35909462,-66.07831574,Europe,Toulouse,Francia,564,6/27/2015 0:37,12128,403,32.5,0.25,30319,129.9900055,-2.700000048,1,129.9900055,97.48999786,-263.230011,Western Europe,Languedoc-Rosellón-Mediodía-Pirineos,COMPLETE,,403,18,,http://images.acmesports.sports/Nike+Men%27s+CJ+Elite+2+TD+Football+Cleat,Nike Men's CJ Elite 2 TD Football Cleat,129.9900055,0,6/27/2015 12:37,Same Day
130940,PAYMENT,2,1,70.47000122,149.9400024,Late delivery,1,46,Indoor/Outdoor Games,Santa Ana,EE. UU.,XXXXXXXXX,Mary,1505,Smith,XXXXXXXXX,Corporate,CA,5736 Old Cloud Heath,92703.0,7,Fan Shop,33.74279404,-117.8847504,Pacific Asia,Wellington,Nueva Zelanda,1505,4/1/2016 17:34,31289,1014,49.97999954,0.25,78208,49.97999954,0.469999999,4,199.9199982,149.9400024,70.47000122,Oceania,Wellington,PENDING_PAYMENT,,1014,46,,http://images.acmesports.sports/O%27Brien+Men%27s+Neoprene+Life+Vest,O'Brien Men's Neoprene Life Vest,49.97999954,0,4/3/2016 17:34,First Class
179148,PAYMENT,5,2,59.27999878,123.4899979,Late delivery,1,18,Men's Footwear,Caguas,Puerto Rico,XXXXXXXXX,Amber,146,Mercado,XXXXXXXXX,Home Office,PR,14 Dusty Lake Beach,725.0,4,Apparel,18.21639633,-66.04169464,LATAM,Presidente Dutra,Brasil,146,5/29/2015 8:33,10164,403,6.5,0.050000001,25400,129.9900055,0.479999989,1,129.9900055,123.4899979,59.27999878,South America,Marañón,PENDING_PAYMENT,,403,18,,http://images.acmesports.sports/Nike+Men%27s+CJ+Elite+2+TD+Football+Cleat,Nike Men's CJ Elite 2 TD Football Cleat,129.9900055,0,6/3/2015 8:33,Second Class
39057,DEBIT,0,0,9.699999809,40.77000046,Shipping on time,0,41,Trade-In,Caguas,Puerto Rico,XXXXXXXXX,Mark,7981,Smith,XXXXXXXXX,Corporate,PR,9439 Lazy Crossing,725.0,6,Outdoors,18.22844315,-66.37051392,Europe,Neuilly-sur-Seine,Francia,7981,6/11/2015 5:33,11046,924,7.199999809,0.150000006,27653,15.98999977,0.239999995,3,47.97000122,40.77000046,9.699999809,Western Europe,Isla de Francia,COMPLETE,,924,41,,http://images.acmesports.sports/Glove+It+Urban+Brick+Golf+Towel,Glove It Urban Brick Golf Towel,15.98999977,0,6/11/2015 17:33,Same Day
24481,CASH,5,4,75.58000183,179.9600067,Late delivery,1,29,Shop By Sport,Potomac,EE. UU.,XXXXXXXXX,Terry,3739,Long,XXXXXXXXX,Corporate,MD,1082 Grand Treasure Row,20854.0,5,Golf,39.05631256,-77.16165924,Pacific Asia,Geelong,Australia,3739,11/2/2015 3:15,20904,627,20.0,0.100000001,52224,39.99000168,0.419999987,5,199.9499969,179.9600067,75.58000183,Oceania,Victoria,CLOSED,,627,29,,http://images.acmesports.sports/Under+Armour+Girls%27+Toddler+Spine+Surge+Running+Shoe,Under Armour Girls' Toddler Spine Surge Runni,39.99000168,0,11/7/2015 3:15,Standard Class
170011,TRANSFER,5,4,-9.489999771,107.8899994,Shipping canceled,0,18,Men's Footwear,Chino,EE. UU.,XXXXXXXXX,Lauren,172,Rush,XXXXXXXXX,Home Office,CA,6229 Indian Robin Parade,91710.0,4,Apparel,34.00605393,-117.7307358,Europe,Gera,Alemania,172,8/1/2015 10:33,14554,403,22.10000038,0.170000002,36411,129.9900055,-0.090000004,1,129.9900055,107.8899994,-9.489999771,Western Europe,Turingia,CANCELED,,403,18,,http://images.acmesports.sports/Nike+Men%27s+CJ+Elite+2+TD+Football+Cleat,Nike Men's CJ Elite 2 TD Football Cleat,129.9900055,0,8/6/2015 10:33,Standard Class
110296,TRANSFER,2,1,-22.02000046,250.2200012,Late delivery,1,71,Music,Orlando,EE. UU.,XXXXXXXXX,Oprah,18908,Cabrera,XXXXXXXXX,Consumer,FL,1066 Hidden Green,32822.0,9,Discs Shop,28.51626968,-81.30583191,Pacific Asia,Yokkaichi,Japón,18908,1/4/2018 23:51,75355,1358,10.43000031,0.039999999,178670,260.6499939,-0.090000004,1,260.6499939,250.2200012,-22.02000046,Eastern Asia,Oita,PENDING,,1358,71,,http://images.acmesports.sports/Rock+music,Rock music,260.6499939,0,1/6/2018 23:51,First Class
117236,TRANSFER,0,0,6.039999962,97.48999786,Shipping on time,0,18,Men's Footwear,Bakersfield,EE. UU.,XXXXXXXXX,Christina,8809,Velasquez,XXXXXXXXX,Consumer,CA,1780 Fallen Pine Field,93304.0,4,Apparel,35.37042999,-119.0426254,Europe,Lisbon,Portugal,8809,7/17/2015 5:30,13512,403,32.5,0.25,33866,129.9900055,0.059999999,1,129.9900055,97.48999786,6.039999962,Southern Europe,Lisboa,PROCESSING,,403,18,,http://images.acmesports.sports/Nike+Men%27s+CJ+Elite+2+TD+Football+Cleat,Nike Men's CJ Elite 2 TD Football Cleat,129.9900055,0,7/17/2015 17:30,Same Day
2960,PAYMENT,6,4,28.12999916,57.40000153,Late delivery,1,26,Girls' Apparel,Caguas,Puerto Rico,XXXXXXXXX,Mary,6233,Elliott,XXXXXXXXX,Home Office,PR,9003 Easy Gate Drive,725.0,5,Golf,18.28809357,-66.37055969,Europe,Berne,Suiza,6233,9/24/2015 4:10,18235,565,12.60000038,0.180000007,45578,70.0,0.49000001,1,70.0,57.40000153,28.12999916,Western Europe,Berna,PENDING_PAYMENT,,565,26,,http://images.acmesports.sports/adidas+Youth+Germany+Black%2FRed+Away+Match+Soccer+Jersey,adidas Youth Germany Black/Red Away Match Soc,70.0,0,9/30/2015 4:10,Standard Class
149023,DEBIT,4,4,9.18999958,27.19000053,Shipping on time,0,13,Electronics,Bayamon,Puerto Rico,XXXXXXXXX,Mary,2310,Reeves,XXXXXXXXX,Home Office,PR,6296 Rocky Nectar Square,957.0,3,Footwear,18.38011932,-66.18312836,Pacific Asia,Silivri,Turquía,2310,9/16/2016 1:55,42753,276,4.800000191,0.150000006,106709,31.98999977,0.340000004,1,31.98999977,27.19000053,9.18999958,West Asia,Estambul,COMPLETE,,276,13,,http://images.acmesports.sports/Under+Armour+Women%27s+Ignite+Slide,Under Armour Women's Ignite Slide,31.98999977,0,9/20/2016 1:55,Standard Class
112190,PAYMENT,6,4,41.74000168,86.97000122,Late delivery,1,46,Indoor/Outdoor Games,Palmdale,EE. UU.,XXXXXXXXX,James,9447,Smith,XXXXXXXXX,Corporate,CA,1268 Colonial Stead,93550.0,7,Fan Shop,34.57956314,-118.1057816,Africa,Kinshasa,República Democrática del Congo,9447,11/18/2016 4:07,47075,1014,12.98999977,0.129999995,117658,49.97999954,0.479999989,2,99.95999908,86.97000122,41.74000168,Central Africa,Kinshasa,PENDING_PAYMENT,,1014,46,,http://images.acmesports.sports/O%27Brien+Men%27s+Neoprene+Life+Vest,O'Brien Men's Neoprene Life Vest,49.97999954,0,11/24/2016 4:07,Standard Class
109821,TRANSFER,2,1,-12.35000038,123.4899979,Late delivery,1,18,Men's Footwear,Lawton,EE. UU.,XXXXXXXXX,Kenneth,4624,Matthews,XXXXXXXXX,Consumer,OK,1613 Quaking Key,73505.0,4,Apparel,34.62159348,-98.46929169,Europe,Capannori,Italia,4624,10/14/2015 6:36,19612,403,6.5,0.050000001,49036,129.9900055,-0.100000001,1,129.9900055,123.4899979,-12.35000038,Southern Europe,Toscana,PROCESSING,,403,18,,http://images.acmesports.sports/Nike+Men%27s+CJ+Elite+2+TD+Football+Cleat,Nike Men's CJ Elite 2 TD Football Cleat,129.9900055,0,10/16/2015 6:36,First Class
130545,DEBIT,2,4,76.43000031,218.3600006,Advance shipping,0,17,Cleats,Fresno,EE. UU.,XXXXXXXXX,Mary,1532,Bailey,XXXXXXXXX,Consumer,CA,2416 Lost Key,93720.0,4,Apparel,36.73889542,-119.7879028,USCA,Los Angeles,Estados Unidos,1532,4/15/2016 1:05,32201,365,21.60000038,0.090000004,80525,59.99000168,0.349999994,4,239.9600067,218.3600006,76.43000031,West of USA ,California,COMPLETE,90032.0,365,17,,http://images.acmesports.sports/Perfect+Fitness+Perfect+Rip+Deck,Perfect Fitness Perfect Rip Deck,59.99000168,0,4/17/2016 1:05,Standard Class
119409,TRANSFER,2,2,56.24000168,224.9799957,Shipping on time,0,9,Cardio Equipment,Albuquerque,EE. UU.,XXXXXXXXX,Virginia,6836,Smith,XXXXXXXXX,Consumer,NM,2668 Velvet Row,87112.0,3,Footwear,35.1097641,-106.5007248,Pacific Asia,Homs,Siria,6836,11/30/2016 2:00,47891,191,74.98999786,0.25,119767,99.98999786,0.25,3,299.9700012,224.9799957,56.24000168,West Asia,Hims,PROCESSING,,191,9,,http://images.acmesports.sports/Nike+Men%27s+Free+5.0%2B+Running+Shoe,Nike Men's Free 5.0+ Running Shoe,99.98999786,0,12/2/2016 2:00,Second Class
79043,TRANSFER,4,4,-251.9900055,167.9900055,Shipping on time,0,48,Water Sports,Bakersfield,EE. UU.,XXXXXXXXX,Margaret,10472,Cook,XXXXXXXXX,Corporate,CA,7007 Emerald Autoroute,93307.0,7,Fan Shop,35.29149246,-118.9143066,USCA,Philadelphia,Estados Unidos,10472,6/11/2016 1:53,36108,1073,32.0,0.159999996,90176,199.9900055,-1.5,1,199.9900055,167.9900055,-251.9900055,East of USA,Pensilvania,PROCESSING,19134.0,1073,48,,http://images.acmesports.sports/Pelican+Sunstream+100+Kayak,Pelican Sunstream 100 Kayak,199.9900055,0,6/15/2016 1:53,Standard Class
161406,TRANSFER,6,4,-10.85000038,96.0,Late delivery,1,24,Women's Apparel,Caguas,Puerto Rico,XXXXXXXXX,Mary,10240,Pitts,XXXXXXXXX,Consumer,PR,5953 Lost Plaza,725.0,5,Golf,18.28118706,-66.3706131,Pacific Asia,Vientiane,Laos,10240,12/28/2015 13:41,24770,502,4.0,0.039999999,62053,50.0,-0.109999999,2,100.0,96.0,-10.85000038,Southeast Asia,Prefectura de Vientián,PROCESSING,,502,24,,http://images.acmesports.sports/Nike+Men%27s+Dri-FIT+Victory+Golf+Polo,Nike Men's Dri-FIT Victory Golf Polo,50.0,0,1/3/2016 13:41,Standard Class
36283,PAYMENT,0,0,125.2600021,260.9599915,Shipping on time,0,17,Cleats,Aurora,EE. UU.,XXXXXXXXX,Mary,12344,Cruz,XXXXXXXXX,Consumer,CO,1066 Hidden Ridge,80013.0,4,Apparel,39.49591446,-98.98998261,LATAM,Cancún,México,12344,2/14/2015 11:29,3048,365,38.99000168,0.129999995,7578,59.99000168,0.479999989,5,299.9500122,260.9599915,125.2600021,Central America,Quintana Roo,PENDING_PAYMENT,,365,17,,http://images.acmesports.sports/Perfect+Fitness+Perfect+Rip+Deck,Perfect Fitness Perfect Rip Deck,59.99000168,0,2/14/2015 23:29,Same Day
37963,PAYMENT,6,2,67.5699997,140.7599945,Late delivery,1,29,Shop By Sport,Fresno,EE. UU.,XXXXXXXXX,Crystal,4864,Leon,XXXXXXXXX,Consumer,CA,7112 Golden Circuit,93722.0,5,Golf,36.84069824,-119.7808228,Pacific Asia,Jixi,China,4864,12/18/2015 10:11,24075,627,19.20000076,0.119999997,60242,39.99000168,0.479999989,4,159.9600067,140.7599945,67.5699997,Eastern Asia,Heilongjiang,PENDING_PAYMENT,,627,29,,http://images.acmesports.sports/Under+Armour+Girls%27+Toddler+Spine+Surge+Running+Shoe,Under Armour Girls' Toddler Spine Surge Runni,39.99000168,0,12/24/2015 10:11,Second Class
168319,PAYMENT,6,4,89.44999695,419.9599915,Late delivery,1,9,Cardio Equipment,Las Vegas,EE. UU.,XXXXXXXXX,Carl,9122,Russo,XXXXXXXXX,Home Office,NV,9265 High Freeway,89110.0,3,Footwear,36.18152618,-115.0874405,Pacific Asia,Dumai,Indonesia,9122,3/7/2016 15:20,29570,191,79.98999786,0.159999996,74001,99.98999786,0.209999993,5,499.9500122,419.9599915,89.44999695,Southeast Asia,Riau,PENDING_PAYMENT,,191,9,,http://images.acmesports.sports/Nike+Men%27s+Free+5.0%2B+Running+Shoe,Nike Men's Free 5.0+ Running Shoe,99.98999786,0,3/13/2016 15:20,Standard Class
22326,DEBIT,4,4,42.77000046,91.0,Shipping on time,0,24,Women's Apparel,Caguas,Puerto Rico,XXXXXXXXX,Kathy,11517,Kelley,XXXXXXXXX,Consumer,PR,9916 Wishing Manor,725.0,5,Golf,18.23433113,-66.37055969,LATAM,San Pedro Sula,Honduras,11517,2/5/2015 19:02,2453,502,9.0,0.090000004,6132,50.0,0.469999999,2,100.0,91.0,42.77000046,Central America,Cortés,COMPLETE,,502,24,,http://images.acmesports.sports/Nike+Men%27s+Dri-FIT+Victory+Golf+Polo,Nike Men's Dri-FIT Victory Golf Polo,50.0,0,2/9/2015 19:02,Standard Class
108729,PAYMENT,3,4,154.8600006,351.9599915,Advance shipping,0,9,Cardio Equipment,Oregon City,EE. UU.,XXXXXXXXX,John,6704,Church,XXXXXXXXX,Consumer,OR,3902 Umber Valley,97045.0,3,Footwear,45.35498428,-122.6026993,Pacific Asia,Harbin,China,6704,11/12/2015 20:03,21637,191,48.0,0.119999997,54105,99.98999786,0.439999998,4,399.9599915,351.9599915,154.8600006,Eastern Asia,Heilongjiang,PENDING_PAYMENT,,191,9,,http://images.acmesports.sports/Nike+Men%27s+Free+5.0%2B+Running+Shoe,Nike Men's Free 5.0+ Running Shoe,99.98999786,0,11/15/2015 20:03,Standard Class
90330,PAYMENT,2,2,181.4799957,499.9500122,Shipping on time,0,9,Cardio Equipment,Caguas,Puerto Rico,XXXXXXXXX,Alexander,7631,Nguyen,XXXXXXXXX,Corporate,PR,7571 Clear Apple Corner,725.0,3,Footwear,18.241045,-66.37056732,LATAM,Milpa Alta,México,7631,4/28/2015 14:01,8056,191,0.0,0.0,20125,99.98999786,0.360000014,5,499.9500122,499.9500122,181.4799957,Central America,Distrito Federal,PENDING_PAYMENT,,191,9,,http://images.acmesports.sports/Nike+Men%27s+Free+5.0%2B+Running+Shoe,Nike Men's Free 5.0+ Running Shoe,99.98999786,0,4/30/2015 14:01,Second Class
16039,CASH,1,0,32.0699997,69.72000122,Late delivery,1,40,Accessories,Santa Cruz,EE. UU.,XXXXXXXXX,Amber,12111,Franco,XXXXXXXXX,Consumer,CA,8766 Clear Prairie Line,95060.0,6,Outdoors,36.97051239,-122.0238266,LATAM,San Luis Potosí,México,12111,2/27/2015 14:27,3947,885,5.25,0.07,9800,24.98999977,0.460000008,3,74.97000122,69.72000122,32.0699997,Central America,San Luis Potosí,CLOSED,,885,40,,http://images.acmesports.sports/Team+Golf+St.+Louis+Cardinals+Putter+Grip,Team Golf St. Louis Cardinals Putter Grip,24.98999977,0,2/28/2015 2:27,Same Day
93015,DEBIT,2,4,105.5899963,263.980011,Advance shipping,0,43,Camping & Hiking,Pomona,EE. UU.,XXXXXXXXX,Lawrence,737,Smith,XXXXXXXXX,Consumer,CA,8025 Bright Embers Glen,91767.0,7,Fan Shop,34.03364945,-118.144371,LATAM,Recife,Brasil,737,4/19/2017 19:19,57531,957,36.0,0.119999997,143927,299.980011,0.400000006,1,299.980011,263.980011,105.5899963,South America,Pernambuco,COMPLETE,,957,43,,http://images.acmesports.sports/Diamondback+Women%27s+Serene+Classic+Comfort+Bike+2014,Diamondback Women's Serene Classic Comfort Bi,299.980011,0,4/21/2017 19:19,Standard Class
87522,PAYMENT,2,4,50.56000137,149.5899963,Advance shipping,0,67,DVDs,Pomona,EE. UU.,XXXXXXXXX,Shelby,15134,Bond,XXXXXXXXX,Consumer,CA,4101 Crystal Range,91766.0,9,Discs Shop,34.28066635,-119.2400665,Europe,Hamburgo,Alemania,15134,11/10/2017 21:39,71581,1354,14.78999996,0.090000004,174896,164.3800049,0.340000004,1,164.3800049,149.5899963,50.56000137,Western Europe,Hamburgo,PENDING_PAYMENT,,1354,67,,http://images.acmesports.sports/DVDs,DVDs ,164.3800049,0,11/12/2017 21:39,Standard Class
121217,TRANSFER,3,4,-88.73000336,52.18999863,Shipping canceled,0,3,Baseball & Softball,Reseda,EE. UU.,XXXXXXXXX,Mary,9746,Brooks,XXXXXXXXX,Consumer,CA,7958 Harvest Grove Pike,91335.0,2,Fitness,34.21543884,-118.5360184,LATAM,Valle Hermoso,México,9746,3/27/2015 16:52,5872,44,7.800000191,0.129999995,14606,59.99000168,-1.700000048,1,59.99000168,52.18999863,-88.73000336,Central America,Tamaulipas,CANCELED,,44,3,,http://images.acmesports.sports/adidas+Men%27s+F10+Messi+TRX+FG+Soccer+Cleat,adidas Men's F10 Messi TRX FG Soccer Cleat,59.99000168,0,3/30/2015 16:52,Standard Class
120966,TRANSFER,2,4,-74.25,296.980011,Advance shipping,0,43,Camping & Hiking,Brooklyn,EE. UU.,XXXXXXXXX,Crystal,4572,Lucero,XXXXXXXXX,Consumer,NY,415 Golden Meadow,11201.0,7,Fan Shop,40.6648941,-73.94533539,Europe,Estocolmo,Suecia,4572,9/10/2017 3:42,67351,957,3.0,0.01,168337,299.980011,-0.25,1,299.980011,296.980011,-74.25,Northern Europe,Estocolmo,PROCESSING,,957,43,,http://images.acmesports.sports/Diamondback+Women%27s+Serene+Classic+Comfort+Bike+2014,Diamondback Women's Serene Classic Comfort Bi,299.980011,0,9/12/2017 3:42,Standard Class
23732,CASH,2,4,72.54000092,278.980011,Advance shipping,0,43,Camping & Hiking,Atlanta,EE. UU.,XXXXXXXXX,Donna,2068,Smith,XXXXXXXXX,Corporate,GA,1706 Pleasant Park,30331.0,7,Fan Shop,33.68620682,-84.49389648,USCA,Virginia Beach,Estados Unidos,2068,4/16/2016 8:37,32291,957,21.0,0.07,80766,299.980011,0.25999999,1,299.980011,278.980011,72.54000092,South of  USA ,Virginia,CLOSED,23464.0,957,43,,http://images.acmesports.sports/Diamondback+Women%27s+Serene+Classic+Comfort+Bike+2014,Diamondback Women's Serene Classic Comfort Bi,299.980011,0,4/18/2016 8:37,Standard Class
137891,DEBIT,5,4,184.2299957,391.980011,Late delivery,1,45,Fishing,Clearfield,EE. UU.,XXXXXXXXX,Heather,5285,Bentley,XXXXXXXXX,Consumer,UT,8623 Shady Subdivision,84015.0,7,Fan Shop,41.09803391,-111.9948654,LATAM,Quetzaltenango,Guatemala,5285,5/2/2017 0:54,58369,1004,8.0,0.02,146074,399.980011,0.469999999,1,399.980011,391.980011,184.2299957,Central America,Quezaltenango,COMPLETE,,1004,45,,http://images.acmesports.sports/Field+%26+Stream+Sportsman+16+Gun+Fire+Safe,Field & Stream Sportsman 16 Gun Fire Safe,399.980011,0,5/7/2017 0:54,Standard Class
32523,TRANSFER,5,4,15.44999981,67.19000244,Late delivery,1,35,Golf Gloves,Phoenix,EE. UU.,XXXXXXXXX,Benjamin,1628,Smith,XXXXXXXXX,Consumer,AZ,516 Dewy Bluff Swale,85022.0,6,Outdoors,33.64781952,-112.0518799,Europe,Munich,Alemania,1628,7/5/2017 13:25,62789,777,12.80000019,0.159999996,156982,79.98999786,0.230000004,1,79.98999786,67.19000244,15.44999981,Western Europe,Bavaria,PENDING,,777,35,,http://images.acmesports.sports/Bag+Boy+M330+Push+Cart,Bag Boy M330 Push Cart,79.98999786,0,7/10/2017 13:25,Standard Class
22848,DEBIT,5,4,40.81000137,113.3700027,Late delivery,1,26,Girls' Apparel,Caguas,Puerto Rico,XXXXXXXXX,Gregory,8420,Fitzpatrick,XXXXXXXXX,Consumer,PR,1793 Tawny Limits,725.0,5,Golf,18.24473572,-66.37051392,Europe,Schiltigheim,Francia,8420,6/7/2015 8:00,10779,572,6.599999905,0.059999999,26973,39.99000168,0.360000014,3,119.9700012,113.3700027,40.81000137,Western Europe,Alsacia-Champaña-Ardenas-Lorena,COMPLETE,,572,26,,http://images.acmesports.sports/TYR+Boys%27+Team+Digi+Jammer,TYR Boys' Team Digi Jammer,39.99000168,0,6/12/2015 8:00,Standard Class
106462,TRANSFER,6,4,23.62000084,188.9199982,Late delivery,1,46,Indoor/Outdoor Games,Los Angeles,EE. UU.,XXXXXXXXX,Nancy,1078,Smith,XXXXXXXXX,Consumer,CA,4480 Hidden Rabbit Link,90044.0,7,Fan Shop,33.97929382,-118.289093,LATAM,Tijuana,México,1078,4/11/2017 13:01,56965,1014,11.0,0.059999999,142474,49.97999954,0.129999995,4,199.9199982,188.9199982,23.62000084,Central America,Baja California,PENDING,,1014,46,,http://images.acmesports.sports/O%27Brien+Men%27s+Neoprene+Life+Vest,O'Brien Men's Neoprene Life Vest,49.97999954,0,4/17/2017 13:01,Standard Class
177151,DEBIT,2,2,121.9000015,283.480011,Shipping on time,0,43,Camping & Hiking,Caguas,Puerto Rico,XXXXXXXXX,Catherine,11290,Smith,XXXXXXXXX,Consumer,PR,4692 Gentle Turnabout,725.0,7,Fan Shop,18.2261982,-66.37054443,Africa,Durban,SudAfrica,11290,10/4/2016 8:54,44006,957,16.5,0.059999999,109925,299.980011,0.430000007,1,299.980011,283.480011,121.9000015,Southern Africa,KwaZulu-Natal,COMPLETE,,957,43,,http://images.acmesports.sports/Diamondback+Women%27s+Serene+Classic+Comfort+Bike+2014,Diamondback Women's Serene Classic Comfort Bi,299.980011,0,10/6/2016 8:54,Second Class
39240,DEBIT,6,2,19.20000076,47.99000168,Late delivery,1,17,Cleats,Caguas,Puerto Rico,XXXXXXXXX,Mary,3511,Orozco,XXXXXXXXX,Corporate,PR,151 Bright Anchor Passage,725.0,4,Apparel,18.26871681,-66.3705368,Europe,Epinal,Francia,3511,10/1/2015 16:36,18750,365,12.0,0.200000003,46887,59.99000168,0.400000006,1,59.99000168,47.99000168,19.20000076,Western Europe,Alsacia-Champaña-Ardenas-Lorena,COMPLETE,,365,17,,http://images.acmesports.sports/Perfect+Fitness+Perfect+Rip+Deck,Perfect Fitness Perfect Rip Deck,59.99000168,0,10/7/2015 16:36,Second Class
54093,PAYMENT,3,2,67.59999847,199.9900055,Late delivery,1,48,Water Sports,San Jose,EE. UU.,XXXXXXXXX,Mary,9655,Shepherd,XXXXXXXXX,Corporate,CA,5365 Tawny Apple Limits,95127.0,7,Fan Shop,37.37883377,-121.8303375,Europe,Emden,Alemania,9655,7/5/2017 2:13,62757,1073,0.0,0.0,156901,199.9900055,0.340000004,1,199.9900055,199.9900055,67.59999847,Western Europe,Baja Sajonia,PENDING_PAYMENT,,1073,48,,http://images.acmesports.sports/Pelican+Sunstream+100+Kayak,Pelican Sunstream 100 Kayak,199.9900055,0,7/8/2017 2:13,Second Class
165764,PAYMENT,1,0,-19.20000076,383.980011,Late delivery,1,45,Fishing,Chicago,EE. UU.,XXXXXXXXX,Wayne,5451,Torres,XXXXXXXXX,Home Office,IL,5782 Dewy Ridge,60632.0,7,Fan Shop,41.89483643,-87.76984406,LATAM,San Pedro Sula,Honduras,5451,3/28/2015 18:05,5944,1004,16.0,0.039999999,14789,399.980011,-0.050000001,1,399.980011,383.980011,-19.20000076,Central America,Cortés,PENDING_PAYMENT,,1004,45,,http://images.acmesports.sports/Field+%26+Stream+Sportsman+16+Gun+Fire+Safe,Field & Stream Sportsman 16 Gun Fire Safe,399.980011,0,3/29/2015 6:05,Same Day
21894,DEBIT,2,4,1.25,124.7900009,Advance shipping,0,18,Men's Footwear,Caguas,Puerto Rico,XXXXXXXXX,Stephanie,2549,Smith,XXXXXXXXX,Consumer,PR,7168 Amber Row,725.0,4,Apparel,18.20303345,-66.37055969,USCA,Long Beach,Estados Unidos,2549,7/18/2016 11:49,38671,403,5.199999809,0.039999999,96545,129.9900055,0.01,1,129.9900055,124.7900009,1.25,West of USA ,California,ON_HOLD,90805.0,403,18,,http://images.acmesports.sports/Nike+Men%27s+CJ+Elite+2+TD+Football+Cleat,Nike Men's CJ Elite 2 TD Football Cleat,129.9900055,0,7/20/2016 11:49,Standard Class
32926,PAYMENT,4,4,15.68000031,31.98999977,Shipping on time,0,35,Golf Gloves,Caguas,Puerto Rico,XXXXXXXXX,William,3830,Smith,XXXXXXXXX,Corporate,PR,2089 Old Avenue,725.0,6,Outdoors,18.26959801,-66.37058258,LATAM,Santiago de los Caballeros,República Dominicana,3830,2/16/2017 20:48,53288,771,8.0,0.200000003,133147,39.99000168,0.49000001,1,39.99000168,31.98999977,15.68000031,Caribbean,Santiago de Chile,PENDING_PAYMENT,,771,35,,http://images.acmesports.sports/Clicgear+Rovic+Cooler+Bag,Clicgear Rovic Cooler Bag,39.99000168,0,2/20/2017 20:48,Standard Class
166701,PAYMENT,2,4,138.2299957,287.980011,Advance shipping,0,43,Camping & Hiking,Encinitas,EE. UU.,XXXXXXXXX,Nathan,8225,Smith,XXXXXXXXX,Home Office,CA,8706 Harvest Green,92024.0,7,Fan Shop,33.04647064,-117.2896729,Europe,Plymouth,Reino Unido,8225,9/13/2017 17:32,67596,957,12.0,0.039999999,169005,299.980011,0.479999989,1,299.980011,287.980011,138.2299957,Northern Europe,Inglaterra,PENDING_PAYMENT,,957,43,,http://images.acmesports.sports/Diamondback+Women%27s+Serene+Classic+Comfort+Bike+2014,Diamondback Women's Serene Classic Comfort Bi,299.980011,0,9/15/2017 17:32,Standard Class
136941,DEBIT,3,4,132.2899933,377.980011,Advance shipping,0,45,Fishing,Caguas,Puerto Rico,XXXXXXXXX,Melissa,7,Wilcox,XXXXXXXXX,Corporate,PR,9453 High Concession,725.0,7,Fan Shop,18.35909462,-66.07995606,Europe,Krefeld,Alemania,7,6/25/2017 23:15,62132,1004,22.0,0.059999999,155343,399.980011,0.349999994,1,399.980011,377.980011,132.2899933,Western Europe,Renania del Norte-Westfalia,ON_HOLD,,1004,45,,http://images.acmesports.sports/Field+%26+Stream+Sportsman+16+Gun+Fire+Safe,Field & Stream Sportsman 16 Gun Fire Safe,399.980011,0,6/28/2017 23:15,Standard Class
31936,TRANSFER,4,4,-1.600000024,37.33000183,Shipping on time,0,36,Golf Balls,Caguas,Puerto Rico,XXXXXXXXX,Mark,3395,Matthews,XXXXXXXXX,Consumer,PR,4569 Jagged Mall ,725.0,6,Outdoors,18.24834442,-66.37050629,Africa,Cairo,Egipto,3395,10/10/2016 11:00,44423,792,7.639999866,0.170000002,110906,14.98999977,-0.039999999,3,44.97000122,37.33000183,-1.600000024,North Africa,El Cairo,PROCESSING,,792,36,,http://images.acmesports.sports/Hirzl+Men%27s+Hybrid+Golf+Glove,Hirzl Men's Hybrid Golf Glove,14.98999977,0,10/14/2016 11:00,Standard Class
103237,DEBIT,2,1,55.25,169.9900055,Late delivery,1,48,Water Sports,Caguas,Puerto Rico,XXXXXXXXX,Larry,10644,Smith,XXXXXXXXX,Home Office,PR,5346 Blue Anchor Dale,725.0,7,Fan Shop,18.25747109,-66.37059784,Europe,Friedberg,Alemania,10644,9/25/2015 0:30,18293,1073,30.0,0.150000006,45725,199.9900055,0.330000013,1,199.9900055,169.9900055,55.25,Western Europe,Hesse,ON_HOLD,,1073,48,,http://images.acmesports.sports/Pelican+Sunstream+100+Kayak,Pelican Sunstream 100 Kayak,199.9900055,0,9/27/2015 0:30,First Class
46385,PAYMENT,2,4,85.79000092,263.980011,Advance shipping,0,43,Camping & Hiking,New York,EE. UU.,XXXXXXXXX,Ashley,3199,Hernandez,XXXXXXXXX,Corporate,NY,4365 Silver Bay,10031.0,7,Fan Shop,40.82476044,-73.94992065,Pacific Asia,Jiangdu,China,3199,2/4/2016 4:10,27346,957,36.0,0.119999997,68491,299.980011,0.330000013,1,299.980011,263.980011,85.79000092,Eastern Asia,Jiangsu,PENDING_PAYMENT,,957,43,,http://images.acmesports.sports/Diamondback+Women%27s+Serene+Classic+Comfort+Bike+2014,Diamondback Women's Serene Classic Comfort Bi,299.980011,0,2/6/2016 4:10,Standard Class
80143,DEBIT,2,1,-131.1900024,163.9900055,Late delivery,1,48,Water Sports,Annapolis,EE. UU.,XXXXXXXXX,Barbara,2726,Wu,XXXXXXXXX,Consumer,MD,2236 Sunny Front,21401.0,7,Fan Shop,38.98915863,-76.54219818,Pacific Asia,Auckland,Nueva Zelanda,2726,3/31/2016 9:41,31198,1073,36.0,0.180000007,77965,199.9900055,-0.800000012,1,199.9900055,163.9900055,-131.1900024,Oceania,Auckland,COMPLETE,,1073,48,,http://images.acmesports.sports/Pelican+Sunstream+100+Kayak,Pelican Sunstream 100 Kayak,199.9900055,0,4/2/2016 9:41,First Class
105882,DEBIT,2,1,-1.320000052,45.47999954,Late delivery,1,46,Indoor/Outdoor Games,Caguas,Puerto Rico,XXXXXXXXX,Mary,3910,Diaz,XXXXXXXXX,Consumer,PR,2056 Misty Lookout,725.0,7,Fan Shop,18.26963997,-66.37056732,LATAM,Culiacán,México,3910,5/9/2017 15:05,58889,1014,4.5,0.090000004,147404,49.97999954,-0.029999999,1,49.97999954,45.47999954,-1.320000052,Central America,Sinaloa,COMPLETE,,1014,46,,http://images.acmesports.sports/O%27Brien+Men%27s+Neoprene+Life+Vest,O'Brien Men's Neoprene Life Vest,49.97999954,0,5/11/2017 15:05,First Class
118842,TRANSFER,3,2,141.7400055,283.480011,Late delivery,1,43,Camping & Hiking,Hamilton,EE. UU.,XXXXXXXXX,Kathy,5707,Sampson,XXXXXXXXX,Consumer,OH,2056 Misty Grove Rise,45011.0,7,Fan Shop,39.3985405,-84.55661774,USCA,Richmond,Estados Unidos,5707,8/22/2016 5:59,41052,957,16.5,0.059999999,102472,299.980011,0.5,1,299.980011,283.480011,141.7400055,South of  USA ,Virginia,PENDING,23223.0,957,43,,http://images.acmesports.sports/Diamondback+Women%27s+Serene+Classic+Comfort+Bike+2014,Diamondback Women's Serene Classic Comfort Bi,299.980011,0,8/25/2016 5:59,Second Class
41288,DEBIT,2,4,6.789999962,38.79000092,Advance shipping,0,29,Shop By Sport,Caguas,Puerto Rico,XXXXXXXXX,Christopher,5032,Fry,XXXXXXXXX,Corporate,PR,1438 Honey Bay,725.0,5,Golf,18.26201057,-66.37055206,LATAM,San Miguelito,Panamá,5032,1/23/2017 12:47,51621,627,1.200000048,0.029999999,129002,39.99000168,0.180000007,1,39.99000168,38.79000092,6.789999962,Central America,Panamá,ON_HOLD,,627,29,,http://images.acmesports.sports/Under+Armour+Girls%27+Toddler+Spine+Surge+Running+Shoe,Under Armour Girls' Toddler Spine Surge Runni,39.99000168,0,1/25/2017 12:47,Standard Class
158196,TRANSFER,2,2,30.86000061,85.0,Shipping on time,0,24,Women's Apparel,Caguas,Puerto Rico,XXXXXXXXX,Susan,7435,Smith,XXXXXXXXX,Consumer,PR,9792 Green Pioneer Extension,725.0,5,Golf,18.2472744,-66.37059784,Europe,Wolfsburg,Alemania,7435,10/14/2015 15:00,19636,502,15.0,0.150000006,49095,50.0,0.360000014,2,100.0,85.0,30.86000061,Western Europe,Baja Sajonia,PENDING,,502,24,,http://images.acmesports.sports/Nike+Men%27s+Dri-FIT+Victory+Golf+Polo,Nike Men's Dri-FIT Victory Golf Polo,50.0,0,10/16/2015 15:00,Second Class
118812,TRANSFER,6,2,-40.02000046,54.59000015,Late delivery,1,17,Cleats,Moreno Valley,EE. UU.,XXXXXXXXX,Mary,3402,Wilkerson,XXXXXXXXX,Consumer,CA,9870 Thunder Mountain Meadow,92553.0,4,Apparel,33.92159271,-117.263176,USCA,Newark,Estados Unidos,3402,7/25/2016 1:07,39120,365,5.400000095,0.090000004,97650,59.99000168,-0.730000019,1,59.99000168,54.59000015,-40.02000046,East of USA,Delaware,PENDING,19711.0,365,17,,http://images.acmesports.sports/Perfect+Fitness+Perfect+Rip+Deck,Perfect Fitness Perfect Rip Deck,59.99000168,0,7/31/2016 1:07,Second Class
56501,DEBIT,5,4,18.70999908,296.9700012,Late delivery,1,9,Cardio Equipment,Caguas,Puerto Rico,XXXXXXXXX,Joyce,3675,Pittman,XXXXXXXXX,Consumer,PR,8428 Noble Elk Loop,725.0,3,Footwear,18.29870606,-66.3706131,Europe,Weston-super-Mare,Reino Unido,3675,7/16/2015 0:25,13429,191,3.0,0.01,33642,99.98999786,0.059999999,3,299.9700012,296.9700012,18.70999908,Northern Europe,Inglaterra,ON_HOLD,,191,9,,http://images.acmesports.sports/Nike+Men%27s+Free+5.0%2B+Running+Shoe,Nike Men's Free 5.0+ Running Shoe,99.98999786,0,7/21/2015 0:25,Standard Class
74340,DEBIT,5,4,-39.97999954,167.9900055,Late delivery,1,48,Water Sports,Fresno,EE. UU.,XXXXXXXXX,Robert,4212,Mendez,XXXXXXXXX,Consumer,CA,3399 Little Dale,93722.0,7,Fan Shop,36.78120422,-119.7815475,Europe,Kremenchuk,Ucrania,4212,10/3/2016 9:26,43939,1073,32.0,0.159999996,109755,199.9900055,-0.239999995,1,199.9900055,167.9900055,-39.97999954,Eastern Europe,Poltava,COMPLETE,,1073,48,,http://images.acmesports.sports/Pelican+Sunstream+100+Kayak,Pelican Sunstream 100 Kayak,199.9900055,0,10/8/2016 9:26,Standard Class
95488,DEBIT,4,4,20.94000053,88.0,Shipping on time,0,24,Women's Apparel,Fontana,EE. UU.,XXXXXXXXX,Maria,11282,Cook,XXXXXXXXX,Consumer,CA,2717 Fallen Corner,92335.0,5,Golf,34.09395981,-117.4498901,Europe,Le Mans,Francia,11282,7/26/2015 19:19,14168,502,12.0,0.119999997,35465,50.0,0.239999995,2,100.0,88.0,20.94000053,Western Europe,Países del Loira,COMPLETE,,502,24,,http://images.acmesports.sports/Nike+Men%27s+Dri-FIT+Victory+Golf+Polo,Nike Men's Dri-FIT Victory Golf Polo,50.0,0,7/30/2015 19:19,Standard Class
59858,DEBIT,4,4,26.21999931,56.99000168,Shipping on time,0,17,Cleats,Amarillo,EE. UU.,XXXXXXXXX,Mary,4464,Johnson,XXXXXXXXX,Corporate,TX,437 Heather Quail Concession,79109.0,4,Apparel,35.18754196,-101.8676224,Europe,Rennes,Francia,4464,8/6/2017 5:19,64958,365,3.0,0.050000001,162388,59.99000168,0.460000008,1,59.99000168,56.99000168,26.21999931,Western Europe,Bretaña,ON_HOLD,,365,17,,http://images.acmesports.sports/Perfect+Fitness+Perfect+Rip+Deck,Perfect Fitness Perfect Rip Deck,59.99000168,0,8/10/2017 5:19,Standard Class
131549,DEBIT,5,2,63.77000046,219.9100037,Late delivery,1,46,Indoor/Outdoor Games,Carol Stream,EE. UU.,XXXXXXXXX,Jerry,6359,Smith,XXXXXXXXX,Home Office,IL,6296 Misty Zephyr Villas,60188.0,7,Fan Shop,41.89396668,-88.09660339,Pacific Asia,Pune,India,6359,2/28/2016 12:32,29014,1014,29.98999977,0.119999997,72600,49.97999954,0.289999992,5,249.8999939,219.9100037,63.77000046,South Asia,Maharashtra,COMPLETE,,1014,46,,http://images.acmesports.sports/O%27Brien+Men%27s+Neoprene+Life+Vest,O'Brien Men's Neoprene Life Vest,49.97999954,0,3/4/2016 12:32,Second Class
36867,PAYMENT,3,2,47.25,377.980011,Late delivery,1,45,Fishing,Ogden,EE. UU.,XXXXXXXXX,Mary,1022,Smith,XXXXXXXXX,Consumer,UT,1356 Pleasant Hickory Lane,84404.0,7,Fan Shop,41.23968124,-111.9685974,LATAM,Panama City,Panamá,1022,5/17/2015 6:49,9337,1004,22.0,0.059999999,23300,399.980011,0.129999995,1,399.980011,377.980011,47.25,Central America,Panamá,PENDING_PAYMENT,,1004,45,,http://images.acmesports.sports/Field+%26+Stream+Sportsman+16+Gun+Fire+Safe,Field & Stream Sportsman 16 Gun Fire Safe,399.980011,0,5/20/2015 6:49,Second Class
40590,DEBIT,5,4,32.95000076,97.48999786,Late delivery,1,18,Men's Footwear,Caguas,Puerto Rico,XXXXXXXXX,Elizabeth,3390,Stephenson,XXXXXXXXX,Corporate,PR,8808 Quaking Front,725.0,4,Apparel,18.20269966,-66.37051392,Europe,Cormeilles-en-Parisis,Francia,3390,8/28/2015 8:56,16399,403,32.5,0.25,40953,129.9900055,0.340000004,1,129.9900055,97.48999786,32.95000076,Western Europe,Isla de Francia,COMPLETE,,403,18,,http://images.acmesports.sports/Nike+Men%27s+CJ+Elite+2+TD+Football+Cleat,Nike Men's CJ Elite 2 TD Football Cleat,129.9900055,0,9/2/2015 8:56,Standard Class
70890,TRANSFER,2,1,48.5699997,105.5800018,Late delivery,1,17,Cleats,Austin,EE. UU.,XXXXXXXXX,Benjamin,7476,Cole,XXXXXXXXX,Corporate,TX,9136 Emerald Oak Maze,78704.0,4,Apparel,30.2586937,-97.76625061,Pacific Asia,Daca,Bangladés,7476,1/24/2016 18:43,26634,365,14.39999962,0.119999997,66701,59.99000168,0.460000008,2,119.9800034,105.5800018,48.5699997,South Asia,Daca,PENDING,,365,17,,http://images.acmesports.sports/Perfect+Fitness+Perfect+Rip+Deck,Perfect Fitness Perfect Rip Deck,59.99000168,0,1/26/2016 18:43,First Class
144591,TRANSFER,5,4,47.02000046,97.95999908,Late delivery,1,46,Indoor/Outdoor Games,Oceanside,EE. UU.,XXXXXXXXX,James,5016,Rangel,XXXXXXXXX,Corporate,CA,1213 Quaking Plaza,92056.0,7,Fan Shop,33.18746948,-117.3649445,Europe,Oberhausen,Alemania,5016,7/17/2015 14:57,13539,1014,2.0,0.02,33919,49.97999954,0.479999989,2,99.95999908,97.95999908,47.02000046,Western Europe,Renania del Norte-Westfalia,PROCESSING,,1014,46,,http://images.acmesports.sports/O%27Brien+Men%27s+Neoprene+Life+Vest,O'Brien Men's Neoprene Life Vest,49.97999954,0,7/22/2015 14:57,Standard Class
8699,DEBIT,4,4,11.39999962,75.98000336,Shipping on time,0,29,Shop By Sport,El Paso,EE. UU.,XXXXXXXXX,Christina,3850,Nelson,XXXXXXXXX,Corporate,TX,4187 Quiet Butterfly Grove,79927.0,5,Golf,31.65174103,-106.2676239,Africa,Lagos,Nigeria,3850,9/14/2016 11:23,42643,627,4.0,0.050000001,106431,39.99000168,0.150000006,2,79.98000336,75.98000336,11.39999962,West Africa,Lagos,COMPLETE,,627,29,,http://images.acmesports.sports/Under+Armour+Girls%27+Toddler+Spine+Surge+Running+Shoe,Under Armour Girls' Toddler Spine Surge Runni,39.99000168,0,9/18/2016 11:23,Standard Class
67716,DEBIT,2,4,109.2799988,237.5599976,Advance shipping,0,17,Cleats,Caguas,Puerto Rico,XXXXXXXXX,John,3729,Peters,XXXXXXXXX,Corporate,PR,9050 Pleasant Cloud Mountain,725.0,4,Apparel,18.28256416,-66.37063599,Europe,Munster,Alemania,3729,8/7/2015 5:39,14951,365,2.400000095,0.01,37438,59.99000168,0.460000008,4,239.9600067,237.5599976,109.2799988,Western Europe,Baja Sajonia,COMPLETE,,365,17,,http://images.acmesports.sports/Perfect+Fitness+Perfect+Rip+Deck,Perfect Fitness Perfect Rip Deck,59.99000168,0,8/9/2015 5:39,Standard Class
169453,TRANSFER,6,2,22.27000046,296.980011,Late delivery,1,43,Camping & Hiking,Moreno Valley,EE. UU.,XXXXXXXXX,Mary,11422,Jones,XXXXXXXXX,Home Office,CA,4545 Dewy Apple Concession,92557.0,7,Fan Shop,33.94717026,-117.253624,Pacific Asia,Sialkot,Pakistán,11422,2/27/2016 0:06,28910,957,3.0,0.01,72346,299.980011,0.079999998,1,299.980011,296.980011,22.27000046,South Asia,Punyab,PENDING,,957,43,,http://images.acmesports.sports/Diamondback+Women%27s+Serene+Classic+Comfort+Bike+2014,Diamondback Women's Serene Classic Comfort Bi,299.980011,0,3/4/2016 0:06,Second Class
129194,DEBIT,2,4,41.15999985,147.0,Advance shipping,0,24,Women's Apparel,South Richmond Hill,EE. UU.,XXXXXXXXX,Mary,8532,Sellers,XXXXXXXXX,Consumer,NY,65 Stony Concession,11419.0,5,Golf,40.68805313,-73.82411957,Pacific Asia,Masjed Soleyman,Irán,8532,9/12/2016 21:54,42536,502,3.0,0.02,106185,50.0,0.280000001,3,150.0,147.0,41.15999985,South Asia,Juzestán,COMPLETE,,502,24,,http://images.acmesports.sports/Nike+Men%27s+Dri-FIT+Victory+Golf+Polo,Nike Men's Dri-FIT Victory Golf Polo,50.0,0,9/14/2016 21:54,Standard Class
111268,PAYMENT,4,4,9.220000267,122.9499969,Shipping on time,0,46,Indoor/Outdoor Games,Caguas,Puerto Rico,XXXXXXXXX,Mary,6987,Phillips,XXXXXXXXX,Corporate,PR,6188 Foggy Beacon Via,725.0,7,Fan Shop,18.22711563,-66.37059784,Pacific Asia,Gaziantep,Turquía,6987,1/5/2017 19:49,50408,1014,26.98999977,0.180000007,125957,49.97999954,0.079999998,3,149.9400024,122.9499969,9.220000267,West Asia,Gaziantep,PENDING_PAYMENT,,1014,46,,http://images.acmesports.sports/O%27Brien+Men%27s+Neoprene+Life+Vest,O'Brien Men's Neoprene Life Vest,49.97999954,0,1/9/2017 19:49,Standard Class
174592,CASH,3,4,33.75,269.9700012,Advance shipping,0,9,Cardio Equipment,Caguas,Puerto Rico,XXXXXXXXX,Mary,8758,Shelton,XXXXXXXXX,Consumer,PR,475 Colonial Autoroute,725.0,3,Footwear,18.26347733,-66.37062836,Pacific Asia,Anqing,China,8758,2/16/2016 5:33,28172,191,30.0,0.100000001,70454,99.98999786,0.129999995,3,299.9700012,269.9700012,33.75,Eastern Asia,Anhui,CLOSED,,191,9,,http://images.acmesports.sports/Nike+Men%27s+Free+5.0%2B+Running+Shoe,Nike Men's Free 5.0+ Running Shoe,99.98999786,0,2/19/2016 5:33,Standard Class
165133,DEBIT,5,4,8.850000381,149.9600067,Late delivery,1,29,Shop By Sport,Bakersfield,EE. UU.,XXXXXXXXX,Stephen,4287,Smith,XXXXXXXXX,Home Office,CA,4629 Dusty Pony Highway,93307.0,5,Golf,35.31053162,-119.0147934,Pacific Asia,Jinjiang,China,4287,11/27/2015 4:05,22619,627,49.99000168,0.25,56595,39.99000168,0.059999999,5,199.9499969,149.9600067,8.850000381,Eastern Asia,Fujian,COMPLETE,,627,29,,http://images.acmesports.sports/Under+Armour+Girls%27+Toddler+Spine+Surge+Running+Shoe,Under Armour Girls' Toddler Spine Surge Runni,39.99000168,0,12/2/2015 4:05,Standard Class
103334,TRANSFER,5,2,12.47000027,197.9900055,Late delivery,1,48,Water Sports,Phoenix,EE. UU.,XXXXXXXXX,Aaron,1573,Norman,XXXXXXXXX,Consumer,AZ,830 Quaking Bear Grounds,85009.0,7,Fan Shop,33.45198822,-112.1262131,Europe,Oviedo,España,1573,9/19/2015 8:13,17904,1073,2.0,0.01,44719,199.9900055,0.059999999,1,199.9900055,197.9900055,12.47000027,Southern Europe,Asturias,PROCESSING,,1073,48,,http://images.acmesports.sports/Pelican+Sunstream+100+Kayak,Pelican Sunstream 100 Kayak,199.9900055,0,9/24/2015 8:13,Second Class
124100,TRANSFER,6,4,25.02000046,90.98999786,Late delivery,1,9,Cardio Equipment,Caguas,Puerto Rico,XXXXXXXXX,Thomas,5229,Butler,XXXXXXXXX,Corporate,PR,4047 Indian Range,725.0,3,Footwear,18.22236061,-66.37055206,Pacific Asia,Ankara,Turquía,5229,10/16/2016 13:05,44840,191,9.0,0.090000004,112012,99.98999786,0.280000001,1,99.98999786,90.98999786,25.02000046,West Asia,Ankara,PENDING,,191,9,,http://images.acmesports.sports/Nike+Men%27s+Free+5.0%2B+Running+Shoe,Nike Men's Free 5.0+ Running Shoe,99.98999786,0,10/22/2016 13:05,Standard Class
143749,DEBIT,2,4,57.93999863,125.9499969,Advance shipping,0,46,Indoor/Outdoor Games,San Pedro,EE. UU.,XXXXXXXXX,Patricia,4486,Carter,XXXXXXXXX,Corporate,CA,2328 Rustic Elk Abbey,90731.0,7,Fan Shop,33.73786926,-118.2846069,Europe,Kingswood,Reino Unido,4486,9/2/2015 21:01,16776,1014,23.98999977,0.159999996,41921,49.97999954,0.460000008,3,149.9400024,125.9499969,57.93999863,Northern Europe,Inglaterra,COMPLETE,,1014,46,,http://images.acmesports.sports/O%27Brien+Men%27s+Neoprene+Life+Vest,O'Brien Men's Neoprene Life Vest,49.97999954,0,9/4/2015 21:01,Standard Class
128543,DEBIT,6,4,29.38999939,117.5699997,Late delivery,1,29,Shop By Sport,Baltimore,EE. UU.,XXXXXXXXX,Mary,7945,Smith,XXXXXXXXX,Consumer,MD,9832 Bright Pioneer Lane,21215.0,5,Golf,39.36317062,-76.70053101,Europe,Rome,Italia,7945,6/26/2017 0:18,62135,627,2.400000095,0.02,155349,39.99000168,0.25,3,119.9700012,117.5699997,29.38999939,Southern Europe,Lacio,COMPLETE,,627,29,,http://images.acmesports.sports/Under+Armour+Girls%27+Toddler+Spine+Surge+Running+Shoe,Under Armour Girls' Toddler Spine Surge Runni,39.99000168,0,7/2/2017 0:18,Standard Class
134705,TRANSFER,6,4,-199.4700012,128.6900024,Late delivery,1,18,Men's Footwear,Elmhurst,EE. UU.,XXXXXXXXX,Mary,11403,Smith,XXXXXXXXX,Consumer,IL,3996 Crystal Zephyr Swale,60126.0,4,Apparel,41.90410233,-87.93784332,USCA,Seattle,Estados Unidos,11403,4/10/2016 3:22,31865,403,1.299999952,0.01,79630,129.9900055,-1.549999952,1,129.9900055,128.6900024,-199.4700012,West of USA ,Washington,PENDING,98105.0,403,18,,http://images.acmesports.sports/Nike+Men%27s+CJ+Elite+2+TD+Football+Cleat,Nike Men's CJ Elite 2 TD Football Cleat,129.9900055,0,4/16/2016 3:22,Standard Class
170161,TRANSFER,6,4,87.11000061,239.9799957,Late delivery,1,43,Camping & Hiking,Spring Valley,EE. UU.,XXXXXXXXX,Christine,6660,Smith,XXXXXXXXX,Home Office,CA,5717 Shady Vista,91977.0,7,Fan Shop,32.71469498,-117.003624,Europe,Trier,Alemania,6660,10/10/2015 3:48,19330,957,60.0,0.200000003,48331,299.980011,0.360000014,1,299.980011,239.9799957,87.11000061,Western Europe,Renania-Palatinado,PENDING,,957,43,,http://images.acmesports.sports/Diamondback+Women%27s+Serene+Classic+Comfort+Bike+2014,Diamondback Women's Serene Classic Comfort Bi,299.980011,0,10/16/2015 3:48,Standard Class
66200,DEBIT,6,2,58.52000046,124.5,Late delivery,1,24,Women's Apparel,Pasadena,EE. UU.,XXXXXXXXX,Mary,6330,Hodges,XXXXXXXXX,Consumer,MD,8165 Red Lane,21122.0,5,Golf,39.12250137,-76.58623505,USCA,Philadelphia,Estados Unidos,6330,7/20/2016 2:00,38780,502,25.5,0.170000002,96825,50.0,0.469999999,3,150.0,124.5,58.52000046,East of USA,Pensilvania,COMPLETE,19140.0,502,24,,http://images.acmesports.sports/Nike+Men%27s+Dri-FIT+Victory+Golf+Polo,Nike Men's Dri-FIT Victory Golf Polo,50.0,0,7/26/2016 2:00,Second Class
34310,CASH,2,4,78.55999756,290.980011,Advance shipping,0,43,Camping & Hiking,Irving,EE. UU.,XXXXXXXXX,Mary,2688,Ross,XXXXXXXXX,Consumer,TX,5809 Foggy Treasure Grounds,75060.0,7,Fan Shop,32.8861351,-96.98526764,USCA,Los Angeles,Estados Unidos,2688,7/23/2016 10:56,39011,957,9.0,0.029999999,97392,299.980011,0.270000011,1,299.980011,290.980011,78.55999756,West of USA ,California,CLOSED,90032.0,957,43,,http://images.acmesports.sports/Diamondback+Women%27s+Serene+Classic+Comfort+Bike+2014,Diamondback Women's Serene Classic Comfort Bi,299.980011,0,7/25/2016 10:56,Standard Class
111664,PAYMENT,1,0,38.97999954,149.9400024,Late delivery,1,46,Indoor/Outdoor Games,Caguas,Puerto Rico,XXXXXXXXX,Mary,1757,Smith,XXXXXXXXX,Consumer,PR,67 Cotton Mountain Terrace,725.0,7,Fan Shop,18.25950241,-66.37050629,Pacific Asia,Izmir,Turquía,1757,12/15/2016 19:40,48969,1014,0.0,0.0,122441,49.97999954,0.25999999,3,149.9400024,149.9400024,38.97999954,West Asia,Izmir,PENDING_PAYMENT,,1014,46,,http://images.acmesports.sports/O%27Brien+Men%27s+Neoprene+Life+Vest,O'Brien Men's Neoprene Life Vest,49.97999954,0,12/16/2016 7:40,Same Day
25580,DEBIT,2,1,53.75,191.9700012,Late delivery,1,17,Cleats,Carson,EE. UU.,XXXXXXXXX,Rebecca,3391,Smith,XXXXXXXXX,Corporate,CA,7126 Shady Bluff Promenade,90745.0,4,Apparel,33.83167267,-118.0937347,Europe,Turin,Italia,3391,7/1/2015 19:32,12456,365,47.99000168,0.200000003,31171,59.99000168,0.280000001,4,239.9600067,191.9700012,53.75,Southern Europe,Piamonte,COMPLETE,,365,17,,http://images.acmesports.sports/Perfect+Fitness+Perfect+Rip+Deck,Perfect Fitness Perfect Rip Deck,59.99000168,0,7/3/2015 19:32,First Class
98095,DEBIT,4,2,34.86000061,69.72000122,Late delivery,1,40,Accessories,Santa Cruz,EE. UU.,XXXXXXXXX,Mary,5452,Olson,XXXXXXXXX,Home Office,CA,3872 Colonial Pioneer Estates,95060.0,6,Outdoors,36.97051239,-122.0238266,LATAM,Coyoacán,México,5452,3/24/2015 8:38,5643,905,5.25,0.07,14072,24.98999977,0.5,3,74.97000122,69.72000122,34.86000061,Central America,Distrito Federal,COMPLETE,,905,40,,http://images.acmesports.sports/Team+Golf+Texas+Longhorns+Putter+Grip,Team Golf Texas Longhorns Putter Grip,24.98999977,0,3/28/2015 8:38,Second Class
142165,DEBIT,2,2,105.7399979,224.9900055,Shipping on time,0,43,Camping & Hiking,Caguas,Puerto Rico,XXXXXXXXX,Mary,2481,Clements,XXXXXXXXX,Home Office,PR,2439 Quaking Cove,725.0,7,Fan Shop,18.29651833,-66.37052155,Pacific Asia,Tasikmalaya,Indonesia,2481,3/6/2016 16:54,29506,957,75.0,0.25,73844,299.980011,0.469999999,1,299.980011,224.9900055,105.7399979,Southeast Asia,Java Occidental,ON_HOLD,,957,43,,http://images.acmesports.sports/Diamondback+Women%27s+Serene+Classic+Comfort+Bike+2014,Diamondback Women's Serene Classic Comfort Bi,299.980011,0,3/8/2016 16:54,Second Class
1108,DEBIT,4,2,138.4400024,314.6400146,Late delivery,1,73,Sporting Goods,Newark,EE. UU.,XXXXXXXXX,Imelda,19331,Castaneda,XXXXXXXXX,Home Office,DE,5860 Hidden Parkway,19711.0,2,Fitness,39.67436981,-75.76576996,Pacific Asia,Zhaoqing,China,19331,1/11/2018 4:03,75778,1360,13.10999966,0.039999999,179093,327.75,0.439999998,1,327.75,314.6400146,138.4400024,Eastern Asia,Guangdong,ON_HOLD,,1360,73,,http://images.acmesports.sports/Smart+watch ,Smart watch ,327.75,0,1/15/2018 4:03,Second Class
139742,TRANSFER,4,4,47.79000092,106.2099991,Shipping on time,0,37,Electronics,Caguas,Puerto Rico,XXXXXXXXX,Christopher,4764,Smith,XXXXXXXXX,Corporate,PR,3813 Grand Dale,725.0,6,Outdoors,18.2605648,-66.3706131,LATAM,Chinandega,Nicaragua,4764,4/19/2015 18:46,7453,835,21.75,0.170000002,18687,31.98999977,0.449999988,4,127.9599991,106.2099991,47.79000092,Central America,Chinandega,PROCESSING,,835,37,,http://images.acmesports.sports/Bridgestone+e6+Straight+Distance+NFL+Carolina+Panthers+Golf...,Bridgestone e6 Straight Distance NFL Carolina,31.98999977,0,4/23/2015 18:46,Standard Class
91286,PAYMENT,5,4,25.07999992,284.980011,Late delivery,1,43,Camping & Hiking,Caguas,Puerto Rico,XXXXXXXXX,Mary,217,Hughes,XXXXXXXXX,Corporate,PR,1490 Silver Canyon,725.0,7,Fan Shop,18.24755859,-66.02539063,Pacific Asia,Bangalore,India,217,1/30/2016 7:51,27014,957,15.0,0.050000001,67667,299.980011,0.090000004,1,299.980011,284.980011,25.07999992,South Asia,Karnataka,PENDING_PAYMENT,,957,43,,http://images.acmesports.sports/Diamondback+Women%27s+Serene+Classic+Comfort+Bike+2014,Diamondback Women's Serene Classic Comfort Bi,299.980011,0,2/4/2016 7:51,Standard Class
134965,TRANSFER,4,4,3.609999895,41.5,Shipping on time,0,24,Women's Apparel,Columbia,EE. UU.,XXXXXXXXX,Mary,8742,Kim,XXXXXXXXX,Consumer,SC,6512 Easy Trail,29223.0,5,Golf,34.07184982,-80.95857239,USCA,Houston,Estados Unidos,8742,8/12/2016 11:36,40383,502,8.5,0.170000002,100775,50.0,0.090000004,1,50.0,41.5,3.609999895,US Center ,Texas,PROCESSING,77041.0,502,24,,http://images.acmesports.sports/Nike+Men%27s+Dri-FIT+Victory+Golf+Polo,Nike Men's Dri-FIT Victory Golf Polo,50.0,0,8/16/2016 11:36,Standard Class
84098,DEBIT,6,4,-13.43999958,33.59000015,Late delivery,1,29,Shop By Sport,New Orleans,EE. UU.,XXXXXXXXX,Mary,8775,Scott,XXXXXXXXX,Consumer,LA,3692 Cotton Horse Common,70122.0,5,Golf,30.00682259,-90.06139374,LATAM,Fort-de-France,Martinica,8775,5/23/2017 5:15,59820,627,6.400000095,0.159999996,149734,39.99000168,-0.400000006,1,39.99000168,33.59000015,-13.43999958,Caribbean,Martinica,COMPLETE,,627,29,,http://images.acmesports.sports/Under+Armour+Girls%27+Toddler+Spine+Surge+Running+Shoe,Under Armour Girls' Toddler Spine Surge Runni,39.99000168,0,5/29/2017 5:15,Standard Class
94552,DEBIT,5,4,12.89999962,26.87000084,Late delivery,1,37,Electronics,Mesa,EE. UU.,XXXXXXXXX,Steven,4323,Smith,XXXXXXXXX,Consumer,AZ,6718 High Panda Dell,85204.0,6,Outdoors,33.41001129,-111.7717972,Pacific Asia,Coimbatore,India,4323,1/8/2016 6:50,25504,828,5.119999886,0.159999996,63898,31.98999977,0.479999989,1,31.98999977,26.87000084,12.89999962,South Asia,Tamil Nadu,ON_HOLD,,828,37,,http://images.acmesports.sports/Bridgestone+e6+Straight+Distance+NFL+San+Diego+Chargers...,Bridgestone e6 Straight Distance NFL San Dieg,31.98999977,0,1/13/2016 6:50,Standard Class
67053,DEBIT,3,4,20.17000008,77.58000183,Advance shipping,0,29,Shop By Sport,Caguas,Puerto Rico,XXXXXXXXX,Jeffrey,11736,Smith,XXXXXXXXX,Corporate,PR,2351 Misty Crest,725.0,5,Golf,18.22050858,-66.37062073,LATAM,Guadalajara,México,11736,4/13/2017 0:45,57067,627,2.400000095,0.029999999,142757,39.99000168,0.25999999,2,79.98000336,77.58000183,20.17000008,Central America,Jalisco,COMPLETE,,627,29,,http://images.acmesports.sports/Under+Armour+Girls%27+Toddler+Spine+Surge+Running+Shoe,Under Armour Girls' Toddler Spine Surge Runni,39.99000168,0,4/16/2017 0:45,Standard Class
30178,TRANSFER,6,4,91.79000092,254.9799957,Late delivery,1,43,Camping & Hiking,Caguas,Puerto Rico,XXXXXXXXX,Rose,6496,Smith,XXXXXXXXX,Home Office,PR,8013 Wishing Freeway,725.0,7,Fan Shop,18.29485703,-66.3705368,Europe,Genk,Bélgica,6496,9/26/2017 16:59,68485,957,45.0,0.150000006,171245,299.980011,0.360000014,1,299.980011,254.9799957,91.79000092,Western Europe,Limburgo,PROCESSING,,957,43,,http://images.acmesports.sports/Diamondback+Women%27s+Serene+Classic+Comfort+Bike+2014,Diamondback Women's Serene Classic Comfort Bi,299.980011,0,10/2/2017 16:59,Standard Class
130734,CASH,6,4,-34.99000168,49.97999954,Late delivery,1,46,Indoor/Outdoor Games,Elgin,EE. UU.,XXXXXXXXX,Mary,1812,Smith,XXXXXXXXX,Home Office,IL,3064 Colonial Cove,60123.0,7,Fan Shop,42.03330612,-88.29245758,USCA,Seattle,Estados Unidos,1812,4/12/2016 13:11,32030,1014,0.0,0.0,80083,49.97999954,-0.699999988,1,49.97999954,49.97999954,-34.99000168,West of USA ,Washington,CLOSED,98115.0,1014,46,,http://images.acmesports.sports/O%27Brien+Men%27s+Neoprene+Life+Vest,O'Brien Men's Neoprene Life Vest,49.97999954,0,4/18/2016 13:11,Standard Class
99470,TRANSFER,5,4,73.47000122,149.9400024,Late delivery,1,46,Indoor/Outdoor Games,Virginia Beach,EE. UU.,XXXXXXXXX,Mary,6708,Costa,XXXXXXXXX,Corporate,VA,6161 Hidden Bluff Trace,23455.0,7,Fan Shop,36.91083145,-76.12958527,USCA,Fort Worth,Estados Unidos,6708,8/7/2016 19:51,40064,1014,49.97999954,0.25,99976,49.97999954,0.49000001,4,199.9199982,149.9400024,73.47000122,US Center ,Texas,PENDING,76106.0,1014,46,,http://images.acmesports.sports/O%27Brien+Men%27s+Neoprene+Life+Vest,O'Brien Men's Neoprene Life Vest,49.97999954,0,8/12/2016 19:51,Standard Class
110593,DEBIT,2,4,77.93000031,236.1600037,Advance shipping,0,46,Indoor/Outdoor Games,Staten Island,EE. UU.,XXXXXXXXX,Crystal,10031,Blake,XXXXXXXXX,Consumer,NY,6764 Tawny Link,10306.0,7,Fan Shop,40.56678009,-74.11734772,LATAM,San Pedro Sula,Honduras,10031,2/7/2017 18:53,52666,1014,13.73999977,0.059999999,131654,49.97999954,0.330000013,5,249.8999939,236.1600037,77.93000031,Central America,Cortés,COMPLETE,,1014,46,,http://images.acmesports.sports/O%27Brien+Men%27s+Neoprene+Life+Vest,O'Brien Men's Neoprene Life Vest,49.97999954,0,2/9/2017 18:53,Standard Class
50229,DEBIT,2,4,72.90000153,269.980011,Advance shipping,0,43,Camping & Hiking,Rego Park,EE. UU.,XXXXXXXXX,John,3432,Smith,XXXXXXXXX,Corporate,NY,430 Little Beach,11374.0,7,Fan Shop,40.73192978,-73.8688736,Africa,Pretoria,SudAfrica,3432,11/4/2016 7:38,46126,957,30.0,0.100000001,115318,299.980011,0.270000011,1,299.980011,269.980011,72.90000153,Southern Africa,Gauteng,COMPLETE,,957,43,,http://images.acmesports.sports/Diamondback+Women%27s+Serene+Classic+Comfort+Bike+2014,Diamondback Women's Serene Classic Comfort Bi,299.980011,0,11/6/2016 7:38,Standard Class
158156,TRANSFER,2,2,99.73999786,284.980011,Shipping on time,0,43,Camping & Hiking,Caguas,Puerto Rico,XXXXXXXXX,Lauren,9032,Munoz,XXXXXXXXX,Consumer,PR,6676 Clear Centre,725.0,7,Fan Shop,18.21886635,-66.37060547,USCA,Noblesville,Estados Unidos,9032,5/14/2016 9:17,34211,957,15.0,0.050000001,85413,299.980011,0.349999994,1,299.980011,284.980011,99.73999786,US Center ,Indiana,PROCESSING,46060.0,957,43,,http://images.acmesports.sports/Diamondback+Women%27s+Serene+Classic+Comfort+Bike+2014,Diamondback Women's Serene Classic Comfort Bi,299.980011,0,5/16/2016 9:17,Second Class
31397,TRANSFER,6,4,211.4799957,449.9599915,Late delivery,1,9,Cardio Equipment,Caguas,Puerto Rico,XXXXXXXXX,Aaron,5009,Smith,XXXXXXXXX,Home Office,PR,7380 Hazy Timber Expressway,725.0,3,Footwear,18.22796059,-66.37052918,Pacific Asia,Mashhad,Irán,5009,11/22/2016 2:42,47345,191,50.0,0.100000001,118365,99.98999786,0.469999999,5,499.9500122,449.9599915,211.4799957,South Asia,Jorasán Razaví,PROCESSING,,191,9,,http://images.acmesports.sports/Nike+Men%27s+Free+5.0%2B+Running+Shoe,Nike Men's Free 5.0+ Running Shoe,99.98999786,0,11/28/2016 2:42,Standard Class
77218,DEBIT,5,4,65.51999664,142.4400024,Late delivery,1,46,Indoor/Outdoor Games,Tustin,EE. UU.,XXXXXXXXX,Bobby,10307,Miller,XXXXXXXXX,Consumer,CA,6324 Jagged Orchard,92780.0,7,Fan Shop,36.82581329,-121.6408463,Europe,Milan,Italia,10307,9/23/2017 6:18,68249,1014,7.5,0.050000001,170624,49.97999954,0.460000008,3,149.9400024,142.4400024,65.51999664,Southern Europe,Lombardía,COMPLETE,,1014,46,,http://images.acmesports.sports/O%27Brien+Men%27s+Neoprene+Life+Vest,O'Brien Men's Neoprene Life Vest,49.97999954,0,9/28/2017 6:18,Standard Class
81648,DEBIT,3,2,73.5,210.0,Late delivery,1,24,Women's Apparel,Wilmington,EE. UU.,XXXXXXXXX,Mary,283,Smith,XXXXXXXXX,Consumer,CA,9765 Quaking Turnabout,90744.0,5,Golf,33.84475327,-118.2369156,Pacific Asia,Nom Pen,Camboya,283,1/29/2016 11:53,26957,502,40.0,0.159999996,67526,50.0,0.349999994,5,250.0,210.0,73.5,Southeast Asia,Nom Pen,ON_HOLD,,502,24,,http://images.acmesports.sports/Nike+Men%27s+Dri-FIT+Victory+Golf+Polo,Nike Men's Dri-FIT Victory Golf Polo,50.0,0,2/1/2016 11:53,Second Class
100794,TRANSFER,3,4,4.949999809,49.47999954,Advance shipping,0,46,Indoor/Outdoor Games,Dallas,EE. UU.,XXXXXXXXX,Frances,8774,Smith,XXXXXXXXX,Consumer,TX,7457 Middle Gate Trace,75217.0,7,Fan Shop,32.71303558,-96.69631958,USCA,Phoenix,Estados Unidos,8774,5/28/2016 23:58,35212,1014,0.5,0.01,87948,49.97999954,0.100000001,1,49.97999954,49.47999954,4.949999809,West of USA ,Arizona,PROCESSING,85023.0,1014,46,,http://images.acmesports.sports/O%27Brien+Men%27s+Neoprene+Life+Vest,O'Brien Men's Neoprene Life Vest,49.97999954,0,5/31/2016 23:58,Standard Class
125088,PAYMENT,0,0,142.5399933,296.9500122,Shipping on time,0,17,Cleats,Caguas,Puerto Rico,XXXXXXXXX,Christopher,8024,Smith,XXXXXXXXX,Consumer,PR,3006 Sleepy Leaf Farm,725.0,4,Apparel,18.21414375,-66.37052155,Europe,Birmingham,Reino Unido,8024,7/18/2017 3:25,63651,365,3.0,0.01,159106,59.99000168,0.479999989,5,299.9500122,296.9500122,142.5399933,Northern Europe,Inglaterra,PENDING_PAYMENT,,365,17,,http://images.acmesports.sports/Perfect+Fitness+Perfect+Rip+Deck,Perfect Fitness Perfect Rip Deck,59.99000168,0,7/18/2017 15:25,Same Day
91944,PAYMENT,5,4,110.5299988,235.1600037,Late delivery,1,17,Cleats,Caguas,Puerto Rico,XXXXXXXXX,Mary,5015,Gutierrez,XXXXXXXXX,Corporate,PR,6724 High Chase,725.0,4,Apparel,18.23696327,-66.3705368,Europe,Herten,Alemania,5015,7/12/2017 8:20,63254,365,4.800000191,0.02,158144,59.99000168,0.469999999,4,239.9600067,235.1600037,110.5299988,Western Europe,Renania del Norte-Westfalia,PENDING_PAYMENT,,365,17,,http://images.acmesports.sports/Perfect+Fitness+Perfect+Rip+Deck,Perfect Fitness Perfect Rip Deck,59.99000168,0,7/17/2017 8:20,Standard Class
28114,PAYMENT,2,1,8.550000191,42.74000168,Late delivery,1,6,Tennis & Racquet,Costa Mesa,EE. UU.,XXXXXXXXX,Sharon,2385,Smith,XXXXXXXXX,Corporate,CA,1440 Fallen Private,92627.0,2,Fitness,33.63584137,-117.9041443,Europe,Sarajevo,Bosnia y Herzegovina,2385,9/16/2016 6:08,42765,116,2.25,0.050000001,106738,44.99000168,0.200000003,1,44.99000168,42.74000168,8.550000191,Southern Europe,Federación de Bosnia y Herzegovina,PAYMENT_REVIEW,,116,6,,http://images.acmesports.sports/Nike+Men%27s+Comfort+2+Slide,Nike Men's Comfort 2 Slide,44.99000168,0,9/18/2016 6:08,First Class
163743,DEBIT,5,4,39.0,149.9900055,Late delivery,1,9,Cardio Equipment,Philadelphia,EE. UU.,XXXXXXXXX,Benjamin,7392,Trevino,XXXXXXXXX,Home Office,PA,3760 Middle Hill,19124.0,3,Footwear,40.01562119,-75.08410645,Europe,Zeist,Países Bajos,7392,10/23/2015 22:32,20274,191,50.0,0.25,50633,99.98999786,0.25999999,2,199.9799957,149.9900055,39.0,Western Europe,Utrecht,COMPLETE,,191,9,,http://images.acmesports.sports/Nike+Men%27s+Free+5.0%2B+Running+Shoe,Nike Men's Free 5.0+ Running Shoe,99.98999786,0,10/28/2015 22:32,Standard Class
111552,PAYMENT,6,4,-29.98999977,149.9400024,Late delivery,1,46,Indoor/Outdoor Games,Jonesboro,EE. UU.,XXXXXXXXX,Sharon,5075,Moore,XXXXXXXXX,Consumer,AR,5180 Iron Brook Promenade,72401.0,7,Fan Shop,35.82093811,-90.63085938,Europe,Nitra,Eslovaquia,5075,12/22/2016 2:40,49400,1014,49.97999954,0.25,123473,49.97999954,-0.200000003,4,199.9199982,149.9400024,-29.98999977,Eastern Europe,Nitra,PENDING_PAYMENT,,1014,46,,http://images.acmesports.sports/O%27Brien+Men%27s+Neoprene+Life+Vest,O'Brien Men's Neoprene Life Vest,49.97999954,0,12/28/2016 2:40,Standard Class
28852,PAYMENT,2,1,10.80000019,179.9600067,Late delivery,1,29,Shop By Sport,San Diego,EE. UU.,XXXXXXXXX,Robert,9128,Smith,XXXXXXXXX,Corporate,CA,8773 Dewy Blossom Line,92129.0,5,Golf,32.77582169,-117.1399307,Europe,Paris,Francia,9128,8/20/2017 10:54,65933,627,20.0,0.100000001,164770,39.99000168,0.059999999,5,199.9499969,179.9600067,10.80000019,Western Europe,Isla de Francia,PENDING_PAYMENT,,627,29,,http://images.acmesports.sports/Under+Armour+Girls%27+Toddler+Spine+Surge+Running+Shoe,Under Armour Girls' Toddler Spine Surge Runni,39.99000168,0,8/22/2017 10:54,First Class
11976,TRANSFER,3,4,-118.2099991,283.480011,Advance shipping,0,43,Camping & Hiking,Caguas,Puerto Rico,XXXXXXXXX,Mary,12365,Pearson,XXXXXXXXX,Home Office,PR,8732 Broad Wagon  Road,725.0,7,Fan Shop,18.28599739,-66.37062836,Europe,Saumur,Francia,12365,9/25/2017 1:24,68372,957,16.5,0.059999999,170936,299.980011,-0.419999987,1,299.980011,283.480011,-118.2099991,Western Europe,Países del Loira,PROCESSING,,957,43,,http://images.acmesports.sports/Diamondback+Women%27s+Serene+Classic+Comfort+Bike+2014,Diamondback Women's Serene Classic Comfort Bi,299.980011,0,9/28/2017 1:24,Standard Class
178698,DEBIT,3,2,34.43000031,122.9499969,Late delivery,1,46,Indoor/Outdoor Games,Caguas,Puerto Rico,XXXXXXXXX,Amanda,4907,Lopez,XXXXXXXXX,Consumer,PR,5214 Colonial Square,725.0,7,Fan Shop,18.27601051,-66.37059021,LATAM,Morelia,México,4907,4/20/2015 4:55,7482,1014,26.98999977,0.180000007,18761,49.97999954,0.280000001,3,149.9400024,122.9499969,34.43000031,Central America,Michoacán,COMPLETE,,1014,46,,http://images.acmesports.sports/O%27Brien+Men%27s+Neoprene+Life+Vest,O'Brien Men's Neoprene Life Vest,49.97999954,0,4/23/2015 4:55,Second Class
55312,PAYMENT,2,1,63.88000107,175.9900055,Late delivery,1,48,Water Sports,Bronx,EE. UU.,XXXXXXXXX,Karen,956,Smith,XXXXXXXXX,Corporate,NY,5407 Hazy Hills Point,10473.0,7,Fan Shop,40.9066658,-73.85459137,LATAM,Mérida,México,956,4/18/2017 2:40,57415,1073,24.0,0.119999997,143621,199.9900055,0.360000014,1,199.9900055,175.9900055,63.88000107,Central America,Yucatán,PENDING_PAYMENT,,1073,48,,http://images.acmesports.sports/Pelican+Sunstream+100+Kayak,Pelican Sunstream 100 Kayak,199.9900055,0,4/20/2017 2:40,First Class
152559,TRANSFER,2,1,105.5500031,363.980011,Shipping canceled,0,45,Fishing,New York,EE. UU.,XXXXXXXXX,Richard,11460,Payne,XXXXXXXXX,Corporate,NY,1156 Silver Sky Line,10128.0,7,Fan Shop,40.64491653,-73.9460907,USCA,San Francisco,Estados Unidos,11460,5/16/2016 11:23,34354,1004,36.0,0.090000004,85808,399.980011,0.289999992,1,399.980011,363.980011,105.5500031,West of USA ,California,SUSPECTED_FRAUD,94110.0,1004,45,,http://images.acmesports.sports/Field+%26+Stream+Sportsman+16+Gun+Fire+Safe,Field & Stream Sportsman 16 Gun Fire Safe,399.980011,0,5/18/2016 11:23,First Class
29486,PAYMENT,5,2,57.33000183,116.9899979,Late delivery,1,18,Men's Footwear,Chicago,EE. UU.,XXXXXXXXX,Madison,369,Sheppard,XXXXXXXXX,Corporate,IL,4152 Round Log Expressway,60624.0,4,Apparel,41.89555359,-87.73274231,LATAM,Santo Domingo,República Dominicana,369,5/22/2017 16:38,59784,403,13.0,0.100000001,149625,129.9900055,0.49000001,1,129.9900055,116.9899979,57.33000183,Caribbean,Santo Domingo,PENDING_PAYMENT,,403,18,,http://images.acmesports.sports/Nike+Men%27s+CJ+Elite+2+TD+Football+Cleat,Nike Men's CJ Elite 2 TD Football Cleat,129.9900055,0,5/27/2017 16:38,Second Class
10557,PAYMENT,4,4,30.73999977,245.9600067,Shipping on time,0,17,Cleats,Caguas,Puerto Rico,XXXXXXXXX,Russell,7287,Guzman,XXXXXXXXX,Home Office,PR,593 Iron Mountain Trail,725.0,4,Apparel,18.24269867,-66.3706131,Europe,Valencia,España,7287,7/14/2017 23:03,63433,365,53.99000168,0.180000007,158575,59.99000168,0.129999995,5,299.9500122,245.9600067,30.73999977,Southern Europe,Valenciana,PENDING_PAYMENT,,365,17,,http://images.acmesports.sports/Perfect+Fitness+Perfect+Rip+Deck,Perfect Fitness Perfect Rip Deck,59.99000168,0,7/18/2017 23:03,Standard Class
95508,DEBIT,5,4,28.38999939,84.0,Late delivery,1,24,Women's Apparel,Tallahassee,EE. UU.,XXXXXXXXX,Denise,11232,Smith,XXXXXXXXX,Consumer,FL,659 Iron Manor,32308.0,5,Golf,30.49506187,-84.24580383,Europe,Pontoise,Francia,11232,7/25/2017 16:54,64169,502,16.0,0.159999996,160452,50.0,0.340000004,2,100.0,84.0,28.38999939,Western Europe,Isla de Francia,COMPLETE,,502,24,,http://images.acmesports.sports/Nike+Men%27s+Dri-FIT+Victory+Golf+Polo,Nike Men's Dri-FIT Victory Golf Polo,50.0,0,7/30/2017 16:54,Standard Class
112710,TRANSFER,2,2,35.09000015,134.9499969,Shipping on time,0,46,Indoor/Outdoor Games,Jackson,EE. UU.,XXXXXXXXX,Mary,11713,Frost,XXXXXXXXX,Consumer,MI,8398 Cinder Brook Cape,49201.0,7,Fan Shop,42.10625076,-84.4058075,Europe,Berdyans'k,Ucrania,11713,10/22/2016 21:50,45276,1014,14.98999977,0.100000001,113124,49.97999954,0.25999999,3,149.9400024,134.9499969,35.09000015,Eastern Europe,Zaporiyia,PROCESSING,,1014,46,,http://images.acmesports.sports/O%27Brien+Men%27s+Neoprene+Life+Vest,O'Brien Men's Neoprene Life Vest,49.97999954,0,10/24/2016 21:50,Second Class
16111,CASH,1,0,4.949999809,247.5,Late delivery,1,24,Women's Apparel,Ann Arbor,EE. UU.,XXXXXXXXX,Mary,11075,Meyer,XXXXXXXXX,Consumer,MI,5676 Bright Parade,48103.0,5,Golf,42.20297241,-83.79707336,Pacific Asia,Nowra,Australia,11075,11/30/2015 16:10,22859,502,2.5,0.01,57220,50.0,0.02,5,250.0,247.5,4.949999809,Oceania,Nueva Gales del Sur,CLOSED,,502,24,,http://images.acmesports.sports/Nike+Men%27s+Dri-FIT+Victory+Golf+Polo,Nike Men's Dri-FIT Victory Golf Polo,50.0,0,12/1/2015 4:10,Same Day
114282,TRANSFER,2,1,-1.409999967,48.47999954,Late delivery,1,46,Indoor/Outdoor Games,Hesperia,EE. UU.,XXXXXXXXX,Kenneth,11890,Sampson,XXXXXXXXX,Consumer,CA,5571 Rocky Knoll,92345.0,7,Fan Shop,34.35308075,-117.4370422,LATAM,Gómez Palacio,México,11890,2/2/2015 23:25,2260,1014,1.5,0.029999999,5657,49.97999954,-0.029999999,1,49.97999954,48.47999954,-1.409999967,Central America,Durango,PROCESSING,,1014,46,,http://images.acmesports.sports/O%27Brien+Men%27s+Neoprene+Life+Vest,O'Brien Men's Neoprene Life Vest,49.97999954,0,2/4/2015 23:25,First Class
35,PAYMENT,2,1,152.6000061,317.9200134,Late delivery,1,73,Sporting Goods,Caguas,Puerto Rico,XXXXXXXXX,Aurora,19458,Sharp,XXXXXXXXX,Corporate,PR,830 Broad Beacon Maze,725.0,2,Fitness,18.24074173,-66.03705597,Pacific Asia,Singapur,Singapur,19458,1/13/2018 0:33,75905,1360,9.829999924,0.029999999,179220,327.75,0.479999989,1,327.75,317.9200134,152.6000061,Southeast Asia,Singapur,PENDING_PAYMENT,,1360,73,,http://images.acmesports.sports/Smart+watch ,Smart watch ,327.75,0,1/15/2018 0:33,First Class
132007,PAYMENT,4,2,6.190000057,49.47999954,Late delivery,1,46,Indoor/Outdoor Games,Washington,EE. UU.,XXXXXXXXX,Laura,3212,Griffin,XXXXXXXXX,Corporate,DC,2083 Sleepy Berry Landing,20020.0,7,Fan Shop,38.8549614,-76.96936035,Pacific Asia,Yakarta,Indonesia,3212,2/5/2016 22:54,27468,1014,0.5,0.01,68766,49.97999954,0.129999995,1,49.97999954,49.47999954,6.190000057,Southeast Asia,Yakarta,PENDING_PAYMENT,,1014,46,,http://images.acmesports.sports/O%27Brien+Men%27s+Neoprene+Life+Vest,O'Brien Men's Neoprene Life Vest,49.97999954,0,2/9/2016 22:54,Second Class
146551,PAYMENT,6,2,31.68000031,359.980011,Late delivery,1,45,Fishing,San Diego,EE. UU.,XXXXXXXXX,Mary,12192,Carlson,XXXXXXXXX,Consumer,CA,5104 Rustic Downs,92114.0,7,Fan Shop,32.75422669,-117.1972122,Pacific Asia,Wadi as Sir,Jordania,12192,11/14/2016 21:17,46850,1004,40.0,0.100000001,117115,399.980011,0.090000004,1,399.980011,359.980011,31.68000031,West Asia,Amán,PENDING_PAYMENT,,1004,45,,http://images.acmesports.sports/Field+%26+Stream+Sportsman+16+Gun+Fire+Safe,Field & Stream Sportsman 16 Gun Fire Safe,399.980011,0,11/20/2016 21:17,Second Class
126958,PAYMENT,6,4,8.18999958,129.9900055,Late delivery,1,18,Men's Footwear,Caguas,Puerto Rico,XXXXXXXXX,Paul,1900,Mercer,XXXXXXXXX,Consumer,PR,7072 Blue Sky Island,725.0,4,Apparel,18.20232201,-66.3706131,LATAM,Jequié,Brasil,1900,6/11/2017 6:27,61125,403,0.0,0.0,152891,129.9900055,0.059999999,1,129.9900055,129.9900055,8.18999958,South America,Bahía,PENDING_PAYMENT,,403,18,,http://images.acmesports.sports/Nike+Men%27s+CJ+Elite+2+TD+Football+Cleat,Nike Men's CJ Elite 2 TD Football Cleat,129.9900055,0,6/17/2017 6:27,Standard Class
6873,PAYMENT,6,4,36.08000183,76.76000214,Late delivery,1,36,Golf Balls,Caguas,Puerto Rico,XXXXXXXXX,Mary,2227,Smith,XXXXXXXXX,Home Office,PR,1836 Cozy View Orchard,725.0,6,Outdoors,18.29138756,-66.3706131,Pacific Asia,Manila,Filipinas,2227,2/6/2016 11:52,27505,804,3.200000048,0.039999999,68842,19.98999977,0.469999999,4,79.95999908,76.76000214,36.08000183,Southeast Asia,Capital Nacional,PENDING_PAYMENT,,804,36,,http://images.acmesports.sports/Glove+It+Women%27s+Imperial+Golf+Glove,Glove It Women's Imperial Golf Glove,19.98999977,0,2/12/2016 11:52,Standard Class
90360,PAYMENT,5,2,19.65999985,173.9600067,Late delivery,1,29,Shop By Sport,Caguas,Puerto Rico,XXXXXXXXX,Scott,6857,Fuller,XXXXXXXXX,Corporate,PR,1221 Easy Campus,725.0,5,Golf,18.2053566,-66.37059784,LATAM,Las Tunas,Cuba,6857,1/21/2015 8:01,1394,627,25.98999977,0.129999995,3447,39.99000168,0.109999999,5,199.9499969,173.9600067,19.65999985,Caribbean,Las Tunas,PENDING_PAYMENT,,627,29,,http://images.acmesports.sports/Under+Armour+Girls%27+Toddler+Spine+Surge+Running+Shoe,Under Armour Girls' Toddler Spine Surge Runni,39.99000168,0,1/26/2015 8:01,Second Class
57481,DEBIT,4,4,49.40000153,190.0,Shipping on time,0,24,Women's Apparel,Caguas,Puerto Rico,XXXXXXXXX,Jack,7062,Hines,XXXXXXXXX,Consumer,PR,3567 Misty Circle,725.0,5,Golf,18.26926041,-66.37059021,LATAM,Soyapango,El Salvador,7062,6/1/2017 18:02,60473,502,10.0,0.050000001,151337,50.0,0.25999999,4,200.0,190.0,49.40000153,Central America,San Salvador,ON_HOLD,,502,24,,http://images.acmesports.sports/Nike+Men%27s+Dri-FIT+Victory+Golf+Polo,Nike Men's Dri-FIT Victory Golf Polo,50.0,0,6/5/2017 18:02,Standard Class
71177,TRANSFER,2,1,87.41999817,186.0,Late delivery,1,24,Women's Apparel,West Covina,EE. UU.,XXXXXXXXX,Mary,11133,Smith,XXXXXXXXX,Corporate,CA,9541 Silent Jetty,91790.0,5,Golf,34.0547142,-117.9447479,USCA,San Francisco,Estados Unidos,11133,6/8/2016 11:52,35931,502,14.0,0.07,89733,50.0,0.469999999,4,200.0,186.0,87.41999817,West of USA ,California,PENDING,94122.0,502,24,,http://images.acmesports.sports/Nike+Men%27s+Dri-FIT+Victory+Golf+Polo,Nike Men's Dri-FIT Victory Golf Polo,50.0,0,6/10/2016 11:52,First Class
82954,DEBIT,3,4,135.0299988,371.980011,Advance shipping,0,45,Fishing,Memphis,EE. UU.,XXXXXXXXX,Mary,2389,Smith,XXXXXXXXX,Consumer,TN,6953 Lazy Beacon Circuit,38111.0,7,Fan Shop,35.20891571,-89.83085632,Europe,Grigny,Francia,2389,7/28/2015 7:46,14272,1004,28.0,0.07,35705,399.980011,0.360000014,1,399.980011,371.980011,135.0299988,Western Europe,Isla de Francia,COMPLETE,,1004,45,,http://images.acmesports.sports/Field+%26+Stream+Sportsman+16+Gun+Fire+Safe,Field & Stream Sportsman 16 Gun Fire Safe,399.980011,0,7/31/2015 7:46,Standard Class
64240,DEBIT,2,2,-36.36999893,290.980011,Shipping on time,0,43,Camping & Hiking,Detroit,EE. UU.,XXXXXXXXX,Dennis,2475,Hall,XXXXXXXXX,Consumer,MI,2355 Velvet Hickory Crest,48224.0,7,Fan Shop,42.41482544,-82.9394455,Europe,Cuenca,España,2475,9/15/2017 23:50,67751,957,9.0,0.029999999,169387,299.980011,-0.129999995,1,299.980011,290.980011,-36.36999893,Southern Europe,Castilla-La Mancha,COMPLETE,,957,43,,http://images.acmesports.sports/Diamondback+Women%27s+Serene+Classic+Comfort+Bike+2014,Diamondback Women's Serene Classic Comfort Bi,299.980011,0,9/17/2017 23:50,Second Class
103373,CASH,5,4,-489.5799866,191.9900055,Late delivery,1,48,Water Sports,Caguas,Puerto Rico,XXXXXXXXX,Sean,10665,Smith,XXXXXXXXX,Consumer,PR,9761 Broad Crossing,725.0,7,Fan Shop,18.230093,-66.37062836,Europe,Niort,Francia,10665,9/15/2015 21:53,17669,1073,8.0,0.039999999,44142,199.9900055,-2.549999952,1,199.9900055,191.9900055,-489.5799866,Western Europe,Aquitania-Lemosín-Poitou-Charentes,CLOSED,,1073,48,,http://images.acmesports.sports/Pelican+Sunstream+100+Kayak,Pelican Sunstream 100 Kayak,199.9900055,0,9/20/2015 21:53,Standard Class
46611,PAYMENT,4,4,-3.119999886,46.5,Shipping on time,0,24,Women's Apparel,Indianapolis,EE. UU.,XXXXXXXXX,Kevin,4316,Tran,XXXXXXXXX,Corporate,IN,6471 Gentle Bank,46226.0,5,Golf,39.83699036,-86.01907349,USCA,San Antonio,Estados Unidos,4316,8/22/2016 13:21,41073,502,3.5,0.07,102538,50.0,-0.07,1,50.0,46.5,-3.119999886,US Center ,Texas,PENDING_PAYMENT,78207.0,502,24,,http://images.acmesports.sports/Nike+Men%27s+Dri-FIT+Victory+Golf+Polo,Nike Men's Dri-FIT Victory Golf Polo,50.0,0,8/26/2016 13:21,Standard Class
121274,TRANSFER,4,4,128.3000031,272.980011,Shipping canceled,0,43,Camping & Hiking,Santa Ana,EE. UU.,XXXXXXXXX,Joseph,11214,Mccormick,XXXXXXXXX,Consumer,CA,1981 Thunder Zephyr Edge,92704.0,7,Fan Shop,33.6410408,-117.9077988,LATAM,Caucaia,Brasil,11214,2/21/2015 20:25,3553,957,27.0,0.090000004,8843,299.980011,0.469999999,1,299.980011,272.980011,128.3000031,South America,Ceará,CANCELED,,957,43,,http://images.acmesports.sports/Diamondback+Women%27s+Serene+Classic+Comfort+Bike+2014,Diamondback Women's Serene Classic Comfort Bi,299.980011,0,2/25/2015 20:25,Standard Class
116674,TRANSFER,2,1,45.34000015,139.5,Late delivery,1,24,Women's Apparel,Brooklyn,EE. UU.,XXXXXXXXX,Andrew,3813,Smith,XXXXXXXXX,Consumer,NY,1829 Jagged Gate Forest,11201.0,5,Golf,40.62839508,-73.94129944,Pacific Asia,Harbin,China,3813,2/21/2016 0:28,28500,502,10.5,0.07,71328,50.0,0.330000013,3,150.0,139.5,45.34000015,Eastern Asia,Heilongjiang,PROCESSING,,502,24,,http://images.acmesports.sports/Nike+Men%27s+Dri-FIT+Victory+Golf+Polo,Nike Men's Dri-FIT Victory Golf Polo,50.0,0,2/23/2016 0:28,First Class
113731,TRANSFER,3,4,59.13000107,181.9299927,Advance shipping,0,46,Indoor/Outdoor Games,Morristown,EE. UU.,XXXXXXXXX,Michael,5609,Bailey,XXXXXXXXX,Consumer,NJ,7106 Emerald Pony Mountain,7960.0,7,Fan Shop,40.79858398,-74.4823761,LATAM,Zapopan,México,5609,3/4/2015 1:18,4252,1014,17.98999977,0.090000004,10635,49.97999954,0.330000013,4,199.9199982,181.9299927,59.13000107,Central America,Jalisco,PENDING,,1014,46,,http://images.acmesports.sports/O%27Brien+Men%27s+Neoprene+Life+Vest,O'Brien Men's Neoprene Life Vest,49.97999954,0,3/7/2015 1:18,Standard Class
102236,PAYMENT,2,4,5.940000057,197.9900055,Advance shipping,0,48,Water Sports,Detroit,EE. UU.,XXXXXXXXX,Emily,1850,Riggs,XXXXXXXXX,Corporate,MI,2787 Quaking Common,48235.0,7,Fan Shop,42.43819809,-83.17873383,Pacific Asia,Manila,Filipinas,1850,11/28/2015 8:49,22701,1073,2.0,0.01,56814,199.9900055,0.029999999,1,199.9900055,197.9900055,5.940000057,Southeast Asia,Capital Nacional,PENDING_PAYMENT,,1073,48,,http://images.acmesports.sports/Pelican+Sunstream+100+Kayak,Pelican Sunstream 100 Kayak,199.9900055,0,11/30/2015 8:49,Standard Class
14310,DEBIT,6,4,-72.58999634,263.9700012,Late delivery,1,9,Cardio Equipment,Toms River,EE. UU.,XXXXXXXXX,Eugene,963,Smith,XXXXXXXXX,Corporate,NJ,5382 Hazy Pathway,8753.0,3,Footwear,39.98124695,-74.18277741,USCA,Los Angeles,Estados Unidos,963,8/21/2016 13:31,41005,191,36.0,0.119999997,102356,99.98999786,-0.280000001,3,299.9700012,263.9700012,-72.58999634,West of USA ,California,COMPLETE,90045.0,191,9,,http://images.acmesports.sports/Nike+Men%27s+Free+5.0%2B+Running+Shoe,Nike Men's Free 5.0+ Running Shoe,99.98999786,0,8/27/2016 13:31,Standard Class
3959,CASH,1,0,51.72999954,112.4599991,Late delivery,1,40,Accessories,Caguas,Puerto Rico,XXXXXXXXX,Ralph,1525,Washington,XXXXXXXXX,Corporate,PR,5352 Jagged Subdivision,725.0,6,Outdoors,18.27647972,-66.37059784,Europe,Klaip?da,Lituania,1525,10/9/2016 17:08,44372,906,12.5,0.100000001,110775,24.98999977,0.460000008,5,124.9499969,112.4599991,51.72999954,Northern Europe,Klaip?da,CLOSED,,906,40,,http://images.acmesports.sports/Team+Golf+Tennessee+Volunteers+Putter+Grip,Team Golf Tennessee Volunteers Putter Grip,24.98999977,0,10/10/2016 5:08,Same Day
20849,DEBIT,3,4,407.3999939,1455.0,Advance shipping,0,64,Computers,Caguas,Puerto Rico,XXXXXXXXX,Ann,18080,Bailey,XXXXXXXXX,Consumer,PR,7885 Misty Knoll,725.0,10,Technology,18.27580452,-66.03705597,Pacific Asia,Bangkok,Tailandia,18080,12/23/2017 21:46,74527,1351,45.0,0.029999999,177842,1500.0,0.280000001,1,1500.0,1455.0,407.3999939,Southeast Asia,Bangkok,COMPLETE,,1351,64,,http://images.acmesports.sports/Dell+Laptop,Dell Laptop,1500.0,0,12/26/2017 21:46,Standard Class
92363,PAYMENT,6,4,91.30000305,207.5,Late delivery,1,24,Women's Apparel,Caguas,Puerto Rico,XXXXXXXXX,Harold,8411,Smith,XXXXXXXXX,Corporate,PR,7894 Colonial Knoll,725.0,5,Golf,18.21080971,-66.37059784,Pacific Asia,Ninghai,China,8411,12/13/2015 5:49,23720,502,42.5,0.170000002,59345,50.0,0.439999998,5,250.0,207.5,91.30000305,Eastern Asia,Shandong,PENDING_PAYMENT,,502,24,,http://images.acmesports.sports/Nike+Men%27s+Dri-FIT+Victory+Golf+Polo,Nike Men's Dri-FIT Victory Golf Polo,50.0,0,12/19/2015 5:49,Standard Class
82492,DEBIT,2,4,17.23999977,50.99000168,Advance shipping,0,17,Cleats,Hollywood,EE. UU.,XXXXXXXXX,Gloria,11136,Smith,XXXXXXXXX,Consumer,FL,8284 Pleasant Pine Villas,33021.0,4,Apparel,26.00035858,-80.25123596,Europe,Munster,Alemania,11136,6/21/2017 6:47,61811,365,9.0,0.150000006,154514,59.99000168,0.340000004,1,59.99000168,50.99000168,17.23999977,Western Europe,Baja Sajonia,COMPLETE,,365,17,,http://images.acmesports.sports/Perfect+Fitness+Perfect+Rip+Deck,Perfect Fitness Perfect Rip Deck,59.99000168,0,6/23/2017 6:47,Standard Class
92056,PAYMENT,4,4,85.05000305,189.0,Shipping on time,0,24,Women's Apparel,Caguas,Puerto Rico,XXXXXXXXX,Mary,4517,Cline,XXXXXXXXX,Corporate,PR,1469 Cinder Leaf Cape,725.0,5,Golf,18.29146767,-66.37060547,LATAM,Itamaraju,Brasil,4517,4/1/2017 14:05,56283,502,11.0,0.059999999,140764,50.0,0.449999988,4,200.0,189.0,85.05000305,South America,Bahía,PENDING_PAYMENT,,502,24,,http://images.acmesports.sports/Nike+Men%27s+Dri-FIT+Victory+Golf+Polo,Nike Men's Dri-FIT Victory Golf Polo,50.0,0,4/5/2017 14:05,Standard Class
110354,TRANSFER,2,1,76.43000031,272.980011,Late delivery,1,43,Camping & Hiking,Oxnard,EE. UU.,XXXXXXXXX,Mary,8698,Allen,XXXXXXXXX,Consumer,CA,5443 Old Timber Expressway,93030.0,7,Fan Shop,34.26338196,-119.1467667,Pacific Asia,Delhi,India,8698,2/3/2016 9:36,27293,957,27.0,0.090000004,68372,299.980011,0.280000001,1,299.980011,272.980011,76.43000031,South Asia,Delhi,PROCESSING,,957,43,,http://images.acmesports.sports/Diamondback+Women%27s+Serene+Classic+Comfort+Bike+2014,Diamondback Women's Serene Classic Comfort Bi,299.980011,0,2/5/2016 9:36,First Class
135766,TRANSFER,4,4,32.66999817,104.3799973,Shipping canceled,0,3,Baseball & Softball,Waukegan,EE. UU.,XXXXXXXXX,Mary,4038,Smith,XXXXXXXXX,Consumer,IL,5961 Velvet Creek Cape,60085.0,2,Fitness,42.365345,-87.83589935,USCA,Pleasant Grove,Estados Unidos,4038,7/13/2016 22:09,38358,44,15.60000038,0.129999995,95729,59.99000168,0.310000002,2,119.9800034,104.3799973,32.66999817,West of USA ,Utah,CANCELED,84062.0,44,3,,http://images.acmesports.sports/adidas+Men%27s+F10+Messi+TRX+FG+Soccer+Cleat,adidas Men's F10 Messi TRX FG Soccer Cleat,59.99000168,0,7/17/2016 22:09,Standard Class
166849,PAYMENT,4,4,-12.72000027,54.59000015,Shipping on time,0,17,Cleats,Oceanside,EE. UU.,XXXXXXXXX,Kathy,9778,Maddox,XXXXXXXXX,Home Office,CA,3427 Iron Willow Villas,92054.0,4,Apparel,33.20246124,-117.3142853,LATAM,Buenos Aires,Argentina,9778,3/25/2017 10:25,55793,365,5.400000095,0.090000004,139531,59.99000168,-0.230000004,1,59.99000168,54.59000015,-12.72000027,South America,Buenos Aires,PENDING_PAYMENT,,365,17,,http://images.acmesports.sports/Perfect+Fitness+Perfect+Rip+Deck,Perfect Fitness Perfect Rip Deck,59.99000168,0,3/29/2017 10:25,Standard Class
150725,PAYMENT,2,1,3.640000105,363.9599915,Late delivery,1,9,Cardio Equipment,Caguas,Puerto Rico,XXXXXXXXX,Mary,9876,Smith,XXXXXXXXX,Home Office,PR,2878 Hazy Wagon  Thicket,725.0,3,Footwear,18.27272224,-66.37054443,Europe,Bordeaux,Francia,9876,8/6/2015 11:47,14900,191,36.0,0.090000004,37315,99.98999786,0.01,4,399.9599915,363.9599915,3.640000105,Western Europe,Aquitania-Lemosín-Poitou-Charentes,PENDING_PAYMENT,,191,9,,http://images.acmesports.sports/Nike+Men%27s+Free+5.0%2B+Running+Shoe,Nike Men's Free 5.0+ Running Shoe,99.98999786,0,8/8/2015 11:47,First Class
174882,CASH,6,4,27.71999931,439.9599915,Late delivery,1,9,Cardio Equipment,Caguas,Puerto Rico,XXXXXXXXX,Elizabeth,3498,Ramos,XXXXXXXXX,Consumer,PR,7342 Hidden Walk,725.0,3,Footwear,18.28766632,-66.3705368,Europe,Southend-on-Sea,Reino Unido,3498,8/1/2017 15:40,64645,191,59.99000168,0.119999997,161584,99.98999786,0.059999999,5,499.9500122,439.9599915,27.71999931,Northern Europe,Inglaterra,CLOSED,,191,9,,http://images.acmesports.sports/Nike+Men%27s+Free+5.0%2B+Running+Shoe,Nike Men's Free 5.0+ Running Shoe,99.98999786,0,8/7/2017 15:40,Standard Class
69008,PAYMENT,1,0,3.779999971,59.99000168,Late delivery,1,17,Cleats,Caguas,Puerto Rico,XXXXXXXXX,Mary,4601,Huber,XXXXXXXXX,Corporate,PR,4546 Silver Goose Highlands,725.0,4,Apparel,18.29389763,-66.37058258,Europe,Viena,Austria,4601,7/26/2015 15:28,14157,365,0.0,0.0,35428,59.99000168,0.059999999,1,59.99000168,59.99000168,3.779999971,Western Europe,Viena,PENDING_PAYMENT,,365,17,,http://images.acmesports.sports/Perfect+Fitness+Perfect+Rip+Deck,Perfect Fitness Perfect Rip Deck,59.99000168,0,7/27/2015 3:28,Same Day
142646,TRANSFER,2,1,49.95999908,146.9400024,Late delivery,1,46,Indoor/Outdoor Games,Caguas,Puerto Rico,XXXXXXXXX,Johnny,8605,Morse,XXXXXXXXX,Home Office,PR,4149 Gentle Log Cape,725.0,7,Fan Shop,18.20575523,-66.37055206,Pacific Asia,Tangshan,China,8605,10/30/2015 18:50,20743,1014,3.0,0.02,51836,49.97999954,0.340000004,3,149.9400024,146.9400024,49.95999908,Eastern Asia,Hebei,PENDING,,1014,46,,http://images.acmesports.sports/O%27Brien+Men%27s+Neoprene+Life+Vest,O'Brien Men's Neoprene Life Vest,49.97999954,0,11/1/2015 18:50,First Class
75968,TRANSFER,2,1,21.69000053,191.9900055,Late delivery,1,48,Water Sports,Caguas,Puerto Rico,XXXXXXXXX,Matthew,400,Vaughan,XXXXXXXXX,Corporate,PR,7538 High Heights,725.0,7,Fan Shop,18.24760056,-66.02527618,LATAM,Talcahuano,Chile,400,3/9/2015 10:35,4621,1073,8.0,0.039999999,11586,199.9900055,0.109999999,1,199.9900055,191.9900055,21.69000053,South America,Bío-Bío,PROCESSING,,1073,48,,http://images.acmesports.sports/Pelican+Sunstream+100+Kayak,Pelican Sunstream 100 Kayak,199.9900055,0,3/11/2015 10:35,First Class
157725,TRANSFER,6,2,99.94000244,379.980011,Shipping canceled,0,45,Fishing,Caguas,Puerto Rico,XXXXXXXXX,Mary,6977,Short,XXXXXXXXX,Consumer,PR,5486 Jagged Lake Avenue,725.0,7,Fan Shop,18.21075821,-66.3705368,Europe,Lyon,Francia,6977,8/17/2015 7:02,15640,1004,20.0,0.050000001,39104,399.980011,0.25999999,1,399.980011,379.980011,99.94000244,Western Europe,Auvernia-Ródano-Alpes,SUSPECTED_FRAUD,,1004,45,,http://images.acmesports.sports/Field+%26+Stream+Sportsman+16+Gun+Fire+Safe,Field & Stream Sportsman 16 Gun Fire Safe,399.980011,0,8/23/2015 7:02,Second Class
119633,TRANSFER,3,2,-12.5,176.0,Shipping canceled,0,24,Women's Apparel,San Jose,EE. UU.,XXXXXXXXX,Kyle,2917,Smith,XXXXXXXXX,Consumer,CA,7620 Misty Highlands,95125.0,5,Golf,37.26377106,-121.72686,LATAM,Mexico City,México,2917,1/25/2017 7:10,51742,502,24.0,0.119999997,129274,50.0,-0.07,4,200.0,176.0,-12.5,Central America,Distrito Federal,SUSPECTED_FRAUD,,502,24,,http://images.acmesports.sports/Nike+Men%27s+Dri-FIT+Victory+Golf+Polo,Nike Men's Dri-FIT Victory Golf Polo,50.0,0,1/28/2017 7:10,Second Class
3493,DEBIT,2,2,-113.3899994,251.9799957,Shipping on time,0,43,Camping & Hiking,Caguas,Puerto Rico,XXXXXXXXX,Mary,8625,Smith,XXXXXXXXX,Consumer,PR,902 Little Falls,725.0,7,Fan Shop,18.26588821,-66.37058258,LATAM,São Paulo,Brasil,8625,1/18/2017 20:40,51301,957,48.0,0.159999996,128206,299.980011,-0.449999988,1,299.980011,251.9799957,-113.3899994,South America,São Paulo,ON_HOLD,,957,43,,http://images.acmesports.sports/Diamondback+Women%27s+Serene+Classic+Comfort+Bike+2014,Diamondback Women's Serene Classic Comfort Bi,299.980011,0,1/20/2017 20:40,Second Class
107953,PAYMENT,5,4,37.79999924,135.0,Late delivery,1,24,Women's Apparel,Rego Park,EE. UU.,XXXXXXXXX,Mary,9179,Pearson,XXXXXXXXX,Consumer,NY,1109 Heather Rise,11374.0,5,Golf,40.73192978,-73.8688736,LATAM,Villa Frontera,México,9179,2/27/2017 5:54,53999,502,15.0,0.100000001,135017,50.0,0.280000001,3,150.0,135.0,37.79999924,Central America,Coahuila,PENDING_PAYMENT,,502,24,,http://images.acmesports.sports/Nike+Men%27s+Dri-FIT+Victory+Golf+Polo,Nike Men's Dri-FIT Victory Golf Polo,50.0,0,3/4/2017 5:54,Standard Class
136282,TRANSFER,5,4,44.63000107,127.5,Late delivery,1,24,Women's Apparel,Carrollton,EE. UU.,XXXXXXXXX,Betty,2641,Spears,XXXXXXXXX,Consumer,TX,6398 Indian Brook Valley,75006.0,5,Golf,32.96593094,-96.84902191,LATAM,Holguín,Cuba,2641,4/3/2015 0:13,6304,502,22.5,0.150000006,15778,50.0,0.349999994,3,150.0,127.5,44.63000107,Caribbean,Holguín,PENDING,,502,24,,http://images.acmesports.sports/Nike+Men%27s+Dri-FIT+Victory+Golf+Polo,Nike Men's Dri-FIT Victory Golf Polo,50.0,0,4/8/2015 0:13,Standard Class
152465,DEBIT,2,4,38.40000153,383.980011,Advance shipping,0,45,Fishing,Dallas,EE. UU.,XXXXXXXXX,Kimberly,8307,Irwin,XXXXXXXXX,Consumer,TX,9922 Umber Promenade,75228.0,7,Fan Shop,32.81010819,-96.68649292,USCA,San Francisco,Estados Unidos,8307,5/22/2016 4:43,34746,1004,16.0,0.039999999,86794,399.980011,0.100000001,1,399.980011,383.980011,38.40000153,West of USA ,California,COMPLETE,94110.0,1004,45,,http://images.acmesports.sports/Field+%26+Stream+Sportsman+16+Gun+Fire+Safe,Field & Stream Sportsman 16 Gun Fire Safe,399.980011,0,5/24/2016 4:43,Standard Class
142883,TRANSFER,5,4,60.43000031,232.4100037,Late delivery,1,46,Indoor/Outdoor Games,Billings,EE. UU.,XXXXXXXXX,Benjamin,9548,Washington,XXXXXXXXX,Corporate,MT,325 Misty Forest,59102.0,7,Fan Shop,45.76350021,-108.5342636,Europe,Mulhouse,Francia,9548,10/18/2015 0:38,19869,1014,17.48999977,0.07,49653,49.97999954,0.25999999,5,249.8999939,232.4100037,60.43000031,Western Europe,Alsacia-Champaña-Ardenas-Lorena,PENDING,,1014,46,,http://images.acmesports.sports/O%27Brien+Men%27s+Neoprene+Life+Vest,O'Brien Men's Neoprene Life Vest,49.97999954,0,10/23/2015 0:38,Standard Class
25366,DEBIT,2,1,34.22000122,91.25,Late delivery,1,12,Boxing & MMA,Santa Clara,EE. UU.,XXXXXXXXX,Mary,7401,Moore,XXXXXXXXX,Corporate,CA,5401 Hidden Island Hollow,95051.0,3,Footwear,37.34420395,-121.9884415,Pacific Asia,Basra,Irak,7401,8/29/2016 12:06,41549,249,18.69000053,0.170000002,103719,54.97000122,0.379999995,2,109.9400024,91.25,34.22000122,West Asia,Basora,ON_HOLD,,249,12,,http://images.acmesports.sports/Under+Armour+Women%27s+Micro+G+Skulpt+Running+Shoe,Under Armour Women's Micro G Skulpt Running S,54.97000122,0,8/31/2016 12:06,First Class
114627,PAYMENT,5,2,93.48999786,217.4100037,Late delivery,1,46,Indoor/Outdoor Games,Moline,EE. UU.,XXXXXXXXX,Kenneth,2444,Smith,XXXXXXXXX,Consumer,IL,9772 Indian Island Moor,61265.0,7,Fan Shop,41.49992752,-90.51541138,LATAM,Jurema,Brasil,2444,1/16/2015 5:24,1044,1014,32.49000168,0.129999995,2603,49.97999954,0.430000007,5,249.8999939,217.4100037,93.48999786,South America,Pernambuco,PENDING_PAYMENT,,1014,46,,http://images.acmesports.sports/O%27Brien+Men%27s+Neoprene+Life+Vest,O'Brien Men's Neoprene Life Vest,49.97999954,0,1/21/2015 5:24,Second Class
115524,DEBIT,2,1,25.98999977,387.980011,Late delivery,1,45,Fishing,Bell Gardens,EE. UU.,XXXXXXXXX,Mary,7464,Ramirez,XXXXXXXXX,Consumer,CA,6502 Hazy Promenade,90201.0,7,Fan Shop,33.97483063,-118.1829376,Europe,Hamburgo,Alemania,7464,8/30/2017 3:53,66598,1004,12.0,0.029999999,166468,399.980011,0.07,1,399.980011,387.980011,25.98999977,Western Europe,Hamburgo,COMPLETE,,1004,45,,http://images.acmesports.sports/Field+%26+Stream+Sportsman+16+Gun+Fire+Safe,Field & Stream Sportsman 16 Gun Fire Safe,399.980011,0,9/1/2017 3:53,First Class
62208,DEBIT,6,4,61.5,163.9900055,Late delivery,1,48,Water Sports,Rowland Heights,EE. UU.,XXXXXXXXX,Evelyn,7777,Rogers,XXXXXXXXX,Consumer,CA,5760 High Circle,91748.0,7,Fan Shop,34.1051712,-118.0531235,LATAM,Huehuetenango,Guatemala,7777,4/16/2015 3:52,7205,1073,36.0,0.180000007,18039,199.9900055,0.379999995,1,199.9900055,163.9900055,61.5,Central America,Huehuetenango,COMPLETE,,1073,48,,http://images.acmesports.sports/Pelican+Sunstream+100+Kayak,Pelican Sunstream 100 Kayak,199.9900055,0,4/22/2015 3:52,Standard Class
142020,DEBIT,6,2,23.5,50.0,Late delivery,1,24,Women's Apparel,Caguas,Puerto Rico,XXXXXXXXX,Amanda,4768,Hays,XXXXXXXXX,Home Office,PR,7213 Sleepy Cove,725.0,5,Golf,18.24871254,-66.37062073,LATAM,Durango,México,4768,5/9/2017 10:11,58875,502,0.0,0.0,147377,50.0,0.469999999,1,50.0,50.0,23.5,Central America,Durango,COMPLETE,,502,24,,http://images.acmesports.sports/Nike+Men%27s+Dri-FIT+Victory+Golf+Polo,Nike Men's Dri-FIT Victory Golf Polo,50.0,0,5/15/2017 10:11,Second Class
103124,DEBIT,3,2,-37.20000076,185.9900055,Late delivery,1,48,Water Sports,South El Monte,EE. UU.,XXXXXXXXX,Mary,2274,Reed,XXXXXXXXX,Consumer,CA,6231 Green Meadow,91733.0,7,Fan Shop,34.04491425,-118.0166092,Europe,Lyon,Francia,2274,10/2/2015 10:49,18802,1073,14.0,0.07,47017,199.9900055,-0.200000003,1,199.9900055,185.9900055,-37.20000076,Western Europe,Auvernia-Ródano-Alpes,COMPLETE,,1073,48,,http://images.acmesports.sports/Pelican+Sunstream+100+Kayak,Pelican Sunstream 100 Kayak,199.9900055,0,10/5/2015 10:49,Second Class
117342,TRANSFER,1,0,108.8899994,299.980011,Late delivery,1,43,Camping & Hiking,Phoenix,EE. UU.,XXXXXXXXX,Zachary,6313,Smith,XXXXXXXXX,Consumer,AZ,4155 Cinder Hickory Thicket,85032.0,7,Fan Shop,33.60445786,-111.9907379,LATAM,Blumenau,Brasil,6313,2/9/2015 16:14,2719,957,0.0,0.0,6807,299.980011,0.360000014,1,299.980011,299.980011,108.8899994,South America,Santa Catarina,PROCESSING,,957,43,,http://images.acmesports.sports/Diamondback+Women%27s+Serene+Classic+Comfort+Bike+2014,Diamondback Women's Serene Classic Comfort Bi,299.980011,0,2/10/2015 4:14,Same Day
1749,TRANSFER,4,4,76.02999878,155.1600037,Shipping on time,0,29,Shop By Sport,Fort Lauderdale,EE. UU.,XXXXXXXXX,Benjamin,9253,Smith,XXXXXXXXX,Consumer,FL,5593 Blue Anchor Avenue,33313.0,5,Golf,26.15128136,-80.21017456,Europe,Tarbes,Francia,9253,6/27/2015 11:08,12158,627,4.800000191,0.029999999,30388,39.99000168,0.49000001,4,159.9600067,155.1600037,76.02999878,Western Europe,Languedoc-Rosellón-Mediodía-Pirineos,PROCESSING,,627,29,,http://images.acmesports.sports/Under+Armour+Girls%27+Toddler+Spine+Surge+Running+Shoe,Under Armour Girls' Toddler Spine Surge Runni,39.99000168,0,7/1/2015 11:08,Standard Class
55947,DEBIT,2,4,78.72000122,163.9900055,Advance shipping,0,48,Water Sports,Caguas,Puerto Rico,XXXXXXXXX,Mary,2942,Taylor,XXXXXXXXX,Consumer,PR,9332 Round Limits,725.0,7,Fan Shop,18.25472069,-66.37059784,LATAM,Santiago de Chile,Chile,2942,3/9/2017 11:50,54701,1073,36.0,0.180000007,136794,199.9900055,0.479999989,1,199.9900055,163.9900055,78.72000122,South America,Santiago de Chile,COMPLETE,,1073,48,,http://images.acmesports.sports/Pelican+Sunstream+100+Kayak,Pelican Sunstream 100 Kayak,199.9900055,0,3/11/2017 11:50,Standard Class
82202,DEBIT,6,4,45.04000092,128.6900024,Late delivery,1,18,Men's Footwear,Wayne,EE. UU.,XXXXXXXXX,Mary,1465,Smith,XXXXXXXXX,Consumer,NJ,8495 Lazy Rabbit Diversion,7470.0,4,Apparel,40.95141602,-74.22407532,Europe,Amberes,Bélgica,1465,9/26/2015 3:28,18370,403,1.299999952,0.01,45906,129.9900055,0.349999994,1,129.9900055,128.6900024,45.04000092,Western Europe,Amberes,COMPLETE,,403,18,,http://images.acmesports.sports/Nike+Men%27s+CJ+Elite+2+TD+Football+Cleat,Nike Men's CJ Elite 2 TD Football Cleat,129.9900055,0,10/2/2015 3:28,Standard Class
127396,PAYMENT,5,4,56.25,224.9900055,Late delivery,1,43,Camping & Hiking,Caguas,Puerto Rico,XXXXXXXXX,Mary,3339,Payne,XXXXXXXXX,Consumer,PR,4221 Broad Limits,725.0,7,Fan Shop,18.28372192,-66.37052918,LATAM,San Salvador,El Salvador,3339,2/22/2015 10:47,3594,957,75.0,0.25,8933,299.980011,0.25,1,299.980011,224.9900055,56.25,Central America,San Salvador,PENDING_PAYMENT,,957,43,,http://images.acmesports.sports/Diamondback+Women%27s+Serene+Classic+Comfort+Bike+2014,Diamondback Women's Serene Classic Comfort Bi,299.980011,0,2/27/2015 10:47,Standard Class
21699,DEBIT,5,4,38.22000122,113.0899963,Late delivery,1,18,Men's Footwear,Caguas,Puerto Rico,XXXXXXXXX,Frances,10113,Ward,XXXXXXXXX,Consumer,PR,3045 Grand Pony Promenade,725.0,4,Apparel,18.28389931,-66.37062836,USCA,Salem,Estados Unidos,10113,6/11/2016 14:30,36144,403,16.89999962,0.129999995,90268,129.9900055,0.340000004,1,129.9900055,113.0899963,38.22000122,West of USA ,Oregón,COMPLETE,97301.0,403,18,,http://images.acmesports.sports/Nike+Men%27s+CJ+Elite+2+TD+Football+Cleat,Nike Men's CJ Elite 2 TD Football Cleat,129.9900055,0,6/16/2016 14:30,Standard Class
50639,CASH,6,4,-85.80000305,263.9899902,Late delivery,1,35,Golf Gloves,Visalia,EE. UU.,XXXXXXXXX,Joshua,10706,Smith,XXXXXXXXX,Consumer,CA,3698 Dusty Diversion,93277.0,6,Outdoors,36.29843521,-119.3312988,Europe,Alfortville,Francia,10706,9/21/2017 17:52,68145,768,36.0,0.119999997,170376,299.9899902,-0.330000013,1,299.9899902,263.9899902,-85.80000305,Western Europe,Isla de Francia,CLOSED,,768,35,,http://images.acmesports.sports/Titleist+Club+Glove+Travel+Cover,Titleist Club Glove Travel Cover,299.9899902,0,9/27/2017 17:52,Standard Class
3266,PAYMENT,4,4,-180.1699982,109.1900024,Shipping on time,0,18,Men's Footwear,Caguas,Puerto Rico,XXXXXXXXX,Mary,10747,Bates,XXXXXXXXX,Home Office,PR,4775 Old Street,725.0,4,Apparel,18.25805283,-66.37055206,Pacific Asia,Gongzhuling,China,10747,11/7/2015 23:02,21303,403,20.79999924,0.159999996,53279,129.9900055,-1.649999976,1,129.9900055,109.1900024,-180.1699982,Eastern Asia,Jilin,PENDING_PAYMENT,,403,18,,http://images.acmesports.sports/Nike+Men%27s+CJ+Elite+2+TD+Football+Cleat,Nike Men's CJ Elite 2 TD Football Cleat,129.9900055,0,11/11/2015 23:02,Standard Class
13452,DEBIT,4,4,46.43000031,107.9800034,Shipping on time,0,17,Cleats,Chesapeake,EE. UU.,XXXXXXXXX,Linda,4177,Smith,XXXXXXXXX,Corporate,VA,8990 Heather Barn Pathway,23322.0,4,Apparel,36.70524979,-76.2432785,LATAM,Puebla,México,4177,4/27/2017 15:27,58068,365,12.0,0.100000001,145286,59.99000168,0.430000007,2,119.9800034,107.9800034,46.43000031,Central America,Puebla,ON_HOLD,,365,17,,http://images.acmesports.sports/Perfect+Fitness+Perfect+Rip+Deck,Perfect Fitness Perfect Rip Deck,59.99000168,0,5/1/2017 15:27,Standard Class
176154,DEBIT,2,1,63.45000076,135.0,Late delivery,1,24,Women's Apparel,Caguas,Puerto Rico,XXXXXXXXX,Christopher,8024,Smith,XXXXXXXXX,Consumer,PR,3006 Sleepy Leaf Farm,725.0,5,Golf,18.21414375,-66.37052155,LATAM,Saltillo,México,8024,2/3/2017 12:14,52373,502,15.0,0.100000001,130886,50.0,0.469999999,3,150.0,135.0,63.45000076,Central America,Coahuila,COMPLETE,,502,24,,http://images.acmesports.sports/Nike+Men%27s+Dri-FIT+Victory+Golf+Polo,Nike Men's Dri-FIT Victory Golf Polo,50.0,0,2/5/2017 12:14,First Class
23568,CASH,2,4,-176.0800018,263.980011,Advance shipping,0,43,Camping & Hiking,Frankfort,EE. UU.,XXXXXXXXX,Mary,6373,Walker,XXXXXXXXX,Corporate,KY,7094 Pleasant Street,40601.0,7,Fan Shop,38.11861801,-84.96742249,Pacific Asia,Mersin,Turquía,6373,9/16/2016 9:59,42776,957,36.0,0.119999997,106772,299.980011,-0.670000017,1,299.980011,263.980011,-176.0800018,West Asia,Mersin,CLOSED,,957,43,,http://images.acmesports.sports/Diamondback+Women%27s+Serene+Classic+Comfort+Bike+2014,Diamondback Women's Serene Classic Comfort Bi,299.980011,0,9/18/2016 9:59,Standard Class
5617,TRANSFER,2,1,0.0,112.5,Late delivery,1,7,Hockey,Columbia,EE. UU.,XXXXXXXXX,Ralph,3377,Smith,XXXXXXXXX,Consumer,SC,4545 Quaking Hickory Ledge,29223.0,2,Fitness,33.99906921,-80.81486511,Europe,Hamburgo,Alemania,3377,8/9/2015 15:27,15116,134,12.5,0.100000001,37823,25.0,0.0,5,125.0,112.5,0.0,Western Europe,Hamburgo,PENDING,,134,7,,http://images.acmesports.sports/Nike+Women%27s+Legend+V-Neck+T-Shirt,Nike Women's Legend V-Neck T-Shirt,25.0,0,8/11/2015 15:27,First Class
56082,PAYMENT,6,4,63.88000107,188.9900055,Late delivery,1,48,Water Sports,Brooklyn,EE. UU.,XXXXXXXXX,Carolyn,5291,Johnson,XXXXXXXXX,Consumer,NY,122 Stony Quail Canyon,11201.0,7,Fan Shop,40.69200897,-73.9917984,LATAM,Arraiján,Panamá,5291,2/28/2017 20:47,54110,1073,11.0,0.059999999,135301,199.9900055,0.340000004,1,199.9900055,188.9900055,63.88000107,Central America,Panamá,PENDING_PAYMENT,,1073,48,,http://images.acmesports.sports/Pelican+Sunstream+100+Kayak,Pelican Sunstream 100 Kayak,199.9900055,0,3/6/2017 20:47,Standard Class
148458,DEBIT,4,4,10.81000042,122.8399963,Shipping on time,0,18,Men's Footwear,Caguas,Puerto Rico,XXXXXXXXX,Arthur,4962,Smith,XXXXXXXXX,Home Office,PR,8164 Silver Plaza,725.0,4,Apparel,18.26270294,-66.3705368,Europe,Sale,Reino Unido,4962,8/13/2015 16:30,15393,403,7.150000095,0.059999999,38498,129.9900055,0.090000004,1,129.9900055,122.8399963,10.81000042,Northern Europe,Inglaterra,COMPLETE,,403,18,,http://images.acmesports.sports/Nike+Men%27s+CJ+Elite+2+TD+Football+Cleat,Nike Men's CJ Elite 2 TD Football Cleat,129.9900055,0,8/17/2015 16:30,Standard Class
172387,CASH,2,1,47.27999878,126.0899963,Late delivery,1,18,Men's Footwear,Caguas,Puerto Rico,XXXXXXXXX,Mary,2242,Johnson,XXXXXXXXX,Consumer,PR,7258 Grand Pond Acres,725.0,4,Apparel,18.29656792,-66.37059784,LATAM,Caracas,Venezuela,2242,5/9/2017 11:14,58878,403,3.900000095,0.029999999,147384,129.9900055,0.379999995,1,129.9900055,126.0899963,47.27999878,South America,Distrito Capital,CLOSED,,403,18,,http://images.acmesports.sports/Nike+Men%27s+CJ+Elite+2+TD+Football+Cleat,Nike Men's CJ Elite 2 TD Football Cleat,129.9900055,0,5/11/2017 11:14,First Class
139457,TRANSFER,6,4,65.48000336,145.5,Late delivery,1,24,Women's Apparel,Caguas,Puerto Rico,XXXXXXXXX,Edward,9690,Mccoy,XXXXXXXXX,Corporate,PR,742 High Lake Farm,725.0,5,Golf,18.25218201,-66.37059021,Pacific Asia,Maryborough,Australia,9690,2/12/2016 15:01,27925,502,4.5,0.029999999,69893,50.0,0.449999988,3,150.0,145.5,65.48000336,Oceania,Queensland,PENDING,,502,24,,http://images.acmesports.sports/Nike+Men%27s+Dri-FIT+Victory+Golf+Polo,Nike Men's Dri-FIT Victory Golf Polo,50.0,0,2/18/2016 15:01,Standard Class
134561,TRANSFER,2,4,11.28999996,33.38999939,Advance shipping,0,75,Video Games,Portland,EE. UU.,XXXXXXXXX,Wynter,17124,Mathews,XXXXXXXXX,Consumer,OR,4166 Golden Willow Circuit,97223.0,9,Discs Shop,45.44815064,-122.7694931,Pacific Asia,Cairns,Australia,17124,12/9/2017 22:50,73571,1362,6.360000134,0.159999996,176886,39.75,0.340000004,1,39.75,33.38999939,11.28999996,Oceania,Queensland,PROCESSING,,1362,75,,http://images.acmesports.sports/Fighting+video+games,Fighting video games,39.75,0,12/11/2017 22:50,Standard Class
143939,CASH,5,4,-36.79999924,47.97999954,Late delivery,1,46,Indoor/Outdoor Games,Caguas,Puerto Rico,XXXXXXXXX,Anna,1744,Bowers,XXXXXXXXX,Corporate,PR,6473 Bright Expressway,725.0,7,Fan Shop,18.23983002,-66.3705368,Europe,Roissy-en-Brie,Francia,1744,8/22/2015 23:19,16029,1014,2.0,0.039999999,40048,49.97999954,-0.769999981,1,49.97999954,47.97999954,-36.79999924,Western Europe,Isla de Francia,CLOSED,,1014,46,,http://images.acmesports.sports/O%27Brien+Men%27s+Neoprene+Life+Vest,O'Brien Men's Neoprene Life Vest,49.97999954,0,8/27/2015 23:19,Standard Class
44463,DEBIT,0,0,27.54999924,95.0,Shipping on time,0,24,Women's Apparel,Hanford,EE. UU.,XXXXXXXXX,Bryan,9470,Smith,XXXXXXXXX,Consumer,CA,3927 Rustic Mews,93230.0,5,Golf,36.33087921,-119.6439438,LATAM,Bridgetown,Barbados,9470,5/25/2017 4:12,59954,502,5.0,0.050000001,150042,50.0,0.289999992,2,100.0,95.0,27.54999924,Caribbean,San Miguel,COMPLETE,,502,24,,http://images.acmesports.sports/Nike+Men%27s+Dri-FIT+Victory+Golf+Polo,Nike Men's Dri-FIT Victory Golf Polo,50.0,0,5/25/2017 16:12,Same Day
57542,DEBIT,5,4,74.87000275,230.3600006,Late delivery,1,17,Cleats,Caguas,Puerto Rico,XXXXXXXXX,David,3797,Gutierrez,XXXXXXXXX,Consumer,PR,8321 Little Stead,725.0,4,Apparel,18.27091599,-66.37056732,Pacific Asia,Yancheng,China,3797,2/18/2016 2:02,28299,365,9.600000381,0.039999999,70803,59.99000168,0.330000013,4,239.9600067,230.3600006,74.87000275,Eastern Asia,Jiangsu,COMPLETE,,365,17,,http://images.acmesports.sports/Perfect+Fitness+Perfect+Rip+Deck,Perfect Fitness Perfect Rip Deck,59.99000168,0,2/23/2016 2:02,Standard Class
12184,DEBIT,6,2,35.33000183,185.9499969,Late delivery,1,29,Shop By Sport,Caguas,Puerto Rico,XXXXXXXXX,Mary,10308,Smith,XXXXXXXXX,Consumer,PR,1612 Golden Willow Crest,725.0,5,Golf,18.27949333,-66.37052918,Europe,Six-Fours-les-Plages,Francia,10308,7/5/2017 15:32,62795,627,14.0,0.07,156996,39.99000168,0.189999998,5,199.9499969,185.9499969,35.33000183,Western Europe,Provenza-Alpes-Costa Azul,COMPLETE,,627,29,,http://images.acmesports.sports/Under+Armour+Girls%27+Toddler+Spine+Surge+Running+Shoe,Under Armour Girls' Toddler Spine Surge Runni,39.99000168,0,7/11/2017 15:32,Second Class
9771,PAYMENT,2,1,107.8000031,296.980011,Late delivery,1,43,Camping & Hiking,Beaverton,EE. UU.,XXXXXXXXX,Thomas,7110,Farley,XXXXXXXXX,Consumer,OR,593 Silent Dale Pointe,97007.0,7,Fan Shop,45.48323059,-122.8469543,Europe,Barcelona,España,7110,9/25/2017 7:00,68388,957,3.0,0.01,170977,299.980011,0.360000014,1,299.980011,296.980011,107.8000031,Southern Europe,Cataluña,PENDING_PAYMENT,,957,43,,http://images.acmesports.sports/Diamondback+Women%27s+Serene+Classic+Comfort+Bike+2014,Diamondback Women's Serene Classic Comfort Bi,299.980011,0,9/27/2017 7:00,First Class
43260,DEBIT,2,1,5.760000229,287.9700012,Late delivery,1,9,Cardio Equipment,Houston,EE. UU.,XXXXXXXXX,Mary,5749,Smith,XXXXXXXXX,Consumer,TX,6058 Fallen Walk,77084.0,3,Footwear,29.86195946,-95.64417267,USCA,San Diego,Estados Unidos,5749,5/20/2016 4:43,34609,191,12.0,0.039999999,86434,99.98999786,0.02,3,299.9700012,287.9700012,5.760000229,West of USA ,California,COMPLETE,92037.0,191,9,,http://images.acmesports.sports/Nike+Men%27s+Free+5.0%2B+Running+Shoe,Nike Men's Free 5.0+ Running Shoe,99.98999786,0,5/22/2016 4:43,First Class
34102,CASH,2,4,99.73999786,284.980011,Advance shipping,0,43,Camping & Hiking,Fresno,EE. UU.,XXXXXXXXX,Christopher,1860,Osborn,XXXXXXXXX,Consumer,CA,7706 Foggy Pine Wynd,93702.0,7,Fan Shop,36.84977341,-119.7836075,Pacific Asia,Srinagar,India,1860,3/10/2016 6:45,29751,957,15.0,0.050000001,74439,299.980011,0.349999994,1,299.980011,284.980011,99.73999786,South Asia,Jammu y Cachemira,CLOSED,,957,43,,http://images.acmesports.sports/Diamondback+Women%27s+Serene+Classic+Comfort+Bike+2014,Diamondback Women's Serene Classic Comfort Bi,299.980011,0,3/12/2016 6:45,Standard Class
100096,CASH,2,4,26.87000084,95.95999908,Advance shipping,0,46,Indoor/Outdoor Games,Caguas,Puerto Rico,XXXXXXXXX,Mary,3981,Richards,XXXXXXXXX,Home Office,PR,6657 Rustic Brook Line,725.0,7,Fan Shop,18.28129768,-66.37055206,USCA,Salem,Estados Unidos,3981,7/6/2016 23:03,37881,1014,4.0,0.039999999,94553,49.97999954,0.280000001,2,99.95999908,95.95999908,26.87000084,South of  USA ,Virginia,CLOSED,24153.0,1014,46,,http://images.acmesports.sports/O%27Brien+Men%27s+Neoprene+Life+Vest,O'Brien Men's Neoprene Life Vest,49.97999954,0,7/8/2016 23:03,Standard Class
175450,DEBIT,2,1,16.88999939,38.38999939,Late delivery,1,29,Shop By Sport,Caguas,Puerto Rico,XXXXXXXXX,Mary,4705,Smith,XXXXXXXXX,Consumer,PR,6967 Cinder Pond Gate,725.0,5,Golf,18.24199867,-66.37055969,LATAM,Zapopan,México,4705,4/29/2017 0:23,58162,627,1.600000024,0.039999999,145530,39.99000168,0.439999998,1,39.99000168,38.38999939,16.88999939,Central America,Jalisco,COMPLETE,,627,29,,http://images.acmesports.sports/Under+Armour+Girls%27+Toddler+Spine+Surge+Running+Shoe,Under Armour Girls' Toddler Spine Surge Runni,39.99000168,0,5/1/2017 0:23,First Class
144824,PAYMENT,6,4,23.22999954,82.97000122,Late delivery,1,46,Indoor/Outdoor Games,Caguas,Puerto Rico,XXXXXXXXX,Linda,4597,Smith,XXXXXXXXX,Consumer,PR,5628 Clear Knoll,725.0,7,Fan Shop,18.24035835,-66.37055969,Europe,London,Reino Unido,4597,7/5/2015 12:31,12710,1014,16.98999977,0.170000002,31810,49.97999954,0.280000001,2,99.95999908,82.97000122,23.22999954,Northern Europe,Inglaterra,PENDING_PAYMENT,,1014,46,,http://images.acmesports.sports/O%27Brien+Men%27s+Neoprene+Life+Vest,O'Brien Men's Neoprene Life Vest,49.97999954,0,7/11/2015 12:31,Standard Class
17703,CASH,2,1,92.48000336,196.7700043,Late delivery,1,17,Cleats,North Richland Hills,EE. UU.,XXXXXXXXX,Mary,7113,Shepherd,XXXXXXXXX,Corporate,TX,5630 Silent Farms,76180.0,4,Apparel,32.84292221,-97.22615814,Europe,Calais,Francia,7113,8/15/2015 5:38,15499,365,43.18999863,0.180000007,38742,59.99000168,0.469999999,4,239.9600067,196.7700043,92.48000336,Western Europe,Norte-Paso de Calais-Picardía,CLOSED,,365,17,,http://images.acmesports.sports/Perfect+Fitness+Perfect+Rip+Deck,Perfect Fitness Perfect Rip Deck,59.99000168,0,8/17/2015 5:38,First Class
136796,TRANSFER,1,0,129.1900024,379.980011,Late delivery,1,45,Fishing,Roseville,EE. UU.,XXXXXXXXX,Mary,7575,Romero,XXXXXXXXX,Home Office,MI,6072 Heather Landing,48066.0,7,Fan Shop,42.4993248,-82.93652344,Europe,Guyancourt,Francia,7575,7/3/2017 20:26,62672,1004,20.0,0.050000001,156693,399.980011,0.340000004,1,399.980011,379.980011,129.1900024,Western Europe,Isla de Francia,PROCESSING,,1004,45,,http://images.acmesports.sports/Field+%26+Stream+Sportsman+16+Gun+Fire+Safe,Field & Stream Sportsman 16 Gun Fire Safe,399.980011,0,7/4/2017 8:26,Same Day
110692,TRANSFER,4,4,4.0,159.9400024,Shipping on time,0,46,Indoor/Outdoor Games,Bridgeton,EE. UU.,XXXXXXXXX,Mary,9634,Weaver,XXXXXXXXX,Corporate,NJ,2269 High Limits,8302.0,7,Fan Shop,39.42603684,-75.23985291,LATAM,Parintins,Brasil,9634,2/3/2017 5:14,52353,1014,39.97999954,0.200000003,130830,49.97999954,0.029999999,4,199.9199982,159.9400024,4.0,South America,Amazonas,PROCESSING,,1014,46,,http://images.acmesports.sports/O%27Brien+Men%27s+Neoprene+Life+Vest,O'Brien Men's Neoprene Life Vest,49.97999954,0,2/7/2017 5:14,Standard Class
157885,TRANSFER,3,2,27.71999931,99.0,Late delivery,1,44,Hunting & Shooting,Caguas,Puerto Rico,XXXXXXXXX,Martha,10975,Bolton,XXXXXXXXX,Consumer,PR,4955 Pleasant Grove Bay,725.0,7,Fan Shop,18.2353096,-66.37057495,LATAM,Joinville,Brasil,10975,5/26/2017 16:17,60057,981,0.0,0.0,150318,99.0,0.280000001,1,99.0,99.0,27.71999931,South America,Santa Catarina,PROCESSING,,981,44,,http://images.acmesports.sports/The+North+Face+Women%27s+Recon+Backpack,The North Face Women's Recon Backpack,99.0,0,5/29/2017 16:17,Second Class
55166,TRANSFER,2,4,-9.699999809,193.9900055,Advance shipping,0,48,Water Sports,Florissant,EE. UU.,XXXXXXXXX,Mary,884,Smith,XXXXXXXXX,Consumer,MO,8109 Amber Inlet,63033.0,7,Fan Shop,38.71577835,-90.26085663,LATAM,Barranquilla,Colombia,884,4/27/2017 4:14,58036,1073,6.0,0.029999999,145209,199.9900055,-0.050000001,1,199.9900055,193.9900055,-9.699999809,South America,Atlántico,PENDING,,1073,48,,http://images.acmesports.sports/Pelican+Sunstream+100+Kayak,Pelican Sunstream 100 Kayak,199.9900055,0,4/29/2017 4:14,Standard Class
161515,TRANSFER,5,4,13.05000019,130.5,Late delivery,1,24,Women's Apparel,Caguas,Puerto Rico,XXXXXXXXX,Brandon,11278,Smith,XXXXXXXXX,Consumer,PR,3240 Indian Treasure Beach,725.0,5,Golf,18.28707123,-66.37059784,Africa,Nkongsamba,Camerún,11278,12/19/2016 0:44,49189,502,19.5,0.129999995,122995,50.0,0.100000001,3,150.0,130.5,13.05000019,Central Africa,Littoral,PENDING,,502,24,,http://images.acmesports.sports/Nike+Men%27s+Dri-FIT+Victory+Golf+Polo,Nike Men's Dri-FIT Victory Golf Polo,50.0,0,12/24/2016 0:44,Standard Class
95527,DEBIT,3,4,30.0699997,63.97999954,Advance shipping,0,29,Shop By Sport,Hialeah,EE. UU.,XXXXXXXXX,Anthony,10390,Stevenson,XXXXXXXXX,Consumer,FL,4055 Fallen Log Village,33012.0,5,Golf,25.86688042,-80.31456757,Europe,Celle,Alemania,10390,9/17/2017 21:44,67882,627,16.0,0.200000003,169718,39.99000168,0.469999999,2,79.98000336,63.97999954,30.0699997,Western Europe,Baja Sajonia,COMPLETE,,627,29,,http://images.acmesports.sports/Under+Armour+Girls%27+Toddler+Spine+Surge+Running+Shoe,Under Armour Girls' Toddler Spine Surge Runni,39.99000168,0,9/20/2017 21:44,Standard Class
65289,DEBIT,6,2,19.20000076,58.18999863,Late delivery,1,17,Cleats,Alameda,EE. UU.,XXXXXXXXX,Mary,10681,Hatfield,XXXXXXXXX,Consumer,CA,1023 Merry Canyon,94501.0,4,Apparel,37.77148056,-122.2670288,USCA,Apopka,Estados Unidos,10681,6/23/2016 21:08,36985,365,1.799999952,0.029999999,92300,59.99000168,0.330000013,1,59.99000168,58.18999863,19.20000076,South of  USA ,Florida,COMPLETE,32712.0,365,17,,http://images.acmesports.sports/Perfect+Fitness+Perfect+Rip+Deck,Perfect Fitness Perfect Rip Deck,59.99000168,0,6/29/2016 21:08,Second Class
7292,DEBIT,6,2,25.19000053,71.98000336,Late delivery,1,29,Shop By Sport,Caguas,Puerto Rico,XXXXXXXXX,Charles,4569,Smith,XXXXXXXXX,Consumer,PR,8721 Sleepy Passage,725.0,5,Golf,18.22802544,-66.37058258,Pacific Asia,Wadi as Sir,Jordania,4569,11/30/2016 22:40,47950,627,8.0,0.100000001,119920,39.99000168,0.349999994,2,79.98000336,71.98000336,25.19000053,West Asia,Amán,COMPLETE,,627,29,,http://images.acmesports.sports/Under+Armour+Girls%27+Toddler+Spine+Surge+Running+Shoe,Under Armour Girls' Toddler Spine Surge Runni,39.99000168,0,12/6/2016 22:40,Second Class
85153,TRANSFER,5,4,-79.66999817,293.980011,Late delivery,1,43,Camping & Hiking,La Mesa,EE. UU.,XXXXXXXXX,Mary,946,Smith,XXXXXXXXX,Corporate,CA,7324 Wishing Rise Loop,91941.0,7,Fan Shop,37.66337585,-122.1207733,Europe,Ghent,Bélgica,946,10/12/2015 15:01,19499,957,6.0,0.02,48724,299.980011,-0.270000011,1,299.980011,293.980011,-79.66999817,Western Europe,Flanders Oriental,PENDING,,957,43,,http://images.acmesports.sports/Diamondback+Women%27s+Serene+Classic+Comfort+Bike+2014,Diamondback Women's Serene Classic Comfort Bi,299.980011,0,10/17/2015 15:01,Standard Class
175850,DEBIT,2,1,-7.559999943,37.79000092,Late delivery,1,29,Shop By Sport,Caguas,Puerto Rico,XXXXXXXXX,William,98,Smith,XXXXXXXXX,Consumer,PR,4592 Grand Timber Ramp,725.0,5,Golf,18.22761917,-66.04356384,USCA,Louisville,Estados Unidos,98,7/5/2016 5:00,37761,627,2.200000048,0.059999999,94235,39.99000168,-0.200000003,1,39.99000168,37.79000092,-7.559999943,South of  USA ,Kentucky,ON_HOLD,40214.0,627,29,,http://images.acmesports.sports/Under+Armour+Girls%27+Toddler+Spine+Surge+Running+Shoe,Under Armour Girls' Toddler Spine Surge Runni,39.99000168,0,7/7/2016 5:00,First Class
169161,TRANSFER,1,0,62.95999908,131.1600037,Late delivery,1,37,Electronics,Toms River,EE. UU.,XXXXXXXXX,Matthew,2124,Montgomery,XXXXXXXXX,Home Office,NJ,6077 Pleasant Cloud Maze,8753.0,6,Outdoors,39.95728302,-74.19393158,Europe,Makhachkala,Rusia,2124,11/4/2016 17:27,46154,828,28.79000092,0.180000007,115377,31.98999977,0.479999989,5,159.9499969,131.1600037,62.95999908,Eastern Europe,Daguestán,PROCESSING,,828,37,,http://images.acmesports.sports/Bridgestone+e6+Straight+Distance+NFL+San+Diego+Chargers...,Bridgestone e6 Straight Distance NFL San Dieg,31.98999977,0,11/5/2016 5:27,Same Day
53297,DEBIT,6,4,61.70999908,169.9900055,Late delivery,1,48,Water Sports,Caguas,Puerto Rico,XXXXXXXXX,Victoria,5618,Morales,XXXXXXXXX,Corporate,PR,2232 Broad Cove,725.0,7,Fan Shop,18.23388481,-66.37060547,Europe,Bonn,Alemania,5618,8/23/2017 2:40,66115,1073,30.0,0.150000006,165266,199.9900055,0.360000014,1,199.9900055,169.9900055,61.70999908,Western Europe,Renania del Norte-Westfalia,COMPLETE,,1073,48,,http://images.acmesports.sports/Pelican+Sunstream+100+Kayak,Pelican Sunstream 100 Kayak,199.9900055,0,8/29/2017 2:40,Standard Class
11918,TRANSFER,4,4,13.0,129.9900055,Shipping on time,0,18,Men's Footwear,Caguas,Puerto Rico,XXXXXXXXX,Mary,9670,Crane,XXXXXXXXX,Home Office,PR,2517 Green Bluff Stead,725.0,4,Apparel,18.2150631,-66.37055206,Europe,Metz,Francia,9670,8/13/2015 5:59,15363,403,0.0,0.0,38413,129.9900055,0.100000001,1,129.9900055,129.9900055,13.0,Western Europe,Alsacia-Champaña-Ardenas-Lorena,PROCESSING,,403,18,,http://images.acmesports.sports/Nike+Men%27s+CJ+Elite+2+TD+Football+Cleat,Nike Men's CJ Elite 2 TD Football Cleat,129.9900055,0,8/17/2015 5:59,Standard Class
84988,TRANSFER,6,4,118.6600037,339.0299988,Late delivery,1,62,Cameras ,Las Vegas,EE. UU.,XXXXXXXXX,Kim,13348,Ashley,XXXXXXXXX,Corporate,NV,6886 Cotton Promenade ,89119.0,10,Technology,36.06469345,-115.1725388,Europe,Lanester,Francia,13348,10/15/2017 19:56,69795,1349,113.0100021,0.25,173110,452.0400085,0.349999994,1,452.0400085,339.0299988,118.6600037,Western Europe,Bretaña,PENDING,,1349,62,,http://images.acmesports.sports/Web+Camera,Web Camera,452.0400085,0,10/21/2017 19:56,Standard Class
165909,PAYMENT,2,2,86.59999847,346.3900146,Shipping on time,0,63,Children's Clothing,Philadelphia,EE. UU.,XXXXXXXXX,Amelia,13894,Mcclain,XXXXXXXXX,Home Office,PA,9126 Colonial Gardens,19148.0,4,Apparel,39.92321014,-75.16308594,Europe,Tarragona,España,13894,10/23/2017 19:14,70341,1350,10.71000004,0.029999999,173656,357.1000061,0.25,1,357.1000061,346.3900146,86.59999847,Southern Europe,Cataluña,PENDING_PAYMENT,,1350,63,,http://images.acmesports.sports/Children+heaters,Children's heaters,357.1000061,0,10/25/2017 19:14,Second Class
156254,TRANSFER,2,1,3.700000048,123.4899979,Late delivery,1,18,Men's Footwear,Caguas,Puerto Rico,XXXXXXXXX,Mary,6881,Arnold,XXXXXXXXX,Consumer,PR,4490 Dusty Byway,725.0,4,Apparel,18.2817421,-66.3706131,LATAM,Soyapango,El Salvador,6881,5/29/2017 5:36,60232,403,6.5,0.050000001,150697,129.9900055,0.029999999,1,129.9900055,123.4899979,3.700000048,Central America,San Salvador,PROCESSING,,403,18,,http://images.acmesports.sports/Nike+Men%27s+CJ+Elite+2+TD+Football+Cleat,Nike Men's CJ Elite 2 TD Football Cleat,129.9900055,0,5/31/2017 5:36,First Class
121308,TRANSFER,6,4,10.72999954,94.98999786,Late delivery,1,9,Cardio Equipment,Richmond,EE. UU.,XXXXXXXXX,Mary,4619,Nelson,XXXXXXXXX,Consumer,TX,9993 Clear Round,77469.0,3,Footwear,29.72867012,-95.54859924,LATAM,Santo Domingo,República Dominicana,4619,4/18/2015 18:56,7385,191,5.0,0.050000001,18492,99.98999786,0.109999999,1,99.98999786,94.98999786,10.72999954,Caribbean,Santo Domingo,PENDING,,191,9,,http://images.acmesports.sports/Nike+Men%27s+Free+5.0%2B+Running+Shoe,Nike Men's Free 5.0+ Running Shoe,99.98999786,0,4/24/2015 18:56,Standard Class
173162,CASH,3,2,15.22000027,43.47999954,Late delivery,1,5,Lacrosse,Caguas,Puerto Rico,XXXXXXXXX,Robert,1468,Smith,XXXXXXXXX,Consumer,PR,8248 Clear Glade,725.0,2,Fitness,18.27948189,-66.37051392,Pacific Asia,Perth,Australia,1468,10/24/2015 18:51,20332,93,6.5,0.129999995,50771,24.98999977,0.349999994,2,49.97999954,43.47999954,15.22000027,Oceania,Australia Occidental,CLOSED,,93,5,,http://images.acmesports.sports/Under+Armour+Men%27s+Tech+II+T-Shirt,Under Armour Men's Tech II T-Shirt,24.98999977,0,10/27/2015 18:51,Second Class
151568,DEBIT,3,2,37.20000076,371.980011,Late delivery,1,45,Fishing,Rome,EE. UU.,XXXXXXXXX,Bobby,10194,Walker,XXXXXXXXX,Consumer,NY,4174 Pleasant Mountain Acres,13440.0,7,Fan Shop,43.21662521,-75.45603943,USCA,New York City,Estados Unidos,10194,7/12/2016 17:47,38277,1004,28.0,0.07,95547,399.980011,0.100000001,1,399.980011,371.980011,37.20000076,East of USA,Nueva York,COMPLETE,10024.0,1004,45,,http://images.acmesports.sports/Field+%26+Stream+Sportsman+16+Gun+Fire+Safe,Field & Stream Sportsman 16 Gun Fire Safe,399.980011,0,7/15/2016 17:47,Second Class
124585,TRANSFER,4,4,33.02999878,91.0,Shipping on time,0,24,Women's Apparel,Caguas,Puerto Rico,XXXXXXXXX,Judy,9238,Gillespie,XXXXXXXXX,Corporate,PR,3880 Rustic Port,725.0,5,Golf,18.22192192,-66.37055969,Europe,Frankfurt,Alemania,9238,8/25/2015 0:01,16168,502,9.0,0.090000004,40346,50.0,0.360000014,2,100.0,91.0,33.02999878,Western Europe,Hesse,PROCESSING,,502,24,,http://images.acmesports.sports/Nike+Men%27s+Dri-FIT+Victory+Golf+Polo,Nike Men's Dri-FIT Victory Golf Polo,50.0,0,8/29/2015 0:01,Standard Class
118897,TRANSFER,4,2,133.2400055,283.480011,Late delivery,1,43,Camping & Hiking,Brooklyn,EE. UU.,XXXXXXXXX,Sandra,3336,Hunter,XXXXXXXXX,Consumer,NY,6350 Lost Hollow,11209.0,7,Fan Shop,40.61923981,-74.03337097,USCA,Baltimore,Estados Unidos,3336,7/5/2016 3:57,37758,957,16.5,0.059999999,94226,299.980011,0.469999999,1,299.980011,283.480011,133.2400055,East of USA,Maryland,PROCESSING,21215.0,957,43,,http://images.acmesports.sports/Diamondback+Women%27s+Serene+Classic+Comfort+Bike+2014,Diamondback Women's Serene Classic Comfort Bi,299.980011,0,7/9/2016 3:57,Second Class
110890,DEBIT,0,0,4.739999771,41.97999954,Shipping on time,0,46,Indoor/Outdoor Games,Caguas,Puerto Rico,XXXXXXXXX,Zachary,6109,Tate,XXXXXXXXX,Consumer,PR,8916 Round Zephyr Ridge,725.0,7,Fan Shop,18.20397568,-66.37054443,LATAM,Buenos Aires,Argentina,6109,1/25/2017 2:16,51728,1014,8.0,0.159999996,129248,49.97999954,0.109999999,1,49.97999954,41.97999954,4.739999771,South America,Buenos Aires,COMPLETE,,1014,46,,http://images.acmesports.sports/O%27Brien+Men%27s+Neoprene+Life+Vest,O'Brien Men's Neoprene Life Vest,49.97999954,0,1/25/2017 14:16,Same Day
126957,PAYMENT,6,4,61.09999847,129.9900055,Late delivery,1,18,Men's Footwear,Caguas,Puerto Rico,XXXXXXXXX,Michael,1222,Garcia,XXXXXXXXX,Consumer,PR,9026 Little Avenue,725.0,4,Apparel,18.23555565,-66.37051392,LATAM,Mexicali,México,1222,1/3/2015 9:27,165,403,0.0,0.0,395,129.9900055,0.469999999,1,129.9900055,129.9900055,61.09999847,Central America,Baja California,PENDING_PAYMENT,,403,18,,http://images.acmesports.sports/Nike+Men%27s+CJ+Elite+2+TD+Football+Cleat,Nike Men's CJ Elite 2 TD Football Cleat,129.9900055,0,1/9/2015 9:27,Standard Class
144166,DEBIT,2,4,18.90999985,145.4400024,Advance shipping,0,46,Indoor/Outdoor Games,Caguas,Puerto Rico,XXXXXXXXX,Daniel,11104,Smith,XXXXXXXXX,Consumer,PR,6468 Harvest Parade,725.0,7,Fan Shop,18.26346016,-66.37062836,Europe,Viena,Austria,11104,8/8/2015 9:40,15031,1014,4.5,0.029999999,37633,49.97999954,0.129999995,3,149.9400024,145.4400024,18.90999985,Western Europe,Viena,COMPLETE,,1014,46,,http://images.acmesports.sports/O%27Brien+Men%27s+Neoprene+Life+Vest,O'Brien Men's Neoprene Life Vest,49.97999954,0,8/10/2015 9:40,Standard Class
57884,DEBIT,2,4,84.36000061,224.9600067,Advance shipping,0,17,Cleats,Caguas,Puerto Rico,XXXXXXXXX,Catherine,8755,Lutz,XXXXXXXXX,Consumer,PR,9729 Middle Shadow Run,725.0,4,Apparel,18.20644951,-66.37060547,Europe,Illkirch-Graffenstaden,Francia,8755,9/4/2015 11:34,16886,365,74.98999786,0.25,42211,59.99000168,0.379999995,5,299.9500122,224.9600067,84.36000061,Western Europe,Alsacia-Champaña-Ardenas-Lorena,COMPLETE,,365,17,,http://images.acmesports.sports/Perfect+Fitness+Perfect+Rip+Deck,Perfect Fitness Perfect Rip Deck,59.99000168,0,9/6/2015 11:34,Standard Class
5591,DEBIT,3,4,8.31000042,73.5,Advance shipping,0,7,Hockey,Caguas,Puerto Rico,XXXXXXXXX,Mary,10620,Smith,XXXXXXXXX,Corporate,PR,3931 Green Concession,725.0,2,Fitness,18.2719574,-66.37052918,Pacific Asia,Ichikawa,Japón,10620,10/30/2015 23:45,20757,134,1.5,0.02,51875,25.0,0.109999999,3,75.0,73.5,8.31000042,Eastern Asia,Chiba,COMPLETE,,134,7,,http://images.acmesports.sports/Nike+Women%27s+Legend+V-Neck+T-Shirt,Nike Women's Legend V-Neck T-Shirt,25.0,0,11/2/2015 23:45,Standard Class
5810,CASH,2,1,8.289999962,110.4899979,Late delivery,1,18,Men's Footwear,Chillicothe,EE. UU.,XXXXXXXXX,Mary,6521,Hanson,XXXXXXXXX,Consumer,OH,2647 Emerald Mall ,45601.0,4,Apparel,39.33096314,-82.97971344,Europe,Doncaster,Reino Unido,6521,9/21/2015 2:57,18026,403,19.5,0.150000006,45045,129.9900055,0.079999998,1,129.9900055,110.4899979,8.289999962,Northern Europe,Inglaterra,CLOSED,,403,18,,http://images.acmesports.sports/Nike+Men%27s+CJ+Elite+2+TD+Football+Cleat,Nike Men's CJ Elite 2 TD Football Cleat,129.9900055,0,9/23/2015 2:57,First Class
19415,PAYMENT,2,1,141.0299988,327.9700012,Late delivery,1,9,Cardio Equipment,Woonsocket,EE. UU.,XXXXXXXXX,Doris,2091,Smith,XXXXXXXXX,Consumer,RI,3087 Hazy Glen,2895.0,3,Footwear,42.00220108,-71.51410675,Africa,Antananarivo,Madagascar,2091,12/31/2016 8:47,50034,191,71.98999786,0.180000007,125079,99.98999786,0.430000007,4,399.9599915,327.9700012,141.0299988,East Africa,Analamanga,PENDING_PAYMENT,,191,9,,http://images.acmesports.sports/Nike+Men%27s+Free+5.0%2B+Running+Shoe,Nike Men's Free 5.0+ Running Shoe,99.98999786,0,1/2/2017 8:47,First Class
1538,DEBIT,2,2,-266.7999878,363.980011,Shipping on time,0,45,Fishing,Caguas,Puerto Rico,XXXXXXXXX,Peter,1948,Smith,XXXXXXXXX,Consumer,PR,5953 Broad Close,725.0,7,Fan Shop,18.258358,-66.37052918,Europe,Dijon,Francia,1948,9/5/2015 15:35,16966,1004,36.0,0.090000004,42417,399.980011,-0.730000019,1,399.980011,363.980011,-266.7999878,Western Europe,Borgoña-Franco Condado,COMPLETE,,1004,45,,http://images.acmesports.sports/Field+%26+Stream+Sportsman+16+Gun+Fire+Safe,Field & Stream Sportsman 16 Gun Fire Safe,399.980011,0,9/7/2015 15:35,Second Class
140024,TRANSFER,6,4,32.08000183,102.5,Late delivery,1,26,Girls' Apparel,Caguas,Puerto Rico,XXXXXXXXX,Martha,10777,Smith,XXXXXXXXX,Corporate,PR,9602 Shady Oak Bay,725.0,5,Golf,18.28759575,-66.37058258,LATAM,San Martín,El Salvador,10777,3/22/2015 20:33,5540,567,22.5,0.180000007,13829,25.0,0.310000002,5,125.0,102.5,32.08000183,Central America,Cuscatlán,PROCESSING,,567,26,,http://images.acmesports.sports/adidas+Men%27s+Germany+Black+Crest+Away+Tee,adidas Men's Germany Black Crest Away Tee,25.0,0,3/28/2015 20:33,Standard Class
79491,DEBIT,6,2,53.93999863,173.9900055,Late delivery,1,48,Water Sports,Hialeah,EE. UU.,XXXXXXXXX,Anthony,10390,Stevenson,XXXXXXXXX,Consumer,FL,4055 Fallen Log Village,33012.0,7,Fan Shop,25.86688042,-80.31456757,USCA,Philadelphia,Estados Unidos,10390,5/13/2016 8:24,34140,1073,26.0,0.129999995,85229,199.9900055,0.310000002,1,199.9900055,173.9900055,53.93999863,East of USA,Pensilvania,COMPLETE,19140.0,1073,48,,http://images.acmesports.sports/Pelican+Sunstream+100+Kayak,Pelican Sunstream 100 Kayak,199.9900055,0,5/19/2016 8:24,Second Class
89413,PAYMENT,4,4,31.93000031,87.94999695,Shipping on time,0,12,Boxing & MMA,Jamaica,EE. UU.,XXXXXXXXX,Mary,1014,Maxwell,XXXXXXXXX,Consumer,NY,2638 Clear Log Island,11435.0,3,Footwear,40.7045517,-73.79679108,Africa,Kano,Nigeria,1014,1/12/2017 4:13,50843,249,21.98999977,0.200000003,127075,54.97000122,0.360000014,2,109.9400024,87.94999695,31.93000031,West Africa,Kano,PENDING_PAYMENT,,249,12,,http://images.acmesports.sports/Under+Armour+Women%27s+Micro+G+Skulpt+Running+Shoe,Under Armour Women's Micro G Skulpt Running S,54.97000122,0,1/16/2017 4:13,Standard Class
11572,TRANSFER,4,2,46.0699997,141.75,Late delivery,1,24,Women's Apparel,Caguas,Puerto Rico,XXXXXXXXX,Emma,10626,Anderson,XXXXXXXXX,Home Office,PR,3930 Cozy Byway,725.0,5,Golf,18.28305817,-66.37059784,Africa,Abidjan,Costa de Marfil,10626,9/19/2016 5:15,42968,502,8.25,0.059999999,107330,50.0,0.330000013,3,150.0,141.75,46.0699997,West Africa,Lagunes,PENDING,,502,24,,http://images.acmesports.sports/Nike+Men%27s+Dri-FIT+Victory+Golf+Polo,Nike Men's Dri-FIT Victory Golf Polo,50.0,0,9/23/2016 5:15,Second Class
153351,TRANSFER,5,4,41.13000107,363.980011,Late delivery,1,45,Fishing,San Juan,Puerto Rico,XXXXXXXXX,Mary,3689,Wallace,XXXXXXXXX,Corporate,PR,8044 Merry Landing,921.0,7,Fan Shop,38.10029221,-107.9681396,Pacific Asia,Wellington,Nueva Zelanda,3689,3/31/2016 17:03,31219,1004,36.0,0.090000004,78017,399.980011,0.109999999,1,399.980011,363.980011,41.13000107,Oceania,Wellington,PROCESSING,,1004,45,,http://images.acmesports.sports/Field+%26+Stream+Sportsman+16+Gun+Fire+Safe,Field & Stream Sportsman 16 Gun Fire Safe,399.980011,0,4/5/2016 17:03,Standard Class
102549,DEBIT,3,4,47.3199997,181.9900055,Advance shipping,0,48,Water Sports,New York,EE. UU.,XXXXXXXXX,Rebecca,6843,Smith,XXXXXXXXX,Consumer,NY,2033 Thunder Ledge,10040.0,7,Fan Shop,40.85889053,-73.93106842,Pacific Asia,Bangkok,Tailandia,6843,11/8/2015 16:12,21352,1073,18.0,0.090000004,53395,199.9900055,0.25999999,1,199.9900055,181.9900055,47.3199997,Southeast Asia,Bangkok,ON_HOLD,,1073,48,,http://images.acmesports.sports/Pelican+Sunstream+100+Kayak,Pelican Sunstream 100 Kayak,199.9900055,0,11/11/2015 16:12,Standard Class
129214,DEBIT,6,4,34.00999832,113.3700027,Late delivery,1,29,Shop By Sport,Clarksville,EE. UU.,XXXXXXXXX,Mary,8529,Watts,XXXXXXXXX,Consumer,TN,6231 Sleepy Chase,37042.0,5,Golf,36.54824066,-87.37922669,Pacific Asia,Brisbane,Australia,8529,2/13/2016 13:47,27990,627,6.599999905,0.059999999,70048,39.99000168,0.300000012,3,119.9700012,113.3700027,34.00999832,Oceania,Queensland,COMPLETE,,627,29,,http://images.acmesports.sports/Under+Armour+Girls%27+Toddler+Spine+Surge+Running+Shoe,Under Armour Girls' Toddler Spine Surge Runni,39.99000168,0,2/19/2016 13:47,Standard Class
167283,PAYMENT,5,4,76.48999786,254.9799957,Late delivery,1,43,Camping & Hiking,Clovis,EE. UU.,XXXXXXXXX,Mary,7076,Olson,XXXXXXXXX,Home Office,CA,1247 Tawny Berry Court,93611.0,7,Fan Shop,36.81530762,-119.7002182,Pacific Asia,Bekasi,Indonesia,7076,2/4/2016 3:28,27344,957,45.0,0.150000006,68483,299.980011,0.300000012,1,299.980011,254.9799957,76.48999786,Southeast Asia,Java Occidental,PENDING_PAYMENT,,957,43,,http://images.acmesports.sports/Diamondback+Women%27s+Serene+Classic+Comfort+Bike+2014,Diamondback Women's Serene Classic Comfort Bi,299.980011,0,2/9/2016 3:28,Standard Class
53200,PAYMENT,4,4,-71.5,163.9900055,Shipping on time,0,48,Water Sports,Glendale,EE. UU.,XXXXXXXXX,Rebecca,2267,Tran,XXXXXXXXX,Consumer,AZ,1491 Foggy Glade,85308.0,7,Fan Shop,33.66019821,-112.1931229,Europe,Meudon,Francia,2267,8/29/2017 22:38,66583,1073,36.0,0.180000007,166426,199.9900055,-0.439999998,1,199.9900055,163.9900055,-71.5,Western Europe,Isla de Francia,PENDING_PAYMENT,,1073,48,,http://images.acmesports.sports/Pelican+Sunstream+100+Kayak,Pelican Sunstream 100 Kayak,199.9900055,0,9/2/2017 22:38,Standard Class
64390,DEBIT,2,2,40.56000137,103.9899979,Shipping on time,0,18,Men's Footwear,Lakewood,EE. UU.,XXXXXXXXX,Mary,5657,James,XXXXXXXXX,Consumer,OH,1389 Dusty Circuit,44107.0,4,Apparel,41.48466873,-81.77624512,Europe,Getafe,España,5657,8/20/2015 17:43,15876,403,26.0,0.200000003,39668,129.9900055,0.389999986,1,129.9900055,103.9899979,40.56000137,Southern Europe,Madrid,ON_HOLD,,403,18,,http://images.acmesports.sports/Nike+Men%27s+CJ+Elite+2+TD+Football+Cleat,Nike Men's CJ Elite 2 TD Football Cleat,129.9900055,0,8/22/2015 17:43,Second Class
65217,DEBIT,4,2,35.09000015,79.76000214,Late delivery,1,72,Pet Supplies,Chicago,EE. UU.,XXXXXXXXX,Darryl,19191,Noble,XXXXXXXXX,Consumer,IL,9128 Little Cloud Bay,60617.0,11,Pet Shop,41.73297119,-87.54953003,Pacific Asia,Rangún,Myanmar (Birmania),19191,1/9/2018 3:00,75638,1359,4.639999866,0.059999999,178953,84.40000153,0.439999998,1,84.40000153,79.76000214,35.09000015,Southeast Asia,Rangún,ON_HOLD,,1359,72,,http://images.acmesports.sports/Adult+dog+supplies,Adult dog supplies,84.40000153,0,1/13/2018 3:00,Second Class
102438,TRANSFER,2,1,76.0,189.9900055,Late delivery,1,48,Water Sports,Caguas,Puerto Rico,XXXXXXXXX,Danielle,11129,Smith,XXXXXXXXX,Consumer,PR,1936 Hazy Goose Mount,725.0,7,Fan Shop,18.26877403,-66.37057495,Pacific Asia,Qingdao,China,11129,11/16/2015 9:53,21882,1073,10.0,0.050000001,54724,199.9900055,0.400000006,1,199.9900055,189.9900055,76.0,Eastern Asia,Shandong,PROCESSING,,1073,48,,http://images.acmesports.sports/Pelican+Sunstream+100+Kayak,Pelican Sunstream 100 Kayak,199.9900055,0,11/18/2015 9:53,First Class
109241,PAYMENT,4,4,71.98999786,287.9500122,Shipping on time,0,17,Cleats,Dorchester Center,EE. UU.,XXXXXXXXX,Andrew,10915,Booth,XXXXXXXXX,Consumer,MA,4103 Rocky View Harbour,2124.0,4,Apparel,42.29163361,-71.06265259,LATAM,Santa Ana,El Salvador,10915,3/10/2015 18:49,4713,365,12.0,0.039999999,11810,59.99000168,0.25,5,299.9500122,287.9500122,71.98999786,Central America,Santa Ana,PENDING_PAYMENT,,365,17,,http://images.acmesports.sports/Perfect+Fitness+Perfect+Rip+Deck,Perfect Fitness Perfect Rip Deck,59.99000168,0,3/14/2015 18:49,Standard Class
159587,TRANSFER,4,4,42.61999893,126.0899963,Shipping on time,0,18,Men's Footwear,Caguas,Puerto Rico,XXXXXXXXX,Mary,5118,Smith,XXXXXXXXX,Consumer,PR,1388 Blue Turnabout,725.0,4,Apparel,18.25333214,-66.37051392,LATAM,Santiago de Cuba,Cuba,5118,1/15/2015 4:32,973,403,3.900000095,0.029999999,2421,129.9900055,0.340000004,1,129.9900055,126.0899963,42.61999893,Caribbean,Santiago de Cuba,PENDING,,403,18,,http://images.acmesports.sports/Nike+Men%27s+CJ+Elite+2+TD+Football+Cleat,Nike Men's CJ Elite 2 TD Football Cleat,129.9900055,0,1/19/2015 4:32,Standard Class
23541,CASH,2,4,108.8899994,299.980011,Advance shipping,0,43,Camping & Hiking,Saginaw,EE. UU.,XXXXXXXXX,Juan,11503,Curry,XXXXXXXXX,Corporate,MI,4355 Gentle Abbey,48601.0,7,Fan Shop,43.36036682,-84.13088989,Pacific Asia,Yakarta,Indonesia,11503,3/10/2016 15:30,29776,957,0.0,0.0,74508,299.980011,0.360000014,1,299.980011,299.980011,108.8899994,Southeast Asia,Yakarta,CLOSED,,957,43,,http://images.acmesports.sports/Diamondback+Women%27s+Serene+Classic+Comfort+Bike+2014,Diamondback Women's Serene Classic Comfort Bi,299.980011,0,3/12/2016 15:30,Standard Class
132070,PAYMENT,5,4,61.72000122,125.9499969,Late delivery,1,46,Indoor/Outdoor Games,Caguas,Puerto Rico,XXXXXXXXX,Mary,11344,Sparks,XXXXXXXXX,Consumer,PR,1534 Cinder View Thicket,725.0,7,Fan Shop,18.2042408,-66.37049866,Pacific Asia,Rangún,Myanmar (Birmania),11344,2/2/2016 18:11,27249,1014,23.98999977,0.159999996,68260,49.97999954,0.49000001,3,149.9400024,125.9499969,61.72000122,Southeast Asia,Rangún,PENDING_PAYMENT,,1014,46,,http://images.acmesports.sports/O%27Brien+Men%27s+Neoprene+Life+Vest,O'Brien Men's Neoprene Life Vest,49.97999954,0,2/7/2016 18:11,Standard Class
77523,PAYMENT,6,4,-230.0800018,139.4400024,Late delivery,1,46,Indoor/Outdoor Games,Chicago,EE. UU.,XXXXXXXXX,Amber,7978,Santos,XXXXXXXXX,Corporate,IL,8976 Wishing Quail Ramp,60626.0,7,Fan Shop,41.73286438,-87.55976105,Europe,Carrara,Italia,7978,9/5/2017 21:45,67060,1014,10.5,0.07,167636,49.97999954,-1.649999976,3,149.9400024,139.4400024,-230.0800018,Southern Europe,Toscana,PENDING_PAYMENT,,1014,46,,http://images.acmesports.sports/O%27Brien+Men%27s+Neoprene+Life+Vest,O'Brien Men's Neoprene Life Vest,49.97999954,0,9/11/2017 21:45,Standard Class
172436,CASH,2,1,114.7099991,238.9700012,Late delivery,1,65,Consumer Electronics,Caguas,Puerto Rico,XXXXXXXXX,Stella,18149,Perez,XXXXXXXXX,Consumer,PR,1927 Harvest Lane,725.0,10,Technology,18.29052353,-66.03705597,Pacific Asia,Brisbane,Australia,18149,12/24/2017 21:57,74596,1352,13.90999985,0.059999999,177911,252.8800049,0.479999989,1,252.8800049,238.9700012,114.7099991,Oceania,Queensland,CLOSED,,1352,65,,http://images.acmesports.sports/Industrial+consumer+electronics,Industrial consumer electronics,252.8800049,0,12/26/2017 21:57,First Class
159809,TRANSFER,5,4,25.5,254.9799957,Late delivery,1,43,Camping & Hiking,Caguas,Puerto Rico,XXXXXXXXX,Mary,10552,Finley,XXXXXXXXX,Consumer,PR,4524 Honey Carrefour,725.0,7,Fan Shop,18.22195053,-66.3705368,LATAM,Tijuana,México,10552,3/26/2017 14:48,55874,957,45.0,0.150000006,139709,299.980011,0.100000001,1,299.980011,254.9799957,25.5,Central America,Baja California,PENDING,,957,43,,http://images.acmesports.sports/Diamondback+Women%27s+Serene+Classic+Comfort+Bike+2014,Diamondback Women's Serene Classic Comfort Bi,299.980011,0,3/31/2017 14:48,Standard Class
97291,DEBIT,1,0,53.86999893,141.75,Late delivery,1,24,Women's Apparel,Saint Louis,EE. UU.,XXXXXXXXX,Mary,5849,Conrad,XXXXXXXXX,Home Office,MO,6135 Lazy Prairie Ridge,63129.0,5,Golf,38.45304108,-90.30644989,LATAM,Mérida,México,5849,5/25/2015 20:28,9924,502,8.25,0.059999999,24792,50.0,0.379999995,3,150.0,141.75,53.86999893,Central America,Yucatán,ON_HOLD,,502,24,,http://images.acmesports.sports/Nike+Men%27s+Dri-FIT+Victory+Golf+Polo,Nike Men's Dri-FIT Victory Golf Polo,50.0,0,5/26/2015 8:28,Same Day
42119,DEBIT,2,1,134.9900055,269.980011,Late delivery,1,43,Camping & Hiking,San Antonio,EE. UU.,XXXXXXXXX,Mary,2015,Smith,XXXXXXXXX,Consumer,TX,2407 Tawny Elk Front,78228.0,7,Fan Shop,29.47656632,-98.579216,LATAM,La Romana,República Dominicana,2015,3/16/2017 23:55,55215,957,30.0,0.100000001,138096,299.980011,0.5,1,299.980011,269.980011,134.9900055,Caribbean,La Romana,COMPLETE,,957,43,,http://images.acmesports.sports/Diamondback+Women%27s+Serene+Classic+Comfort+Bike+2014,Diamondback Women's Serene Classic Comfort Bi,299.980011,0,3/18/2017 23:55,First Class
134261,TRANSFER,5,4,3.269999981,43.63999939,Late delivery,1,13,Electronics,Phoenix,EE. UU.,XXXXXXXXX,Joe,11646,Snyder,XXXXXXXXX,Consumer,AZ,6608 Silver Goose Point,85022.0,3,Footwear,33.64781952,-112.0518799,Pacific Asia,Semarang,Indonesia,11646,2/15/2016 12:44,28124,278,1.350000024,0.029999999,70329,44.99000168,0.079999998,1,44.99000168,43.63999939,3.269999981,Southeast Asia,Java Central,PROCESSING,,278,13,,http://images.acmesports.sports/Under+Armour+Men%27s+Compression+EV+SL+Slide,Under Armour Men's Compression EV SL Slide,44.99000168,0,2/20/2016 12:44,Standard Class
178016,TRANSFER,2,1,14.39000034,44.97999954,Shipping canceled,0,46,Indoor/Outdoor Games,Caguas,Puerto Rico,XXXXXXXXX,Linda,2773,Hale,XXXXXXXXX,Corporate,PR,2544 Honey Rise Loop,725.0,7,Fan Shop,18.2424221,-66.3706131,LATAM,Mérida,México,2773,5/25/2015 20:49,9925,1014,5.0,0.100000001,24796,49.97999954,0.319999993,1,49.97999954,44.97999954,14.39000034,Central America,Yucatán,SUSPECTED_FRAUD,,1014,46,,http://images.acmesports.sports/O%27Brien+Men%27s+Neoprene+Life+Vest,O'Brien Men's Neoprene Life Vest,49.97999954,0,5/27/2015 20:49,First Class
153752,TRANSFER,5,4,40.3199997,335.980011,Late delivery,1,45,Fishing,Buena Park,EE. UU.,XXXXXXXXX,Dylan,6404,Smith,XXXXXXXXX,Home Office,CA,9130 Emerald Plaza,90620.0,7,Fan Shop,33.83950424,-118.011467,Pacific Asia,Adelaide,Australia,6404,3/8/2016 15:30,29639,1004,64.0,0.159999996,74157,399.980011,0.119999997,1,399.980011,335.980011,40.3199997,Oceania,Australia del Sur,PROCESSING,,1004,45,,http://images.acmesports.sports/Field+%26+Stream+Sportsman+16+Gun+Fire+Safe,Field & Stream Sportsman 16 Gun Fire Safe,399.980011,0,3/13/2016 15:30,Standard Class
107379,PAYMENT,4,4,14.53999996,193.9199982,Shipping on time,0,46,Indoor/Outdoor Games,Elyria,EE. UU.,XXXXXXXXX,Mary,5245,Montgomery,XXXXXXXXX,Consumer,OH,7810 Stony Stead,44035.0,7,Fan Shop,41.36125946,-82.11012268,LATAM,San Miguelito,Panamá,5245,2/23/2017 10:27,53738,1014,6.0,0.029999999,134340,49.97999954,0.079999998,4,199.9199982,193.9199982,14.53999996,Central America,Panamá,PENDING_PAYMENT,,1014,46,,http://images.acmesports.sports/O%27Brien+Men%27s+Neoprene+Life+Vest,O'Brien Men's Neoprene Life Vest,49.97999954,0,2/27/2017 10:27,Standard Class
156465,TRANSFER,2,1,-13.48999977,107.8899994,Shipping canceled,0,18,Men's Footwear,Caguas,Puerto Rico,XXXXXXXXX,Mary,10775,Woodard,XXXXXXXXX,Consumer,PR,9658 Merry Landing,725.0,4,Apparel,18.24983788,-66.37062073,Pacific Asia,Mecca,Arabia Saudí,10775,11/2/2016 11:08,45999,403,22.10000038,0.170000002,114965,129.9900055,-0.129999995,1,129.9900055,107.8899994,-13.48999977,West Asia,Meca,SUSPECTED_FRAUD,,403,18,,http://images.acmesports.sports/Nike+Men%27s+CJ+Elite+2+TD+Football+Cleat,Nike Men's CJ Elite 2 TD Football Cleat,129.9900055,0,11/4/2016 11:08,First Class
72016,TRANSFER,2,2,40.3199997,251.9799957,Shipping on time,0,43,Camping & Hiking,Brighton,EE. UU.,XXXXXXXXX,Samantha,8683,Smith,XXXXXXXXX,Corporate,MA,8335 Little Rise Downs,2135.0,7,Fan Shop,42.34962845,-71.15328217,LATAM,Natal,Brasil,8683,1/2/2015 9:16,96,957,48.0,0.159999996,217,299.980011,0.159999996,1,299.980011,251.9799957,40.3199997,South America,Río Grande del Norte,PENDING,,957,43,,http://images.acmesports.sports/Diamondback+Women%27s+Serene+Classic+Comfort+Bike+2014,Diamondback Women's Serene Classic Comfort Bi,299.980011,0,1/4/2015 9:16,Second Class
140966,CASH,6,4,24.89999962,199.1699982,Late delivery,1,17,Cleats,Caguas,Puerto Rico,XXXXXXXXX,Mary,2903,Smith,XXXXXXXXX,Home Office,PR,3772 Silent Dale Walk,725.0,4,Apparel,18.220644,-66.37058258,Africa,Vanderbijlpark,SudAfrica,2903,10/12/2016 5:44,44545,365,40.79000092,0.170000002,111219,59.99000168,0.129999995,4,239.9600067,199.1699982,24.89999962,Southern Africa,Gauteng,CLOSED,,365,17,,http://images.acmesports.sports/Perfect+Fitness+Perfect+Rip+Deck,Perfect Fitness Perfect Rip Deck,59.99000168,0,10/18/2016 5:44,Standard Class
153941,PAYMENT,2,4,-3.059999943,18.73999977,Advance shipping,0,5,Lacrosse,Caguas,Puerto Rico,XXXXXXXXX,Mary,4246,Cunningham,XXXXXXXXX,Consumer,PR,9753 Little Willow Estates,725.0,2,Fitness,18.27494812,-66.37050629,USCA,Mesa,Estados Unidos,4246,4/17/2016 12:39,32371,93,6.25,0.25,80956,24.98999977,-0.159999996,1,24.98999977,18.73999977,-3.059999943,West of USA ,Arizona,PENDING_PAYMENT,85204.0,93,5,,http://images.acmesports.sports/Under+Armour+Men%27s+Tech+II+T-Shirt,Under Armour Men's Tech II T-Shirt,24.98999977,0,4/19/2016 12:39,Standard Class
161671,TRANSFER,6,4,61.97999954,151.1699982,Late delivery,1,3,Baseball & Softball,Caguas,Puerto Rico,XXXXXXXXX,Mary,10269,Flowers,XXXXXXXXX,Consumer,PR,833 Honey Panda Acres,725.0,2,Fitness,18.28783035,-66.3705368,LATAM,Buenos Aires,Argentina,10269,2/22/2015 11:08,3595,44,28.79999924,0.159999996,8937,59.99000168,0.409999996,3,179.9700012,151.1699982,61.97999954,South America,Buenos Aires,PENDING,,44,3,,http://images.acmesports.sports/adidas+Men%27s+F10+Messi+TRX+FG+Soccer+Cleat,adidas Men's F10 Messi TRX FG Soccer Cleat,59.99000168,0,2/28/2015 11:08,Standard Class
83735,DEBIT,3,4,31.94000053,118.2900009,Advance shipping,0,18,Men's Footwear,Rosemead,EE. UU.,XXXXXXXXX,Mary,10830,Espinoza,XXXXXXXXX,Consumer,CA,4173 Quiet Common,91770.0,4,Apparel,34.08244705,-118.0733643,LATAM,Veracruz,México,10830,5/14/2017 8:15,59212,403,11.69999981,0.090000004,148216,129.9900055,0.270000011,1,129.9900055,118.2900009,31.94000053,Central America,Veracruz,COMPLETE,,403,18,,http://images.acmesports.sports/Nike+Men%27s+CJ+Elite+2+TD+Football+Cleat,Nike Men's CJ Elite 2 TD Football Cleat,129.9900055,0,5/17/2017 8:15,Standard Class
153254,PAYMENT,2,2,186.1100006,395.980011,Shipping on time,0,45,Fishing,Caguas,Puerto Rico,XXXXXXXXX,James,3480,Smith,XXXXXXXXX,Corporate,PR,2447 Wishing View Pathway,725.0,7,Fan Shop,18.23722267,-66.37057495,USCA,Cincinnati,Estados Unidos,3480,4/5/2016 18:37,31566,1004,4.0,0.01,78870,399.980011,0.469999999,1,399.980011,395.980011,186.1100006,East of USA,Ohio,PENDING_PAYMENT,45231.0,1004,45,,http://images.acmesports.sports/Field+%26+Stream+Sportsman+16+Gun+Fire+Safe,Field & Stream Sportsman 16 Gun Fire Safe,399.980011,0,4/7/2016 18:37,Second Class
152953,TRANSFER,2,4,137.2100067,377.980011,Advance shipping,0,45,Fishing,Garden Grove,EE. UU.,XXXXXXXXX,Mary,6047,Smith,XXXXXXXXX,Consumer,CA,6175 Golden Glade,92843.0,7,Fan Shop,33.76652145,-117.9461899,USCA,Colorado Springs,Estados Unidos,6047,4/21/2016 20:00,32666,1004,22.0,0.059999999,81721,399.980011,0.360000014,1,399.980011,377.980011,137.2100067,West of USA ,Colorado,PROCESSING,80906.0,1004,45,,http://images.acmesports.sports/Field+%26+Stream+Sportsman+16+Gun+Fire+Safe,Field & Stream Sportsman 16 Gun Fire Safe,399.980011,0,4/23/2016 20:00,Standard Class
141291,DEBIT,2,1,36.40000153,129.9900055,Late delivery,1,18,Men's Footwear,Caguas,Puerto Rico,XXXXXXXXX,Mary,5813,Brock,XXXXXXXXX,Home Office,PR,3668 Sunny Wharf,725.0,4,Apparel,18.26782417,-66.37055969,Pacific Asia,Denpasar,Indonesia,5813,3/2/2016 20:25,29242,403,0.0,0.0,73139,129.9900055,0.280000001,1,129.9900055,129.9900055,36.40000153,Southeast Asia,Bali,COMPLETE,,403,18,,http://images.acmesports.sports/Nike+Men%27s+CJ+Elite+2+TD+Football+Cleat,Nike Men's CJ Elite 2 TD Football Cleat,129.9900055,0,3/4/2016 20:25,First Class
33524,CASH,6,4,44.59000015,127.3899994,Late delivery,1,18,Men's Footwear,Austin,EE. UU.,XXXXXXXXX,Philip,7763,Smith,XXXXXXXXX,Consumer,TX,5270 Quaking Autoroute,78745.0,4,Apparel,30.20363426,-97.7858963,LATAM,Acarigua,Venezuela,7763,5/13/2017 3:31,59130,403,2.599999905,0.02,147994,129.9900055,0.349999994,1,129.9900055,127.3899994,44.59000015,South America,Portuguesa,CLOSED,,403,18,,http://images.acmesports.sports/Nike+Men%27s+CJ+Elite+2+TD+Football+Cleat,Nike Men's CJ Elite 2 TD Football Cleat,129.9900055,0,5/19/2017 3:31,Standard Class
53850,DEBIT,5,4,-14.69999981,195.9900055,Late delivery,1,48,Water Sports,San Jose,EE. UU.,XXXXXXXXX,Frank,7075,Smith,XXXXXXXXX,Home Office,CA,9335 Hidden Crescent,95112.0,7,Fan Shop,37.33271027,-121.8783722,Europe,Duisburg,Alemania,7075,7/19/2017 6:45,63729,1073,4.0,0.02,159308,199.9900055,-0.079999998,1,199.9900055,195.9900055,-14.69999981,Western Europe,Renania del Norte-Westfalia,COMPLETE,,1073,48,,http://images.acmesports.sports/Pelican+Sunstream+100+Kayak,Pelican Sunstream 100 Kayak,199.9900055,0,7/24/2017 6:45,Standard Class
130831,PAYMENT,5,4,-61.86000061,90.95999908,Late delivery,1,46,Indoor/Outdoor Games,Caguas,Puerto Rico,XXXXXXXXX,Mary,6344,Smith,XXXXXXXXX,Corporate,PR,4462 Blue Drive,725.0,7,Fan Shop,18.28071594,-66.3705368,USCA,Los Angeles,Estados Unidos,6344,4/7/2016 22:28,31714,1014,9.0,0.090000004,79253,49.97999954,-0.680000007,2,99.95999908,90.95999908,-61.86000061,West of USA ,California,PENDING_PAYMENT,90004.0,1014,46,,http://images.acmesports.sports/O%27Brien+Men%27s+Neoprene+Life+Vest,O'Brien Men's Neoprene Life Vest,49.97999954,0,4/12/2016 22:28,Standard Class
7698,CASH,6,2,13.39000034,37.18999863,Late delivery,1,29,Shop By Sport,Caguas,Puerto Rico,XXXXXXXXX,Mary,4412,Ellison,XXXXXXXXX,Corporate,PR,432 Rocky Link,725.0,5,Golf,18.23457146,-66.3706131,LATAM,Aracaju,Brasil,4412,2/3/2017 14:41,52380,627,2.799999952,0.07,130909,39.99000168,0.360000014,1,39.99000168,37.18999863,13.39000034,South America,Sergipe,CLOSED,,627,29,,http://images.acmesports.sports/Under+Armour+Girls%27+Toddler+Spine+Surge+Running+Shoe,Under Armour Girls' Toddler Spine Surge Runni,39.99000168,0,2/9/2017 14:41,Second Class
54630,TRANSFER,2,4,34.20000076,179.9900055,Advance shipping,0,48,Water Sports,Caguas,Puerto Rico,XXXXXXXXX,Mary,9554,Hayes,XXXXXXXXX,Consumer,PR,6314 Honey Canyon,725.0,7,Fan Shop,18.22172546,-66.37059021,LATAM,Belo Horizonte,Brasil,9554,5/31/2017 11:33,60386,1073,20.0,0.100000001,151123,199.9900055,0.189999998,1,199.9900055,179.9900055,34.20000076,South America,Minas Gerais,PENDING,,1073,48,,http://images.acmesports.sports/Pelican+Sunstream+100+Kayak,Pelican Sunstream 100 Kayak,199.9900055,0,6/2/2017 11:33,Standard Class
128511,DEBIT,6,4,-224.0599976,149.3800049,Late delivery,1,17,Cleats,Wayne,EE. UU.,XXXXXXXXX,Nathan,2589,Taylor,XXXXXXXXX,Consumer,NJ,923 Tawny Estates,7470.0,4,Apparel,40.95141602,-74.22407532,Europe,Arkhangelsk,Rusia,2589,11/4/2016 10:47,46135,365,30.59000015,0.170000002,115340,59.99000168,-1.5,3,179.9700012,149.3800049,-224.0599976,Eastern Europe,Arjánguelsk,COMPLETE,,365,17,,http://images.acmesports.sports/Perfect+Fitness+Perfect+Rip+Deck,Perfect Fitness Perfect Rip Deck,59.99000168,0,11/10/2016 10:47,Standard Class
6138,CASH,2,1,34.65000153,105.0,Late delivery,1,26,Girls' Apparel,Union City,EE. UU.,XXXXXXXXX,Kevin,12066,Smith,XXXXXXXXX,Consumer,NJ,6234 Honey Grove Expressway,7087.0,5,Golf,40.7615242,-74.03826904,LATAM,Santiago de Cuba,Cuba,12066,5/6/2015 14:21,8605,565,35.0,0.25,21472,70.0,0.330000013,2,140.0,105.0,34.65000153,Caribbean,Santiago de Cuba,CLOSED,,565,26,,http://images.acmesports.sports/adidas+Youth+Germany+Black%2FRed+Away+Match+Soccer+Jersey,adidas Youth Germany Black/Red Away Match Soc,70.0,0,5/8/2015 14:21,First Class
37585,PAYMENT,2,2,-4.050000191,161.9700012,Shipping on time,0,17,Cleats,Aurora,EE. UU.,XXXXXXXXX,Frances,11194,Nielsen,XXXXXXXXX,Consumer,CO,9765 Quaking Turnabout,80012.0,4,Apparel,39.69681549,-104.8411789,Europe,Gothenburg,Suecia,11194,7/4/2017 17:06,62731,365,18.0,0.100000001,156843,59.99000168,-0.029999999,3,179.9700012,161.9700012,-4.050000191,Northern Europe,Västra Götaland,PENDING_PAYMENT,,365,17,,http://images.acmesports.sports/Perfect+Fitness+Perfect+Rip+Deck,Perfect Fitness Perfect Rip Deck,59.99000168,0,7/6/2017 17:06,Second Class
82385,DEBIT,5,4,41.40000153,118.2900009,Late delivery,1,18,Men's Footwear,Lynn,EE. UU.,XXXXXXXXX,Stephanie,3096,Larson,XXXXXXXXX,Consumer,MA,3050 Cinder End,1902.0,4,Apparel,42.46523285,-70.93743134,Europe,Pforzheim,Alemania,3096,7/4/2015 22:09,12669,403,11.69999981,0.090000004,31702,129.9900055,0.349999994,1,129.9900055,118.2900009,41.40000153,Western Europe,Baden-Wurtemberg,COMPLETE,,403,18,,http://images.acmesports.sports/Nike+Men%27s+CJ+Elite+2+TD+Football+Cleat,Nike Men's CJ Elite 2 TD Football Cleat,129.9900055,0,7/9/2015 22:09,Standard Class
153272,TRANSFER,5,2,44.75,395.980011,Late delivery,1,45,Fishing,Miami,EE. UU.,XXXXXXXXX,Mary,8781,Chan,XXXXXXXXX,Home Office,FL,6179 Easy Swale,33186.0,7,Fan Shop,25.67947006,-80.42615509,USCA,Denver,Estados Unidos,8781,4/4/2016 19:09,31499,1004,4.0,0.01,78714,399.980011,0.109999999,1,399.980011,395.980011,44.75,West of USA ,Colorado,PENDING,80219.0,1004,45,,http://images.acmesports.sports/Field+%26+Stream+Sportsman+16+Gun+Fire+Safe,Field & Stream Sportsman 16 Gun Fire Safe,399.980011,0,4/9/2016 19:09,Second Class
71968,TRANSFER,6,2,14.10000038,124.7900009,Late delivery,1,18,Men's Footwear,Chesapeake,EE. UU.,XXXXXXXXX,Brenda,5386,Smith,XXXXXXXXX,Corporate,VA,3067 Hazy Autoroute,23322.0,4,Apparel,36.87338257,-76.25468445,LATAM,Mixco,Guatemala,5386,4/24/2015 15:04,7785,403,5.199999809,0.039999999,19466,129.9900055,0.109999999,1,129.9900055,124.7900009,14.10000038,Central America,Guatemala,PENDING,,403,18,,http://images.acmesports.sports/Nike+Men%27s+CJ+Elite+2+TD+Football+Cleat,Nike Men's CJ Elite 2 TD Football Cleat,129.9900055,0,4/30/2015 15:04,Second Class
109041,PAYMENT,6,4,232.7799988,484.9500122,Late delivery,1,9,Cardio Equipment,Fresno,EE. UU.,XXXXXXXXX,Mary,6834,Smith,XXXXXXXXX,Consumer,CA,2926 Golden Townline,93727.0,3,Footwear,36.74282074,-119.7823944,Europe,Wolverhampton,Reino Unido,6834,9/8/2015 11:33,17160,191,15.0,0.029999999,42909,99.98999786,0.479999989,5,499.9500122,484.9500122,232.7799988,Northern Europe,Inglaterra,PENDING_PAYMENT,,191,9,,http://images.acmesports.sports/Nike+Men%27s+Free+5.0%2B+Running+Shoe,Nike Men's Free 5.0+ Running Shoe,99.98999786,0,9/14/2015 11:33,Standard Class
155367,PAYMENT,5,4,110.1600037,351.9599915,Late delivery,1,9,Cardio Equipment,Caguas,Puerto Rico,XXXXXXXXX,Mary,8812,Woodward,XXXXXXXXX,Consumer,PR,5352 Jagged Subdivision,725.0,3,Footwear,18.28175926,-66.37060547,Pacific Asia,Sukkur,Pakistán,8812,12/6/2015 22:49,23289,191,48.0,0.119999997,58315,99.98999786,0.310000002,4,399.9599915,351.9599915,110.1600037,South Asia,Sind,PENDING_PAYMENT,,191,9,,http://images.acmesports.sports/Nike+Men%27s+Free+5.0%2B+Running+Shoe,Nike Men's Free 5.0+ Running Shoe,99.98999786,0,12/11/2015 22:49,Standard Class
22387,DEBIT,3,4,50.68999863,149.9900055,Advance shipping,0,9,Cardio Equipment,Caguas,Puerto Rico,XXXXXXXXX,Mary,2932,Scott,XXXXXXXXX,Consumer,PR,8612 Merry Horse Campus,725.0,3,Footwear,18.23119164,-66.37055206,LATAM,Buenos Aires,Argentina,2932,4/22/2015 9:28,7632,191,50.0,0.25,19100,99.98999786,0.340000004,2,199.9799957,149.9900055,50.68999863,South America,Buenos Aires,ON_HOLD,,191,9,,http://images.acmesports.sports/Nike+Men%27s+Free+5.0%2B+Running+Shoe,Nike Men's Free 5.0+ Running Shoe,99.98999786,0,4/25/2015 9:28,Standard Class
82313,DEBIT,6,4,47.15000153,120.8899994,Late delivery,1,18,Men's Footwear,Wayne,EE. UU.,XXXXXXXXX,Nathan,2589,Taylor,XXXXXXXXX,Consumer,NJ,923 Tawny Estates,7470.0,4,Apparel,40.95141602,-74.22407532,Europe,Arkhangelsk,Rusia,2589,11/4/2016 10:47,46135,403,9.100000381,0.07,115339,129.9900055,0.389999986,1,129.9900055,120.8899994,47.15000153,Eastern Europe,Arjánguelsk,COMPLETE,,403,18,,http://images.acmesports.sports/Nike+Men%27s+CJ+Elite+2+TD+Football+Cleat,Nike Men's CJ Elite 2 TD Football Cleat,129.9900055,0,11/10/2016 10:47,Standard Class
157115,TRANSFER,2,1,-31.25,250.0,Late delivery,1,24,Women's Apparel,Caguas,Puerto Rico,XXXXXXXXX,Edward,4875,Peters,XXXXXXXXX,Consumer,PR,6715 Blue Shadow Square,725.0,5,Golf,18.24205971,-66.37055969,USCA,Gilbert,Estados Unidos,4875,5/28/2016 12:25,35179,502,0.0,0.0,87869,50.0,-0.129999995,5,250.0,250.0,-31.25,West of USA ,Arizona,PROCESSING,85234.0,502,24,,http://images.acmesports.sports/Nike+Men%27s+Dri-FIT+Victory+Golf+Polo,Nike Men's Dri-FIT Victory Golf Polo,50.0,0,5/30/2016 12:25,First Class
112806,PAYMENT,4,4,-1.139999986,45.47999954,Shipping on time,0,46,Indoor/Outdoor Games,Caguas,Puerto Rico,XXXXXXXXX,Mary,10269,Flowers,XXXXXXXXX,Consumer,PR,833 Honey Panda Acres,725.0,7,Fan Shop,18.28783035,-66.3705368,Pacific Asia,Andijon,Uzbekistán,10269,10/18/2016 11:41,44973,1014,4.5,0.090000004,112319,49.97999954,-0.029999999,1,49.97999954,45.47999954,-1.139999986,Central Asia,Andiján,PENDING_PAYMENT,,1014,46,,http://images.acmesports.sports/O%27Brien+Men%27s+Neoprene+Life+Vest,O'Brien Men's Neoprene Life Vest,49.97999954,0,10/22/2016 11:41,Standard Class
123018,TRANSFER,3,2,163.1799927,339.9700012,Late delivery,1,9,Cardio Equipment,Caguas,Puerto Rico,XXXXXXXXX,Mary,5690,Smith,XXXXXXXXX,Corporate,PR,5950 Misty Branch Dale,725.0,3,Footwear,18.28432274,-66.37055969,Europe,Karlsruhe,Alemania,5690,7/11/2015 9:22,13112,191,59.99000168,0.150000006,32799,99.98999786,0.479999989,4,399.9599915,339.9700012,163.1799927,Western Europe,Baden-Wurtemberg,PROCESSING,,191,9,,http://images.acmesports.sports/Nike+Men%27s+Free+5.0%2B+Running+Shoe,Nike Men's Free 5.0+ Running Shoe,99.98999786,0,7/14/2015 9:22,Second Class
7054,DEBIT,2,2,12.78999996,49.18999863,Shipping on time,0,17,Cleats,Caguas,Puerto Rico,XXXXXXXXX,Sara,11230,Collins,XXXXXXXXX,Consumer,PR,1017 Quiet Villas,725.0,4,Apparel,18.28994179,-66.37063599,USCA,Los Angeles,Estados Unidos,11230,4/14/2016 4:04,32141,365,10.80000019,0.180000007,80376,59.99000168,0.25999999,1,59.99000168,49.18999863,12.78999996,West of USA ,California,COMPLETE,90036.0,365,17,,http://images.acmesports.sports/Perfect+Fitness+Perfect+Rip+Deck,Perfect Fitness Perfect Rip Deck,59.99000168,0,4/16/2016 4:04,Second Class
131472,DEBIT,2,4,46.18000031,131.9499969,Advance shipping,0,46,Indoor/Outdoor Games,Bell Gardens,EE. UU.,XXXXXXXXX,Eugene,10505,Wu,XXXXXXXXX,Consumer,CA,8968 Tawny Forest Estates,90201.0,7,Fan Shop,33.97483063,-118.1829376,Pacific Asia,Melbourne,Australia,10505,3/3/2016 18:50,29306,1014,17.98999977,0.119999997,73327,49.97999954,0.349999994,3,149.9400024,131.9499969,46.18000031,Oceania,Victoria,COMPLETE,,1014,46,,http://images.acmesports.sports/O%27Brien+Men%27s+Neoprene+Life+Vest,O'Brien Men's Neoprene Life Vest,49.97999954,0,3/5/2016 18:50,Standard Class
73094,PAYMENT,2,1,22.5,179.9900055,Late delivery,1,48,Water Sports,Detroit,EE. UU.,XXXXXXXXX,Linda,5511,Smith,XXXXXXXXX,Corporate,MI,9667 Cinder Bend,48205.0,7,Fan Shop,42.42877197,-82.98252869,Pacific Asia,Basra,Irak,5511,12/24/2016 22:38,49594,1073,20.0,0.100000001,123948,199.9900055,0.129999995,1,199.9900055,179.9900055,22.5,West Asia,Basora,PENDING_PAYMENT,,1073,48,,http://images.acmesports.sports/Pelican+Sunstream+100+Kayak,Pelican Sunstream 100 Kayak,199.9900055,0,12/26/2016 22:38,First Class
114471,TRANSFER,6,4,54.06000137,159.9400024,Late delivery,1,46,Indoor/Outdoor Games,New York,EE. UU.,XXXXXXXXX,Mary,2345,Smith,XXXXXXXXX,Consumer,NY,1066 Stony Bay,10024.0,7,Fan Shop,40.78577042,-73.97601318,LATAM,Juárez,México,2345,1/23/2015 21:41,1570,1014,39.97999954,0.200000003,3922,49.97999954,0.340000004,4,199.9199982,159.9400024,54.06000137,Central America,Chihuahua,PROCESSING,,1014,46,,http://images.acmesports.sports/O%27Brien+Men%27s+Neoprene+Life+Vest,O'Brien Men's Neoprene Life Vest,49.97999954,0,1/29/2015 21:41,Standard Class
67671,DEBIT,4,4,52.18999863,179.9700012,Shipping on time,0,17,Cleats,Caguas,Puerto Rico,XXXXXXXXX,David,2650,Nguyen,XXXXXXXXX,Corporate,PR,7621 Fallen Hollow,725.0,4,Apparel,18.24105835,-66.37050629,Africa,Loum,Camerún,2650,11/4/2016 20:36,46163,365,59.99000168,0.25,115392,59.99000168,0.289999992,4,239.9600067,179.9700012,52.18999863,Central Africa,Littoral,COMPLETE,,365,17,,http://images.acmesports.sports/Perfect+Fitness+Perfect+Rip+Deck,Perfect Fitness Perfect Rip Deck,59.99000168,0,11/8/2016 20:36,Standard Class
76655,DEBIT,4,4,89.27999878,185.9900055,Shipping on time,0,48,Water Sports,Caguas,Puerto Rico,XXXXXXXXX,Sharon,2062,Smith,XXXXXXXXX,Consumer,PR,5645 Sunny Spring Gate,725.0,7,Fan Shop,18.24253082,-66.3706131,LATAM,San Pedro de Macorís,República Dominicana,2062,1/25/2015 6:16,1663,1073,14.0,0.07,4142,199.9900055,0.479999989,1,199.9900055,185.9900055,89.27999878,Caribbean,San Pedro de Macorís,COMPLETE,,1073,48,,http://images.acmesports.sports/Pelican+Sunstream+100+Kayak,Pelican Sunstream 100 Kayak,199.9900055,0,1/29/2015 6:16,Standard Class
844,DEBIT,3,4,50.5,194.2400055,Advance shipping,0,76,Women's Clothing,Fairfield,EE. UU.,XXXXXXXXX,Mara,20545,Roman,XXXXXXXXX,Corporate,OH,1202 Quaking Embers Link,45014.0,4,Apparel,39.31198883,-84.49658966,Pacific Asia,Lahore,Pakistán,20545,1/28/2018 21:22,76992,1363,21.57999992,0.100000001,180307,215.8200073,0.25999999,1,215.8200073,194.2400055,50.5,South Asia,Punyab,COMPLETE,,1363,76,,http://images.acmesports.sports/Summer+dresses,Summer dresses,215.8200073,0,1/31/2018 21:22,Standard Class
155235,PAYMENT,2,4,98.38999939,327.9700012,Advance shipping,0,9,Cardio Equipment,Caguas,Puerto Rico,XXXXXXXXX,Charles,11672,Burns,XXXXXXXXX,Consumer,PR,1691 Jagged Nectar Corner,725.0,3,Footwear,18.25687218,-66.37062836,LATAM,Resistencia,Argentina,11672,1/20/2015 1:11,1306,191,71.98999786,0.180000007,3229,99.98999786,0.300000012,4,399.9599915,327.9700012,98.38999939,South America,Chaco,PENDING_PAYMENT,,191,9,,http://images.acmesports.sports/Nike+Men%27s+Free+5.0%2B+Running+Shoe,Nike Men's Free 5.0+ Running Shoe,99.98999786,0,1/22/2015 1:11,Standard Class
31538,DEBIT,3,4,0.970000029,48.5699997,Advance shipping,0,36,Golf Balls,Fresno,EE. UU.,XXXXXXXXX,Nathan,5528,Kent,XXXXXXXXX,Corporate,CA,164 Dewy Nook,93722.0,6,Outdoors,36.72270966,-119.8107986,LATAM,Jaboticabal,Brasil,5528,2/16/2015 10:26,3182,797,5.400000095,0.100000001,7923,17.98999977,0.02,3,53.97000122,48.5699997,0.970000029,South America,São Paulo,COMPLETE,,797,36,,http://images.acmesports.sports/Hirzl+Women%27s+Soffft+Flex+Golf+Glove,Hirzl Women's Soffft Flex Golf Glove,17.98999977,0,2/19/2015 10:26,Standard Class
34724,CASH,6,4,64.79000092,134.9799957,Late delivery,1,17,Cleats,Tempe,EE. UU.,XXXXXXXXX,Mary,5127,Smith,XXXXXXXXX,Consumer,AZ,857 Little Wagon  Concession,85283.0,4,Apparel,33.35738754,-111.9551849,Europe,Talence,Francia,5127,8/29/2015 13:19,16480,365,44.99000168,0.25,41166,59.99000168,0.479999989,3,179.9700012,134.9799957,64.79000092,Western Europe,Aquitania-Lemosín-Poitou-Charentes,CLOSED,,365,17,,http://images.acmesports.sports/Perfect+Fitness+Perfect+Rip+Deck,Perfect Fitness Perfect Rip Deck,59.99000168,0,9/4/2015 13:19,Standard Class
107246,DEBIT,6,4,23.23999977,74.97000122,Late delivery,1,46,Indoor/Outdoor Games,Arlington,EE. UU.,XXXXXXXXX,Stephen,5991,Smith,XXXXXXXXX,Consumer,VA,1643 Clear Jetty,22204.0,7,Fan Shop,38.86655808,-77.07163239,LATAM,Passo Fundo,Brasil,5991,3/2/2017 20:05,54245,1014,24.98999977,0.25,135627,49.97999954,0.310000002,2,99.95999908,74.97000122,23.23999977,South America,Rio Grande do Sul,COMPLETE,,1014,46,,http://images.acmesports.sports/O%27Brien+Men%27s+Neoprene+Life+Vest,O'Brien Men's Neoprene Life Vest,49.97999954,0,3/8/2017 20:05,Standard Class
41553,DEBIT,5,4,182.6900024,503.2900085,Late delivery,1,68,Garden,Caguas,Puerto Rico,XXXXXXXXX,Clementine,15317,Moody,XXXXXXXXX,Corporate,PR,2704 High Leaf Glen,725.0,6,Outdoors,18.21577263,-66.03705597,Pacific Asia,Yakarta,Indonesia,15317,11/13/2017 13:46,71764,1355,29.29000092,0.059999999,175079,532.5800171,0.360000014,1,532.5800171,503.2900085,182.6900024,Southeast Asia,Yakarta,COMPLETE,,1355,68,,http://images.acmesports.sports/Lawn+mower,Lawn mower,532.5800171,0,11/18/2017 13:46,Standard Class
71081,TRANSFER,2,1,50.95000076,156.7599945,Late delivery,1,29,Shop By Sport,New York,EE. UU.,XXXXXXXXX,Mary,10002,Briggs,XXXXXXXXX,Corporate,NY,8284 Pleasant Pine Villas,10040.0,5,Golf,40.85889053,-73.93106842,Africa,Lagos,Nigeria,10002,9/22/2016 10:19,43188,627,3.200000048,0.02,107883,39.99000168,0.330000013,4,159.9600067,156.7599945,50.95000076,West Africa,Lagos,PROCESSING,,627,29,,http://images.acmesports.sports/Under+Armour+Girls%27+Toddler+Spine+Surge+Running+Shoe,Under Armour Girls' Toddler Spine Surge Runni,39.99000168,0,9/24/2016 10:19,First Class
92538,TRANSFER,2,1,9.960000038,49.79000092,Late delivery,1,17,Cleats,Caguas,Puerto Rico,XXXXXXXXX,Mary,9992,Smith,XXXXXXXXX,Corporate,PR,2676 Velvet Common,725.0,4,Apparel,18.29933739,-66.37055969,LATAM,San Ignacio,Belice,9992,5/25/2017 9:48,59970,365,10.19999981,0.170000002,150090,59.99000168,0.200000003,1,59.99000168,49.79000092,9.960000038,Central America,Distrito de Cayo,PENDING,,365,17,,http://images.acmesports.sports/Perfect+Fitness+Perfect+Rip+Deck,Perfect Fitness Perfect Rip Deck,59.99000168,0,5/27/2017 9:48,First Class
114525,PAYMENT,2,4,-36.63999939,49.97999954,Advance shipping,0,46,Indoor/Outdoor Games,Caguas,Puerto Rico,XXXXXXXXX,James,8915,Grant,XXXXXXXXX,Corporate,PR,6667 Harvest Pioneer Downs,725.0,7,Fan Shop,18.21690559,-66.37051392,LATAM,Las Tunas,Cuba,8915,1/21/2015 8:43,1396,1014,0.0,0.0,3451,49.97999954,-0.730000019,1,49.97999954,49.97999954,-36.63999939,Caribbean,Las Tunas,PENDING_PAYMENT,,1014,46,,http://images.acmesports.sports/O%27Brien+Men%27s+Neoprene+Life+Vest,O'Brien Men's Neoprene Life Vest,49.97999954,0,1/23/2015 8:43,Standard Class
106900,PAYMENT,2,1,45.58000183,94.95999908,Late delivery,1,46,Indoor/Outdoor Games,Miami,EE. UU.,XXXXXXXXX,Mary,234,Giles,XXXXXXXXX,Consumer,FL,3729 Cinder Grove Concession,33157.0,7,Fan Shop,34.22512436,-119.1793594,LATAM,Querétaro,México,234,3/20/2017 18:18,55473,1014,5.0,0.050000001,138752,49.97999954,0.479999989,2,99.95999908,94.95999908,45.58000183,Central America,Querétaro,PENDING_PAYMENT,,1014,46,,http://images.acmesports.sports/O%27Brien+Men%27s+Neoprene+Life+Vest,O'Brien Men's Neoprene Life Vest,49.97999954,0,3/22/2017 18:18,First Class
30753,TRANSFER,4,4,22.54999924,82.0,Shipping on time,0,24,Women's Apparel,Caguas,Puerto Rico,XXXXXXXXX,Charles,1822,Smith,XXXXXXXXX,Home Office,PR,4806 Middle Canyon,725.0,5,Golf,18.27599907,-66.37050629,Europe,Bilbao,España,1822,7/2/2015 13:45,12508,502,18.0,0.180000007,31300,50.0,0.280000001,2,100.0,82.0,22.54999924,Southern Europe,País Vasco,PROCESSING,,502,24,,http://images.acmesports.sports/Nike+Men%27s+Dri-FIT+Victory+Golf+Polo,Nike Men's Dri-FIT Victory Golf Polo,50.0,0,7/6/2015 13:45,Standard Class
117025,TRANSFER,2,1,-3.440000057,245.9600067,Late delivery,1,17,Cleats,Washington,EE. UU.,XXXXXXXXX,Mary,3970,Rodgers,XXXXXXXXX,Consumer,DC,3847 Blue Place,20011.0,4,Apparel,38.88613129,-77.10688782,LATAM,Guadalajara,México,3970,2/13/2015 14:07,2987,365,53.99000168,0.180000007,7445,59.99000168,-0.01,5,299.9500122,245.9600067,-3.440000057,Central America,Jalisco,PENDING,,365,17,,http://images.acmesports.sports/Perfect+Fitness+Perfect+Rip+Deck,Perfect Fitness Perfect Rip Deck,59.99000168,0,2/15/2015 14:07,First Class
9497,DEBIT,5,4,74.77999878,169.9600067,Late delivery,1,29,Shop By Sport,Douglasville,EE. UU.,XXXXXXXXX,Jacqueline,971,Krueger,XXXXXXXXX,Consumer,GA,437 Cozy Log Range,30135.0,5,Golf,33.72855759,84.74267578,USCA,Miami,Estados Unidos,971,5/27/2016 6:38,35094,627,29.98999977,0.150000006,87642,39.99000168,0.439999998,5,199.9499969,169.9600067,74.77999878,South of  USA ,Florida,COMPLETE,33178.0,627,29,,http://images.acmesports.sports/Under+Armour+Girls%27+Toddler+Spine+Surge+Running+Shoe,Under Armour Girls' Toddler Spine Surge Runni,39.99000168,0,6/1/2016 6:38,Standard Class
94390,DEBIT,4,4,16.98999977,37.75999832,Shipping on time,0,75,Video Games,Brooklyn,EE. UU.,XXXXXXXXX,Moana,17096,Castillo,XXXXXXXXX,Consumer,NY,9406 Middle Cider Crest,11229.0,9,Discs Shop,40.60237885,-73.95497131,Pacific Asia,Wagga Wagga,Australia,17096,12/9/2017 13:02,73543,1362,1.99000001,0.050000001,176858,39.75,0.449999988,1,39.75,37.75999832,16.98999977,Oceania,Nueva Gales del Sur,COMPLETE,,1362,75,,http://images.acmesports.sports/Fighting+video+games,Fighting video games,39.75,0,12/13/2017 13:02,Standard Class
172891,CASH,3,2,54.99000168,116.9899979,Late delivery,1,18,Men's Footwear,Caguas,Puerto Rico,XXXXXXXXX,Mary,3378,Torres,XXXXXXXXX,Consumer,PR,1802 Wishing Line,725.0,4,Apparel,18.21574211,-66.37059021,Europe,Paris,Francia,3378,7/17/2017 22:31,63637,403,13.0,0.100000001,159065,129.9900055,0.469999999,1,129.9900055,116.9899979,54.99000168,Western Europe,Isla de Francia,CLOSED,,403,18,,http://images.acmesports.sports/Nike+Men%27s+CJ+Elite+2+TD+Football+Cleat,Nike Men's CJ Elite 2 TD Football Cleat,129.9900055,0,7/20/2017 22:31,Second Class
158533,TRANSFER,6,2,103.6600037,215.9600067,Late delivery,1,17,Cleats,Caguas,Puerto Rico,XXXXXXXXX,Mary,4154,Smith,XXXXXXXXX,Consumer,PR,9430 Heather Mountain Farms,725.0,4,Apparel,18.24325371,-66.37060547,Europe,Leipzig,Alemania,4154,8/27/2015 0:01,16305,365,24.0,0.100000001,40709,59.99000168,0.479999989,4,239.9600067,215.9600067,103.6600037,Western Europe,Sajonia,PENDING,,365,17,,http://images.acmesports.sports/Perfect+Fitness+Perfect+Rip+Deck,Perfect Fitness Perfect Rip Deck,59.99000168,0,9/2/2015 0:01,Second Class
33212,CASH,6,4,32.04000092,110.4899979,Late delivery,1,18,Men's Footwear,Bronx,EE. UU.,XXXXXXXXX,Mary,5490,Richardson,XXXXXXXXX,Consumer,NY,9437 Emerald Butterfly Edge,10466.0,4,Apparel,40.8907814,-73.85758209,Europe,Suresnes,Francia,5490,7/12/2015 0:25,13155,403,19.5,0.150000006,32912,129.9900055,0.289999992,1,129.9900055,110.4899979,32.04000092,Western Europe,Isla de Francia,CLOSED,,403,18,,http://images.acmesports.sports/Nike+Men%27s+CJ+Elite+2+TD+Football+Cleat,Nike Men's CJ Elite 2 TD Football Cleat,129.9900055,0,7/18/2015 0:25,Standard Class
97075,DEBIT,2,1,92.55000305,254.9600067,Late delivery,1,17,Cleats,York,EE. UU.,XXXXXXXXX,Bruce,7627,Huff,XXXXXXXXX,Home Office,PA,2749 Cotton Circle,17404.0,4,Apparel,39.95479965,-76.75787354,Pacific Asia,Tiruppur,India,7627,11/17/2015 20:55,21982,365,44.99000168,0.150000006,54993,59.99000168,0.360000014,5,299.9500122,254.9600067,92.55000305,South Asia,Tamil Nadu,COMPLETE,,365,17,,http://images.acmesports.sports/Perfect+Fitness+Perfect+Rip+Deck,Perfect Fitness Perfect Rip Deck,59.99000168,0,11/19/2015 20:55,First Class
176814,DEBIT,1,0,161.9900055,359.980011,Late delivery,1,45,Fishing,San Juan,Puerto Rico,XXXXXXXXX,Mary,2063,Morris,XXXXXXXXX,Consumer,PR,469 Middle Berry Abbey,921.0,7,Fan Shop,18.38596916,-66.0940094,Pacific Asia,Rangún,Myanmar (Birmania),2063,11/16/2015 16:11,21900,1004,40.0,0.100000001,54775,399.980011,0.449999988,1,399.980011,359.980011,161.9900055,Southeast Asia,Rangún,COMPLETE,,1004,45,,http://images.acmesports.sports/Field+%26+Stream+Sportsman+16+Gun+Fire+Safe,Field & Stream Sportsman 16 Gun Fire Safe,399.980011,0,11/17/2015 4:11,Same Day
48035,DEBIT,0,0,1.970000029,98.37999725,Shipping on time,0,29,Shop By Sport,Marrero,EE. UU.,XXXXXXXXX,Catherine,1383,Smith,XXXXXXXXX,Corporate,LA,762 Misty Farm,70072.0,5,Golf,29.89742088,-90.10965729,Europe,Estocolmo,Suecia,1383,8/12/2015 4:04,15289,627,21.59000015,0.180000007,38226,39.99000168,0.02,3,119.9700012,98.37999725,1.970000029,Northern Europe,Estocolmo,COMPLETE,,627,29,,http://images.acmesports.sports/Under+Armour+Girls%27+Toddler+Spine+Surge+Running+Shoe,Under Armour Girls' Toddler Spine Surge Runni,39.99000168,0,8/12/2015 16:04,Same Day
154139,PAYMENT,5,4,68.87999725,245.9799957,Late delivery,1,43,Camping & Hiking,Caguas,Puerto Rico,XXXXXXXXX,Mildred,12073,Merritt,XXXXXXXXX,Consumer,PR,4661 Green Freeway,725.0,7,Fan Shop,18.23455048,-66.37057495,USCA,Los Angeles,Estados Unidos,12073,5/4/2016 15:36,33544,957,54.0,0.180000007,83742,299.980011,0.280000001,1,299.980011,245.9799957,68.87999725,West of USA ,California,PENDING_PAYMENT,90004.0,957,43,,http://images.acmesports.sports/Diamondback+Women%27s+Serene+Classic+Comfort+Bike+2014,Diamondback Women's Serene Classic Comfort Bi,299.980011,0,5/9/2016 15:36,Standard Class
10592,PAYMENT,3,4,145.4900055,484.9500122,Advance shipping,0,9,Cardio Equipment,Caguas,Puerto Rico,XXXXXXXXX,Mary,11796,Wall,XXXXXXXXX,Home Office,PR,2035 Thunder Corners,725.0,3,Footwear,18.26891899,-66.37060547,LATAM,Rosario,Argentina,11796,2/7/2017 12:14,52647,191,15.0,0.029999999,131606,99.98999786,0.300000012,5,499.9500122,484.9500122,145.4900055,South America,Santa Fe,PENDING_PAYMENT,,191,9,,http://images.acmesports.sports/Nike+Men%27s+Free+5.0%2B+Running+Shoe,Nike Men's Free 5.0+ Running Shoe,99.98999786,0,2/10/2017 12:14,Standard Class
5071,TRANSFER,3,4,56.68999863,226.7599945,Advance shipping,0,17,Cleats,Los Angeles,EE. UU.,XXXXXXXXX,Ethan,3764,Smith,XXXXXXXXX,Consumer,CA,6548 Clear Towers,90057.0,4,Apparel,34.06108093,-118.2774735,Pacific Asia,Estambul,Turquía,3764,1/6/2017 21:44,50482,365,13.19999981,0.059999999,126136,59.99000168,0.25,4,239.9600067,226.7599945,56.68999863,West Asia,Estambul,PROCESSING,,365,17,,http://images.acmesports.sports/Perfect+Fitness+Perfect+Rip+Deck,Perfect Fitness Perfect Rip Deck,59.99000168,0,1/9/2017 21:44,Standard Class
99966,DEBIT,2,2,47.5,197.9199982,Shipping on time,0,46,Indoor/Outdoor Games,Caguas,Puerto Rico,XXXXXXXXX,Ronald,1873,Scott,XXXXXXXXX,Consumer,PR,4288 Hazy Alley,725.0,7,Fan Shop,18.25496101,-66.37059784,USCA,Mcallen,Estados Unidos,1873,7/14/2016 2:43,38371,1014,2.0,0.01,95769,49.97999954,0.239999995,4,199.9199982,197.9199982,47.5,US Center ,Texas,ON_HOLD,78501.0,1014,46,,http://images.acmesports.sports/O%27Brien+Men%27s+Neoprene+Life+Vest,O'Brien Men's Neoprene Life Vest,49.97999954,0,7/16/2016 2:43,Second Class
110308,TRANSFER,2,1,5.539999962,46.16999817,Late delivery,1,12,Boxing & MMA,Parkville,EE. UU.,XXXXXXXXX,Matthew,4233,Smith,XXXXXXXXX,Consumer,MD,6415 Harvest Vista,21234.0,3,Footwear,39.3816185,-76.54323578,Pacific Asia,Taiyuan,China,4233,3/13/2016 14:16,29978,249,8.800000191,0.159999996,74960,54.97000122,0.119999997,1,54.97000122,46.16999817,5.539999962,Eastern Asia,Shanxi,PROCESSING,,249,12,,http://images.acmesports.sports/Under+Armour+Women%27s+Micro+G+Skulpt+Running+Shoe,Under Armour Women's Micro G Skulpt Running S,54.97000122,0,3/15/2016 14:16,First Class
79260,TRANSFER,2,2,58.09999847,165.9900055,Shipping on time,0,48,Water Sports,Caguas,Puerto Rico,XXXXXXXXX,Mary,3691,Campos,XXXXXXXXX,Consumer,PR,9393 Honey Autoroute,725.0,7,Fan Shop,18.20783234,-66.3706131,USCA,Clinton,Estados Unidos,3691,5/26/2016 6:49,35026,1073,34.0,0.170000002,87483,199.9900055,0.349999994,1,199.9900055,165.9900055,58.09999847,East of USA,Maryland,PENDING,20735.0,1073,48,,http://images.acmesports.sports/Pelican+Sunstream+100+Kayak,Pelican Sunstream 100 Kayak,199.9900055,0,5/28/2016 6:49,Second Class
30130,PAYMENT,6,2,-332.5799866,201.5700073,Late delivery,1,17,Cleats,San Diego,EE. UU.,XXXXXXXXX,Justin,2093,Jennings,XXXXXXXXX,Corporate,CA,9079 Dewy Deer Harbour,92117.0,4,Apparel,32.77581406,-117.135437,Europe,Helsinki,Finlandia,2093,10/23/2015 22:53,20275,365,38.38999939,0.159999996,50635,59.99000168,-1.649999976,4,239.9600067,201.5700073,-332.5799866,Northern Europe,Uusimaa,PENDING_PAYMENT,,365,17,,http://images.acmesports.sports/Perfect+Fitness+Perfect+Rip+Deck,Perfect Fitness Perfect Rip Deck,59.99000168,0,10/29/2015 22:53,Second Class
55791,DEBIT,2,4,87.30000305,193.9900055,Advance shipping,0,48,Water Sports,Brockton,EE. UU.,XXXXXXXXX,Doris,5116,Smith,XXXXXXXXX,Consumer,MA,1819 Noble Ramp,2301.0,7,Fan Shop,42.06258011,-71.01766205,LATAM,Los Mochis,México,5116,3/19/2017 10:04,55381,1073,6.0,0.029999999,138517,199.9900055,0.449999988,1,199.9900055,193.9900055,87.30000305,Central America,Sinaloa,COMPLETE,,1073,48,,http://images.acmesports.sports/Pelican+Sunstream+100+Kayak,Pelican Sunstream 100 Kayak,199.9900055,0,3/21/2017 10:04,Standard Class
36415,PAYMENT,4,2,-41.79999924,87.98999786,Late delivery,1,9,Cardio Equipment,Napa,EE. UU.,XXXXXXXXX,Gloria,8440,Sandoval,XXXXXXXXX,Consumer,CA,6468 Fallen Close,94558.0,3,Footwear,38.30201721,-122.1991196,Europe,Coimbra,Portugal,8440,8/26/2017 0:02,66313,191,12.0,0.119999997,165751,99.98999786,-0.479999989,1,99.98999786,87.98999786,-41.79999924,Southern Europe,Coimbra,PENDING_PAYMENT,,191,9,,http://images.acmesports.sports/Nike+Men%27s+Free+5.0%2B+Running+Shoe,Nike Men's Free 5.0+ Running Shoe,99.98999786,0,8/30/2017 0:02,Second Class
74724,CASH,4,2,93.05999756,197.9900055,Late delivery,1,48,Water Sports,Caguas,Puerto Rico,XXXXXXXXX,Mary,4924,Castillo,XXXXXXXXX,Corporate,PR,9036 Bright Brook Route,725.0,7,Fan Shop,18.24814224,-66.37062073,Africa,Chitungwiza,Zimbabue,4924,9/9/2016 21:02,42328,1073,2.0,0.01,105694,199.9900055,0.469999999,1,199.9900055,197.9900055,93.05999756,East Africa,Harare,CLOSED,,1073,48,,http://images.acmesports.sports/Pelican+Sunstream+100+Kayak,Pelican Sunstream 100 Kayak,199.9900055,0,9/13/2016 21:02,Second Class
65264,DEBIT,6,2,-7.949999809,31.79999924,Late delivery,1,75,Video Games,Sunnyvale,EE. UU.,XXXXXXXXX,Yetta,17103,Mooney,XXXXXXXXX,Consumer,CA,9792 Cozy Corners,94087.0,9,Discs Shop,39.16856766,-121.0644913,Pacific Asia,Ho Chi Minh City,Vietnam,17103,12/9/2017 15:29,73550,1362,7.949999809,0.200000003,176865,39.75,-0.25,1,39.75,31.79999924,-7.949999809,Southeast Asia,Ciudad Ho Chi Minh,ON_HOLD,,1362,75,,http://images.acmesports.sports/Fighting+video+games,Fighting video games,39.75,0,12/15/2017 15:29,Second Class
85792,TRANSFER,3,4,22.96999931,263.980011,Advance shipping,0,43,Camping & Hiking,Brooklyn,EE. UU.,XXXXXXXXX,Mary,9707,Bradley,XXXXXXXXX,Corporate,NY,5902 Silver Embers Diversion,11230.0,7,Fan Shop,40.62810135,-73.96759033,LATAM,Panama City,Panamá,9707,3/15/2015 21:05,5062,957,36.0,0.119999997,12662,299.980011,0.090000004,1,299.980011,263.980011,22.96999931,Central America,Panamá,PENDING,,957,43,,http://images.acmesports.sports/Diamondback+Women%27s+Serene+Classic+Comfort+Bike+2014,Diamondback Women's Serene Classic Comfort Bi,299.980011,0,3/18/2015 21:05,Standard Class
53455,PAYMENT,3,2,96.04000092,195.9900055,Late delivery,1,48,Water Sports,Ontario,EE. UU.,XXXXXXXXX,Mary,5440,Malone,XXXXXXXXX,Consumer,CA,4868 Tawny Park,91764.0,7,Fan Shop,34.06988144,-117.5471725,Europe,Saint-Gratien,Francia,5440,8/14/2017 5:40,65507,1073,4.0,0.02,163732,199.9900055,0.49000001,1,199.9900055,195.9900055,96.04000092,Western Europe,Isla de Francia,PENDING_PAYMENT,,1073,48,,http://images.acmesports.sports/Pelican+Sunstream+100+Kayak,Pelican Sunstream 100 Kayak,199.9900055,0,8/17/2017 5:40,Second Class
158473,TRANSFER,6,2,71.98999786,143.9799957,Late delivery,1,17,Cleats,Caguas,Puerto Rico,XXXXXXXXX,Mary,4080,Smith,XXXXXXXXX,Consumer,PR,107 Wishing Gate,725.0,4,Apparel,18.27618027,-66.37058258,Pacific Asia,Shenzhen,China,4080,3/3/2016 14:59,29295,365,35.99000168,0.200000003,73298,59.99000168,0.5,3,179.9700012,143.9799957,71.98999786,Eastern Asia,Guangdong,PROCESSING,,365,17,,http://images.acmesports.sports/Perfect+Fitness+Perfect+Rip+Deck,Perfect Fitness Perfect Rip Deck,59.99000168,0,3/9/2016 14:59,Second Class
74773,DEBIT,3,4,28.21999931,165.9900055,Advance shipping,0,48,Water Sports,Juana Diaz,Puerto Rico,XXXXXXXXX,Mary,11581,Ramsey,XXXXXXXXX,Corporate,PR,3587 Blue Mall ,795.0,7,Fan Shop,18.05199051,-66.50184631,Pacific Asia,Astaná,Kazajistán,11581,9/6/2016 5:05,42077,1073,34.0,0.170000002,105040,199.9900055,0.170000002,1,199.9900055,165.9900055,28.21999931,Central Asia,Astaná,COMPLETE,,1073,48,,http://images.acmesports.sports/Pelican+Sunstream+100+Kayak,Pelican Sunstream 100 Kayak,199.9900055,0,9/9/2016 5:05,Standard Class
59876,DEBIT,4,4,51.47999954,114.3899994,Shipping on time,0,18,Men's Footwear,Lynnwood,EE. UU.,XXXXXXXXX,Tiffany,8347,Smith,XXXXXXXXX,Corporate,WA,371 Cozy Prairie Highway,98037.0,4,Apparel,38.05714035,-85.5557785,Europe,Dresden,Alemania,8347,8/31/2015 1:24,16583,403,15.60000038,0.119999997,41437,129.9900055,0.449999988,1,129.9900055,114.3899994,51.47999954,Western Europe,Sajonia,ON_HOLD,,403,18,,http://images.acmesports.sports/Nike+Men%27s+CJ+Elite+2+TD+Football+Cleat,Nike Men's CJ Elite 2 TD Football Cleat,129.9900055,0,9/4/2015 1:24,Standard Class
47785,DEBIT,0,0,12.86999989,128.6900024,Shipping on time,0,18,Men's Footwear,Lawrenceville,EE. UU.,XXXXXXXXX,Gerald,4725,Camacho,XXXXXXXXX,Corporate,GA,7518 Noble Parkway,30044.0,4,Apparel,33.94185257,-84.08663178,Europe,Marseille,Francia,4725,7/3/2015 9:01,12563,403,1.299999952,0.01,31450,129.9900055,0.100000001,1,129.9900055,128.6900024,12.86999989,Western Europe,Provenza-Alpes-Costa Azul,ON_HOLD,,403,18,,http://images.acmesports.sports/Nike+Men%27s+CJ+Elite+2+TD+Football+Cleat,Nike Men's CJ Elite 2 TD Football Cleat,129.9900055,0,7/3/2015 21:01,Same Day
62319,CASH,4,4,-353.3800049,199.9900055,Shipping on time,0,48,Water Sports,Wayne,EE. UU.,XXXXXXXXX,Mary,1465,Smith,XXXXXXXXX,Consumer,NJ,8495 Lazy Rabbit Diversion,7470.0,7,Fan Shop,40.95141602,-74.22407532,LATAM,Sapucaia do Sul,Brasil,1465,4/8/2015 18:15,6698,1073,0.0,0.0,16738,199.9900055,-1.769999981,1,199.9900055,199.9900055,-353.3800049,South America,Rio Grande do Sul,CLOSED,,1073,48,,http://images.acmesports.sports/Pelican+Sunstream+100+Kayak,Pelican Sunstream 100 Kayak,199.9900055,0,4/12/2015 18:15,Standard Class
117785,TRANSFER,3,2,46.79999924,97.48999786,Late delivery,1,18,Men's Footwear,Ontario,EE. UU.,XXXXXXXXX,Mary,10575,Vargas,XXXXXXXXX,Consumer,CA,6888 Wishing Mountain Run,91762.0,4,Apparel,34.06832504,-117.6557541,Africa,Johannesburg,SudAfrica,10575,1/13/2017 23:39,50967,403,32.5,0.25,127378,129.9900055,0.479999989,1,129.9900055,97.48999786,46.79999924,Southern Africa,Gauteng,PENDING,,403,18,,http://images.acmesports.sports/Nike+Men%27s+CJ+Elite+2+TD+Football+Cleat,Nike Men's CJ Elite 2 TD Football Cleat,129.9900055,0,1/16/2017 23:39,Second Class
178767,DEBIT,2,4,36.74000168,146.9400024,Advance shipping,0,46,Indoor/Outdoor Games,Las Cruces,EE. UU.,XXXXXXXXX,Evelyn,11083,Morrison,XXXXXXXXX,Corporate,NM,6468 Dewy Towers,88005.0,7,Fan Shop,32.21647263,-106.7519684,LATAM,Moa,Cuba,11083,4/16/2015 9:29,7221,1014,3.0,0.02,18075,49.97999954,0.25,3,149.9400024,146.9400024,36.74000168,Caribbean,Holguín,COMPLETE,,1014,46,,http://images.acmesports.sports/O%27Brien+Men%27s+Neoprene+Life+Vest,O'Brien Men's Neoprene Life Vest,49.97999954,0,4/18/2015 9:29,Standard Class
178311,DEBIT,3,2,17.59000015,79.97000122,Late delivery,1,46,Indoor/Outdoor Games,Brooklyn,EE. UU.,XXXXXXXXX,Ashley,7941,Smith,XXXXXXXXX,Consumer,NY,7122 Pleasant Port,11213.0,7,Fan Shop,40.66978836,-73.93567658,LATAM,Panama City,Panamá,7941,5/10/2015 8:24,8862,1014,19.98999977,0.200000003,22129,49.97999954,0.219999999,2,99.95999908,79.97000122,17.59000015,Central America,Panamá,ON_HOLD,,1014,46,,http://images.acmesports.sports/O%27Brien+Men%27s+Neoprene+Life+Vest,O'Brien Men's Neoprene Life Vest,49.97999954,0,5/13/2015 8:24,Second Class
63737,CASH,5,4,0.0,181.9799957,Late delivery,1,9,Cardio Equipment,Saint Charles,EE. UU.,XXXXXXXXX,Dylan,10851,Stephens,XXXXXXXXX,Home Office,MO,4635 Merry Nectar Pike,63301.0,3,Footwear,38.78551102,-90.48577881,LATAM,Ixtapaluca,México,10851,2/15/2015 19:22,3139,191,18.0,0.090000004,7810,99.98999786,0.0,2,199.9799957,181.9799957,0.0,Central America,México,CLOSED,,191,9,,http://images.acmesports.sports/Nike+Men%27s+Free+5.0%2B+Running+Shoe,Nike Men's Free 5.0+ Running Shoe,99.98999786,0,2/20/2015 19:22,Standard Class
140869,CASH,3,4,-34.63999939,80.0,Advance shipping,0,24,Women's Apparel,Caguas,Puerto Rico,XXXXXXXXX,Stephanie,19,Mitchell,XXXXXXXXX,Home Office,PR,3543 Red Treasure Bay,725.0,5,Golf,18.35910606,-66.07789612,Europe,Cologne,Alemania,19,8/29/2015 1:45,16447,502,20.0,0.200000003,41069,50.0,-0.430000007,2,100.0,80.0,-34.63999939,Western Europe,Renania del Norte-Westfalia,CLOSED,,502,24,,http://images.acmesports.sports/Nike+Men%27s+Dri-FIT+Victory+Golf+Polo,Nike Men's Dri-FIT Victory Golf Polo,50.0,0,9/1/2015 1:45,Standard Class
60597,DEBIT,3,4,-28.13999939,248.9799957,Advance shipping,0,43,Camping & Hiking,Goleta,EE. UU.,XXXXXXXXX,Christian,7657,Vargas,XXXXXXXXX,Corporate,CA,2416 Lost Key,93117.0,7,Fan Shop,34.41292954,-119.8607178,LATAM,Mexico City,México,7657,5/21/2015 1:54,9597,957,51.0,0.170000002,23978,299.980011,-0.109999999,1,299.980011,248.9799957,-28.13999939,Central America,Distrito Federal,COMPLETE,,957,43,,http://images.acmesports.sports/Diamondback+Women%27s+Serene+Classic+Comfort+Bike+2014,Diamondback Women's Serene Classic Comfort Bi,299.980011,0,5/24/2015 1:54,Standard Class
19313,PAYMENT,2,1,76.01999664,158.3699951,Late delivery,1,17,Cleats,Mission,EE. UU.,XXXXXXXXX,Roy,9622,Smith,XXXXXXXXX,Consumer,TX,9100 Silent Spring Close,78572.0,4,Apparel,29.33264732,-98.44306946,LATAM,Balneário Camboriú,Brasil,9622,4/6/2015 10:33,6539,365,21.60000038,0.119999997,16355,59.99000168,0.479999989,3,179.9700012,158.3699951,76.01999664,South America,Santa Catarina,PENDING_PAYMENT,,365,17,,http://images.acmesports.sports/Perfect+Fitness+Perfect+Rip+Deck,Perfect Fitness Perfect Rip Deck,59.99000168,0,4/8/2015 10:33,First Class
69761,PAYMENT,3,4,52.0,200.0,Advance shipping,0,24,Women's Apparel,Honolulu,EE. UU.,XXXXXXXXX,Joseph,1942,Moran,XXXXXXXXX,Corporate,HI,4823 Golden Hollow,96818.0,5,Golf,21.343153,-157.906601,Pacific Asia,Bhopal,India,1942,2/24/2016 23:45,28772,502,0.0,0.0,72007,50.0,0.25999999,4,200.0,200.0,52.0,South Asia,Madhya Pradesh,PENDING_PAYMENT,,502,24,,http://images.acmesports.sports/Nike+Men%27s+Dri-FIT+Victory+Golf+Polo,Nike Men's Dri-FIT Victory Golf Polo,50.0,0,2/27/2016 23:45,Standard Class
21273,DEBIT,2,4,-200.5899963,387.980011,Advance shipping,0,45,Fishing,Caguas,Puerto Rico,XXXXXXXXX,Jessica,4581,May,XXXXXXXXX,Consumer,PR,5012 Tawny Brook Vale,725.0,7,Fan Shop,18.26587105,-66.37058258,Pacific Asia,Caloundra,Australia,4581,12/10/2015 4:36,23511,1004,12.0,0.029999999,58820,399.980011,-0.519999981,1,399.980011,387.980011,-200.5899963,Oceania,Queensland,COMPLETE,,1004,45,,http://images.acmesports.sports/Field+%26+Stream+Sportsman+16+Gun+Fire+Safe,Field & Stream Sportsman 16 Gun Fire Safe,399.980011,0,12/12/2015 4:36,Standard Class
169055,TRANSFER,1,0,7.570000172,42.5,Late delivery,1,24,Women's Apparel,Chicago,EE. UU.,XXXXXXXXX,Cynthia,4760,Smith,XXXXXXXXX,Home Office,IL,5674 Burning Willow Extension,60621.0,5,Golf,41.77276993,-87.63503265,USCA,Arlington,Estados Unidos,4760,7/23/2016 23:54,39048,502,7.5,0.150000006,97465,50.0,0.180000007,1,50.0,42.5,7.570000172,South of  USA ,Virginia,PENDING,22204.0,502,24,,http://images.acmesports.sports/Nike+Men%27s+Dri-FIT+Victory+Golf+Polo,Nike Men's Dri-FIT Victory Golf Polo,50.0,0,7/24/2016 11:54,Same Day
53776,TRANSFER,3,2,42.5,169.9900055,Late delivery,1,48,Water Sports,Caguas,Puerto Rico,XXXXXXXXX,Dorothy,4611,Smith,XXXXXXXXX,Consumer,PR,3926 Stony Gardens,725.0,7,Fan Shop,18.24239731,-66.37058258,Europe,Southend-on-Sea,Reino Unido,4611,7/23/2017 23:55,64052,1073,30.0,0.150000006,160147,199.9900055,0.25,1,199.9900055,169.9900055,42.5,Northern Europe,Inglaterra,PENDING,,1073,48,,http://images.acmesports.sports/Pelican+Sunstream+100+Kayak,Pelican Sunstream 100 Kayak,199.9900055,0,7/26/2017 23:55,Second Class
78706,TRANSFER,5,4,52.0,199.9900055,Late delivery,1,48,Water Sports,Brooklyn,EE. UU.,XXXXXXXXX,Mary,5879,Martin,XXXXXXXXX,Home Office,NY,2264 Red Route,11236.0,7,Fan Shop,40.64571381,-73.8972168,USCA,Louisville,Estados Unidos,5879,7/4/2016 10:47,37709,1073,0.0,0.0,94126,199.9900055,0.25999999,1,199.9900055,199.9900055,52.0,South of  USA ,Kentucky,PENDING,40214.0,1073,48,,http://images.acmesports.sports/Pelican+Sunstream+100+Kayak,Pelican Sunstream 100 Kayak,199.9900055,0,7/9/2016 10:47,Standard Class
33115,CASH,2,4,37.3199997,128.6900024,Advance shipping,0,18,Men's Footwear,Honolulu,EE. UU.,XXXXXXXXX,Mary,11880,Smith,XXXXXXXXX,Consumer,HI,6610 Umber Shadow Boulevard,96817.0,4,Apparel,21.32080078,-157.8613892,Europe,Madrid,España,11880,7/17/2017 15:10,63616,403,1.299999952,0.01,159004,129.9900055,0.289999992,1,129.9900055,128.6900024,37.3199997,Southern Europe,Madrid,CLOSED,,403,18,,http://images.acmesports.sports/Nike+Men%27s+CJ+Elite+2+TD+Football+Cleat,Nike Men's CJ Elite 2 TD Football Cleat,129.9900055,0,7/19/2017 15:10,Standard Class
64693,DEBIT,5,2,86.38999939,287.980011,Late delivery,1,43,Camping & Hiking,Roswell,EE. UU.,XXXXXXXXX,Melissa,11777,Marsh,XXXXXXXXX,Consumer,NM,7656 Heather Leaf Heath,88201.0,7,Fan Shop,33.41352081,-103.7812958,LATAM,Valparaíso,Chile,11777,6/1/2017 11:22,60454,957,12.0,0.039999999,151279,299.980011,0.300000012,1,299.980011,287.980011,86.38999939,South America,Valparaíso,COMPLETE,,957,43,,http://images.acmesports.sports/Diamondback+Women%27s+Serene+Classic+Comfort+Bike+2014,Diamondback Women's Serene Classic Comfort Bi,299.980011,0,6/6/2017 11:22,Second Class
165607,PAYMENT,2,1,83.15000153,237.5599976,Late delivery,1,17,Cleats,Newark,EE. UU.,XXXXXXXXX,Steven,12028,Smith,XXXXXXXXX,Home Office,NJ,9853 Foggy Anchor Extension,7104.0,4,Apparel,40.75481033,-74.1746521,Europe,Hagen,Alemania,12028,8/3/2015 13:21,14699,365,2.400000095,0.01,36783,59.99000168,0.349999994,4,239.9600067,237.5599976,83.15000153,Western Europe,Renania del Norte-Westfalia,PENDING_PAYMENT,,365,17,,http://images.acmesports.sports/Perfect+Fitness+Perfect+Rip+Deck,Perfect Fitness Perfect Rip Deck,59.99000168,0,8/5/2015 13:21,First Class
163410,DEBIT,2,4,156.7899933,319.980011,Advance shipping,0,45,Fishing,Brooklyn,EE. UU.,XXXXXXXXX,Laura,4959,Baldwin,XXXXXXXXX,Home Office,NY,226 Rustic Highlands,11218.0,7,Fan Shop,40.67176056,-73.94520569,Pacific Asia,Townsville,Australia,4959,12/26/2015 18:14,24646,1004,80.0,0.200000003,61706,399.980011,0.49000001,1,399.980011,319.980011,156.7899933,Oceania,Queensland,COMPLETE,,1004,45,,http://images.acmesports.sports/Field+%26+Stream+Sportsman+16+Gun+Fire+Safe,Field & Stream Sportsman 16 Gun Fire Safe,399.980011,0,12/28/2015 18:14,Standard Class
28960,PAYMENT,0,0,73.12000275,224.9900055,Shipping on time,0,43,Camping & Hiking,Mission Viejo,EE. UU.,XXXXXXXXX,Susan,6537,Lopez,XXXXXXXXX,Corporate,CA,4417 Dusty Elk Cape,92691.0,7,Fan Shop,33.62104797,-117.6759186,Europe,Barcelona,España,6537,8/17/2017 10:44,65727,957,75.0,0.25,164262,299.980011,0.330000013,1,299.980011,224.9900055,73.12000275,Southern Europe,Cataluña,PENDING_PAYMENT,,957,43,,http://images.acmesports.sports/Diamondback+Women%27s+Serene+Classic+Comfort+Bike+2014,Diamondback Women's Serene Classic Comfort Bi,299.980011,0,8/17/2017 22:44,Same Day
95282,DEBIT,4,4,-159.5700073,91.18000031,Shipping on time,0,37,Electronics,Portland,EE. UU.,XXXXXXXXX,Gary,5884,Smith,XXXXXXXXX,Consumer,OR,4062 Dusty Quail Ridge,97229.0,6,Outdoors,45.57000732,-122.6221085,Africa,Kuito,Angola,5884,1/15/2017 4:02,51048,818,4.800000191,0.050000001,127579,47.99000168,-1.75,2,95.98000336,91.18000031,-159.5700073,Central Africa,Bié,COMPLETE,,818,37,,http://images.acmesports.sports/Titleist+Pro+V1x+Golf+Balls,Titleist Pro V1x Golf Balls,47.99000168,0,1/19/2017 4:02,Standard Class
24708,DEBIT,2,1,110.8700027,395.980011,Late delivery,1,45,Fishing,San Francisco,EE. UU.,XXXXXXXXX,Mary,9636,Cruz,XXXXXXXXX,Corporate,CA,3702 Burning Passage,94122.0,7,Fan Shop,37.7617569,-122.4713516,Europe,Essen,Alemania,9636,9/3/2015 20:30,16843,1004,4.0,0.01,42082,399.980011,0.280000001,1,399.980011,395.980011,110.8700027,Western Europe,Renania del Norte-Westfalia,COMPLETE,,1004,45,,http://images.acmesports.sports/Field+%26+Stream+Sportsman+16+Gun+Fire+Safe,Field & Stream Sportsman 16 Gun Fire Safe,399.980011,0,9/5/2015 20:30,First Class
25522,DEBIT,2,1,-69.08000183,43.16999817,Late delivery,1,41,Trade-In,Chicago,EE. UU.,XXXXXXXXX,James,8998,Nielsen,XXXXXXXXX,Corporate,IL,9720 Colonial Parade,60649.0,6,Outdoors,41.75909424,-87.56176758,Pacific Asia,Yakarta,Indonesia,8998,12/5/2015 2:19,23162,924,4.800000191,0.100000001,57988,15.98999977,-1.600000024,3,47.97000122,43.16999817,-69.08000183,Southeast Asia,Yakarta,COMPLETE,,924,41,,http://images.acmesports.sports/Glove+It+Urban+Brick+Golf+Towel,Glove It Urban Brick Golf Towel,15.98999977,0,12/7/2015 2:19,First Class
77105,TRANSFER,2,2,3.599999905,47.97999954,Shipping on time,0,46,Indoor/Outdoor Games,Hyattsville,EE. UU.,XXXXXXXXX,Mary,3046,Newman,XXXXXXXXX,Consumer,MD,5578 Hazy River End,20783.0,7,Fan Shop,38.98765183,-76.98097229,Europe,Nuremberg,Alemania,3046,9/29/2017 10:09,68671,1014,2.0,0.039999999,171682,49.97999954,0.079999998,1,49.97999954,47.97999954,3.599999905,Western Europe,Bavaria,PENDING,,1014,46,,http://images.acmesports.sports/O%27Brien+Men%27s+Neoprene+Life+Vest,O'Brien Men's Neoprene Life Vest,49.97999954,0,10/1/2017 10:09,Second Class
149577,DEBIT,6,4,5.659999847,95.98000336,Late delivery,1,17,Cleats,Caguas,Puerto Rico,XXXXXXXXX,Joan,11091,Smith,XXXXXXXXX,Home Office,PR,6296 Misty Goose Avenue,725.0,4,Apparel,18.24185181,-66.3705368,LATAM,Villa Nueva,Guatemala,11091,3/24/2015 2:20,5625,365,24.0,0.200000003,14023,59.99000168,0.059999999,2,119.9800034,95.98000336,5.659999847,Central America,Guatemala,COMPLETE,,365,17,,http://images.acmesports.sports/Perfect+Fitness+Perfect+Rip+Deck,Perfect Fitness Perfect Rip Deck,59.99000168,0,3/30/2015 2:20,Standard Class
170620,TRANSFER,2,4,135.0299988,371.980011,Advance shipping,0,45,Fishing,Denver,EE. UU.,XXXXXXXXX,Richard,10072,Smith,XXXXXXXXX,Home Office,CO,2709 Quaking Dell,80231.0,7,Fan Shop,39.77026367,-105.0207672,LATAM,Mexico City,México,10072,1/2/2015 21:32,131,1004,28.0,0.07,306,399.980011,0.360000014,1,399.980011,371.980011,135.0299988,Central America,Distrito Federal,PROCESSING,,1004,45,,http://images.acmesports.sports/Field+%26+Stream+Sportsman+16+Gun+Fire+Safe,Field & Stream Sportsman 16 Gun Fire Safe,399.980011,0,1/4/2015 21:32,Standard Class
151921,DEBIT,4,4,179.9900055,399.980011,Shipping on time,0,45,Fishing,Caguas,Puerto Rico,XXXXXXXXX,Megan,1025,Todd,XXXXXXXXX,Home Office,PR,1393 Umber Sky Estates,725.0,7,Fan Shop,18.29652023,-66.04867554,USCA,New York City,Estados Unidos,1025,6/22/2016 9:24,36883,1004,0.0,0.0,92045,399.980011,0.449999988,1,399.980011,399.980011,179.9900055,East of USA,Nueva York,COMPLETE,10011.0,1004,45,,http://images.acmesports.sports/Field+%26+Stream+Sportsman+16+Gun+Fire+Safe,Field & Stream Sportsman 16 Gun Fire Safe,399.980011,0,6/26/2016 9:24,Standard Class
8077,CASH,5,4,94.08000183,335.980011,Late delivery,1,45,Fishing,Caguas,Puerto Rico,XXXXXXXXX,Martha,9210,Daniels,XXXXXXXXX,Corporate,PR,4851 Green Rise,725.0,7,Fan Shop,18.25856972,-66.37050629,Europe,Valencia,España,9210,9/22/2015 13:17,18124,1004,64.0,0.159999996,45289,399.980011,0.280000001,1,399.980011,335.980011,94.08000183,Southern Europe,Valenciana,CLOSED,,1004,45,,http://images.acmesports.sports/Field+%26+Stream+Sportsman+16+Gun+Fire+Safe,Field & Stream Sportsman 16 Gun Fire Safe,399.980011,0,9/27/2015 13:17,Standard Class
94124,DEBIT,5,4,122.6900024,391.980011,Late delivery,1,45,Fishing,Elmhurst,EE. UU.,XXXXXXXXX,Barbara,694,Marshall,XXXXXXXXX,Consumer,NY,2909 Gentle Fawn Round,11373.0,7,Fan Shop,40.74655533,-73.87952423,Pacific Asia,Patna,India,694,11/17/2015 0:36,21924,1004,8.0,0.02,54839,399.980011,0.310000002,1,399.980011,391.980011,122.6900024,South Asia,Bihar,COMPLETE,,1004,45,,http://images.acmesports.sports/Field+%26+Stream+Sportsman+16+Gun+Fire+Safe,Field & Stream Sportsman 16 Gun Fire Safe,399.980011,0,11/22/2015 0:36,Standard Class
36950,PAYMENT,6,2,22.79000092,84.40000153,Late delivery,1,72,Pet Supplies,Cary,EE. UU.,XXXXXXXXX,Hedy,19143,Mckee,XXXXXXXXX,Consumer,NC,6447 Tawny Cloud Port,27511.0,11,Pet Shop,35.76636124,-78.78697205,Pacific Asia,Melbourne,Australia,19143,1/8/2018 10:11,75590,1359,0.0,0.0,178905,84.40000153,0.270000011,1,84.40000153,84.40000153,22.79000092,Oceania,Victoria,PENDING_PAYMENT,,1359,72,,http://images.acmesports.sports/Adult+dog+supplies,Adult dog supplies,84.40000153,0,1/14/2018 10:11,Second Class
166059,PAYMENT,4,2,122.75,278.980011,Late delivery,1,43,Camping & Hiking,Tucson,EE. UU.,XXXXXXXXX,Shawn,3952,Tucker,XXXXXXXXX,Home Office,AZ,6779 Rocky Pathway,85706.0,7,Fan Shop,32.14844894,-110.9228516,LATAM,Tegucigalpa,Honduras,3952,6/8/2017 0:41,60903,957,21.0,0.07,152380,299.980011,0.439999998,1,299.980011,278.980011,122.75,Central America,Francisco Morazán,PENDING_PAYMENT,,957,43,,http://images.acmesports.sports/Diamondback+Women%27s+Serene+Classic+Comfort+Bike+2014,Diamondback Women's Serene Classic Comfort Bi,299.980011,0,6/12/2017 0:41,Second Class
72116,TRANSFER,6,2,102.5199966,310.6799927,Shipping canceled,0,63,Children's Clothing,Antioch,EE. UU.,XXXXXXXXX,Willow,17968,Casey,XXXXXXXXX,Corporate,CA,1981 Thunder Zephyr Edge,94509.0,4,Apparel,38.00168991,-121.8279724,Pacific Asia,Zhangzhou,China,17968,12/22/2017 6:32,74415,1350,46.41999817,0.129999995,177730,357.1000061,0.330000013,1,357.1000061,310.6799927,102.5199966,Eastern Asia,Fujian,CANCELED,,1350,63,,http://images.acmesports.sports/Children+heaters,Children's heaters,357.1000061,0,12/28/2017 6:32,Second Class
45846,PAYMENT,3,4,-28.0,40.0,Advance shipping,0,24,Women's Apparel,Mission Viejo,EE. UU.,XXXXXXXXX,Scott,446,Harris,XXXXXXXXX,Corporate,CA,3151 Sleepy Quail Promenade,92691.0,5,Golf,33.55810165,-117.6714554,LATAM,Mexico City,México,446,3/28/2017 22:09,56032,502,10.0,0.200000003,140088,50.0,-0.699999988,1,50.0,40.0,-28.0,Central America,Distrito Federal,PENDING_PAYMENT,,502,24,,http://images.acmesports.sports/Nike+Men%27s+Dri-FIT+Victory+Golf+Polo,Nike Men's Dri-FIT Victory Golf Polo,50.0,0,3/31/2017 22:09,Standard Class
10817,TRANSFER,2,1,-53.29000092,283.480011,Late delivery,1,43,Camping & Hiking,Caguas,Puerto Rico,XXXXXXXXX,Phillip,2881,Smith,XXXXXXXXX,Home Office,PR,2704 High Leaf Glen,725.0,7,Fan Shop,18.22927094,-66.37062836,LATAM,Torreón,México,2881,2/23/2015 12:00,3666,957,16.5,0.059999999,9119,299.980011,-0.189999998,1,299.980011,283.480011,-53.29000092,Central America,Coahuila,PENDING,,957,43,,http://images.acmesports.sports/Diamondback+Women%27s+Serene+Classic+Comfort+Bike+2014,Diamondback Women's Serene Classic Comfort Bi,299.980011,0,2/25/2015 12:00,First Class
47533,PAYMENT,3,4,168.9400024,351.9599915,Advance shipping,0,9,Cardio Equipment,Bronx,EE. UU.,XXXXXXXXX,Sarah,3999,Coleman,XXXXXXXXX,Corporate,NY,4715 Harvest Creek Mews,10472.0,3,Footwear,40.90539169,-73.85341644,Europe,Swindon,Reino Unido,3999,5/31/2015 17:39,10327,191,48.0,0.119999997,25860,99.98999786,0.479999989,4,399.9599915,351.9599915,168.9400024,Northern Europe,Inglaterra,PENDING_PAYMENT,,191,9,,http://images.acmesports.sports/Nike+Men%27s+Free+5.0%2B+Running+Shoe,Nike Men's Free 5.0+ Running Shoe,99.98999786,0,6/3/2015 17:39,Standard Class
80835,DEBIT,5,4,-42.75,189.9900055,Late delivery,1,48,Water Sports,Lawrence,EE. UU.,XXXXXXXXX,Jessica,6886,Peck,XXXXXXXXX,Consumer,MA,7814 Colonial Bluff Concession,1841.0,7,Fan Shop,42.71463394,-71.16407776,Pacific Asia,Adelaide,Australia,6886,2/13/2016 11:41,27984,1073,10.0,0.050000001,70034,199.9900055,-0.230000004,1,199.9900055,189.9900055,-42.75,Oceania,Australia del Sur,COMPLETE,,1073,48,,http://images.acmesports.sports/Pelican+Sunstream+100+Kayak,Pelican Sunstream 100 Kayak,199.9900055,0,2/18/2016 11:41,Standard Class
17832,CASH,1,0,113.1500015,245.9799957,Late delivery,1,43,Camping & Hiking,New York,EE. UU.,XXXXXXXXX,Mary,12206,Jackson,XXXXXXXXX,Corporate,NY,7565 Stony Sky Townline,10003.0,7,Fan Shop,40.73124313,-73.98880768,LATAM,Bogotá,Colombia,12206,3/28/2015 17:44,5943,957,54.0,0.180000007,14786,299.980011,0.460000008,1,299.980011,245.9799957,113.1500015,South America,Bogotá,CLOSED,,957,43,,http://images.acmesports.sports/Diamondback+Women%27s+Serene+Classic+Comfort+Bike+2014,Diamondback Women's Serene Classic Comfort Bi,299.980011,0,3/29/2015 5:44,Same Day
52562,DEBIT,6,4,-0.920000017,10.72999954,Late delivery,1,74,Toys,Freeport,EE. UU.,XXXXXXXXX,Kaitlin,16888,Preston,XXXXXXXXX,Consumer,NY,3243 Shady Corner,11520.0,7,Fan Shop,40.65486527,-73.58707428,Pacific Asia,Hyderabad,India,16888,12/6/2017 12:10,73335,1361,0.810000002,0.07,176650,11.53999996,-0.090000004,1,11.53999996,10.72999954,-0.920000017,South Asia,Telangana,COMPLETE,,1361,74,,http://images.acmesports.sports/Toys ,Toys ,11.53999996,0,12/12/2017 12:10,Standard Class
124027,TRANSFER,2,4,170.5099945,347.980011,Advance shipping,0,45,Fishing,Caguas,Puerto Rico,XXXXXXXXX,Robert,3024,Middleton,XXXXXXXXX,Corporate,PR,1577 Silver Pathway,725.0,7,Fan Shop,18.23928642,-66.37057495,LATAM,Monclova,México,3024,3/28/2015 8:17,5916,1004,52.0,0.129999995,14720,399.980011,0.49000001,1,399.980011,347.980011,170.5099945,Central America,Coahuila,PROCESSING,,1004,45,,http://images.acmesports.sports/Field+%26+Stream+Sportsman+16+Gun+Fire+Safe,Field & Stream Sportsman 16 Gun Fire Safe,399.980011,0,3/30/2015 8:17,Standard Class
79506,DEBIT,4,4,63.70000076,181.9900055,Shipping on time,0,48,Water Sports,Caguas,Puerto Rico,XXXXXXXXX,Steven,9726,Smith,XXXXXXXXX,Consumer,PR,4097 Middle Spring Centre,725.0,7,Fan Shop,18.24162674,-66.37054443,USCA,Colorado Springs,Estados Unidos,9726,5/12/2016 8:56,34073,1073,18.0,0.090000004,85051,199.9900055,0.349999994,1,199.9900055,181.9900055,63.70000076,West of USA ,Colorado,COMPLETE,80906.0,1073,48,,http://images.acmesports.sports/Pelican+Sunstream+100+Kayak,Pelican Sunstream 100 Kayak,199.9900055,0,5/16/2016 8:56,Standard Class
87470,PAYMENT,6,4,81.16999817,245.9799957,Late delivery,1,43,Camping & Hiking,Opa Locka,EE. UU.,XXXXXXXXX,Judith,4919,Smith,XXXXXXXXX,Consumer,FL,8460 Dewy Nook,33055.0,7,Fan Shop,25.94878006,-80.28707886,Europe,Greifswald,Alemania,4919,7/19/2015 14:36,13675,957,54.0,0.180000007,34269,299.980011,0.330000013,1,299.980011,245.9799957,81.16999817,Western Europe,Mecklemburgo-Pomerania Occidental,PENDING_PAYMENT,,957,43,,http://images.acmesports.sports/Diamondback+Women%27s+Serene+Classic+Comfort+Bike+2014,Diamondback Women's Serene Classic Comfort Bi,299.980011,0,7/25/2015 14:36,Standard Class
42348,DEBIT,2,1,11.82999992,44.99000168,Late delivery,1,17,Cleats,Carlisle,EE. UU.,XXXXXXXXX,Jeffrey,12045,Ryan,XXXXXXXXX,Consumer,PA,8824 Jagged Cape,17013.0,4,Apparel,40.08877564,-75.2024765,Pacific Asia,Bangkok,Tailandia,12045,3/12/2016 23:54,29937,365,15.0,0.25,74883,59.99000168,0.25999999,1,59.99000168,44.99000168,11.82999992,Southeast Asia,Bangkok,COMPLETE,,365,17,,http://images.acmesports.sports/Perfect+Fitness+Perfect+Rip+Deck,Perfect Fitness Perfect Rip Deck,59.99000168,0,3/14/2016 23:54,First Class
14993,TRANSFER,6,4,-93.88999939,140.7599945,Late delivery,1,29,Shop By Sport,Annapolis,EE. UU.,XXXXXXXXX,Raymond,5359,Wu,XXXXXXXXX,Consumer,MD,3891 Broad Line,21401.0,5,Golf,38.97784042,-76.49318695,USCA,Knoxville,Estados Unidos,5359,6/18/2016 11:30,36615,627,19.20000076,0.119999997,91405,39.99000168,-0.670000017,4,159.9600067,140.7599945,-93.88999939,South of  USA ,Tennessee,PENDING,37918.0,627,29,,http://images.acmesports.sports/Under+Armour+Girls%27+Toddler+Spine+Surge+Running+Shoe,Under Armour Girls' Toddler Spine Surge Runni,39.99000168,0,6/24/2016 11:30,Standard Class
351,TRANSFER,6,4,-9.050000191,65.58000183,Late delivery,1,29,Shop By Sport,Edison,EE. UU.,XXXXXXXXX,Maria,9884,Dorsey,XXXXXXXXX,Corporate,NJ,125 Colonial Butterfly Stead,8817.0,5,Golf,40.52578354,-74.39421845,LATAM,San Justo,Argentina,9884,3/10/2015 0:15,4660,627,14.39999962,0.180000007,11689,39.99000168,-0.140000001,2,79.98000336,65.58000183,-9.050000191,South America,Santa Fe,PROCESSING,,627,29,,http://images.acmesports.sports/Under+Armour+Girls%27+Toddler+Spine+Surge+Running+Shoe,Under Armour Girls' Toddler Spine Surge Runni,39.99000168,0,3/16/2015 0:15,Standard Class
30264,TRANSFER,3,4,-67.55999756,50.99000168,Advance shipping,0,17,Cleats,Caguas,Puerto Rico,XXXXXXXXX,Mary,5684,Harmon,XXXXXXXXX,Home Office,PR,68 Colonial Rabbit Thicket,725.0,4,Apparel,18.20086098,-66.37052918,LATAM,Montes Claros,Brasil,5684,3/31/2017 13:13,56212,365,9.0,0.150000006,140600,59.99000168,-1.330000043,1,59.99000168,50.99000168,-67.55999756,South America,Minas Gerais,PENDING,,365,17,,http://images.acmesports.sports/Perfect+Fitness+Perfect+Rip+Deck,Perfect Fitness Perfect Rip Deck,59.99000168,0,4/3/2017 13:13,Standard Class
51621,CASH,2,1,3.99000001,18.88999939,Late delivery,1,32,Golf Apparel,Caguas,Puerto Rico,XXXXXXXXX,Jerry,2866,Smith,XXXXXXXXX,Consumer,PR,9706 Honey Alley,725.0,6,Outdoors,18.23401642,-66.3705368,Europe,Hanover,Alemania,2866,7/6/2015 13:24,12781,703,1.100000024,0.059999999,31973,19.98999977,0.209999993,1,19.98999977,18.88999939,3.99000001,Western Europe,Baja Sajonia,CLOSED,,703,32,,http://images.acmesports.sports/Top+Flite+Women%27s+2014+XL+Hybrid,Top Flite Women's 2014 XL Hybrid,19.98999977,0,7/8/2015 13:24,First Class
88686,PAYMENT,6,4,21.53000069,161.8699951,Late delivery,1,76,Women's Clothing,Newburgh,EE. UU.,XXXXXXXXX,Hillary,20573,Dudley,XXXXXXXXX,Consumer,NY,8721 Sleepy Passage,12550.0,4,Apparel,41.50205994,-74.01177216,Pacific Asia,Manado,Indonesia,20573,1/29/2018 7:11,77020,1363,53.95999908,0.25,180335,215.8200073,0.129999995,1,215.8200073,161.8699951,21.53000069,Southeast Asia,Célebes Septentrional,PENDING_PAYMENT,,1363,76,,http://images.acmesports.sports/Summer+dresses,Summer dresses,215.8200073,0,2/4/2018 7:11,Standard Class
32335,DEBIT,5,4,2.309999943,20.98999977,Late delivery,1,35,Golf Gloves,Los Angeles,EE. UU.,XXXXXXXXX,Mary,11652,Smith,XXXXXXXXX,Home Office,CA,3006 Sleepy Leaf Farm,90043.0,6,Outdoors,33.97248077,-118.3256226,USCA,Olympia,Estados Unidos,11652,4/25/2016 2:07,32889,778,4.0,0.159999996,82268,24.98999977,0.109999999,1,24.98999977,20.98999977,2.309999943,West of USA ,Washington,COMPLETE,98502.0,778,35,,http://images.acmesports.sports/Bag+Boy+Beverage+Holder,Bag Boy Beverage Holder,24.98999977,0,4/30/2016 2:07,Standard Class
67538,DEBIT,5,4,6.300000191,62.97000122,Late delivery,1,5,Lacrosse,Caguas,Puerto Rico,XXXXXXXXX,Billy,2238,Pittman,XXXXXXXXX,Corporate,PR,5292 Shady Pony Cape,725.0,2,Fitness,18.26616478,-66.37055969,Pacific Asia,Geelong,Australia,2238,4/1/2016 7:04,31259,93,12.0,0.159999996,78118,24.98999977,0.100000001,3,74.97000122,62.97000122,6.300000191,Oceania,Victoria,COMPLETE,,93,5,,http://images.acmesports.sports/Under+Armour+Men%27s+Tech+II+T-Shirt,Under Armour Men's Tech II T-Shirt,24.98999977,0,4/6/2016 7:04,Standard Class
91875,PAYMENT,3,4,42.09000015,127.5500031,Advance shipping,0,6,Tennis & Racquet,Caguas,Puerto Rico,XXXXXXXXX,Mary,83,Wong,XXXXXXXXX,Corporate,PR,8584 Lazy Via,725.0,2,Fitness,18.25025749,-66.05857849,USCA,Oklahoma City,Estados Unidos,83,5/8/2016 15:15,33817,116,7.420000076,0.059999999,84413,44.99000168,0.330000013,3,134.9700012,127.5500031,42.09000015,US Center ,Oklahoma,PENDING_PAYMENT,73120.0,116,6,,http://images.acmesports.sports/Nike+Men%27s+Comfort+2+Slide,Nike Men's Comfort 2 Slide,44.99000168,0,5/11/2016 15:15,Standard Class
12581,DEBIT,3,4,43.65000153,96.98999786,Advance shipping,0,9,Cardio Equipment,Caguas,Puerto Rico,XXXXXXXXX,Roy,11681,Jackson,XXXXXXXXX,Consumer,PR,8510 Green River Acres,725.0,3,Footwear,18.24323654,-66.3706131,Europe,Dortmund,Alemania,11681,10/3/2015 0:50,18842,191,3.0,0.029999999,47126,99.98999786,0.449999988,1,99.98999786,96.98999786,43.65000153,Western Europe,Renania del Norte-Westfalia,COMPLETE,,191,9,,http://images.acmesports.sports/Nike+Men%27s+Free+5.0%2B+Running+Shoe,Nike Men's Free 5.0+ Running Shoe,99.98999786,0,10/6/2015 0:50,Standard Class
96278,DEBIT,2,1,29.85000038,106.5899963,Late delivery,1,18,Men's Footwear,Colton,EE. UU.,XXXXXXXXX,Shirley,149,Mcclain,XXXXXXXXX,Home Office,CA,9729 Emerald Pony Mount,92324.0,4,Apparel,32.79872894,-116.9538727,Europe,Halluin,Francia,149,9/13/2015 23:59,17538,403,23.39999962,0.180000007,43842,129.9900055,0.280000001,1,129.9900055,106.5899963,29.85000038,Western Europe,Norte-Paso de Calais-Picardía,COMPLETE,,403,18,,http://images.acmesports.sports/Nike+Men%27s+CJ+Elite+2+TD+Football+Cleat,Nike Men's CJ Elite 2 TD Football Cleat,129.9900055,0,9/15/2015 23:59,First Class
52988,DEBIT,2,4,4.25,169.9900055,Advance shipping,0,48,Water Sports,Caguas,Puerto Rico,XXXXXXXXX,Julie,250,Smith,XXXXXXXXX,Consumer,PR,4297 Quiet Shadow Quay,725.0,7,Fan Shop,18.2475853,-66.0252533,Europe,Pau,Francia,250,9/11/2017 21:44,67471,1073,30.0,0.150000006,168664,199.9900055,0.029999999,1,199.9900055,169.9900055,4.25,Western Europe,Aquitania-Lemosín-Poitou-Charentes,COMPLETE,,1073,48,,http://images.acmesports.sports/Pelican+Sunstream+100+Kayak,Pelican Sunstream 100 Kayak,199.9900055,0,9/13/2017 21:44,Standard Class
15794,CASH,2,1,102.8899994,489.9500122,Late delivery,1,9,Cardio Equipment,San Jose,EE. UU.,XXXXXXXXX,Marilyn,9897,Smith,XXXXXXXXX,Consumer,CA,2469 Blue Brook Crossing,95127.0,3,Footwear,37.37883377,-121.8303375,LATAM,Santo Domingo,República Dominicana,9897,2/18/2015 12:53,3326,191,10.0,0.02,8263,99.98999786,0.209999993,5,499.9500122,489.9500122,102.8899994,Caribbean,Santo Domingo,CLOSED,,191,9,,http://images.acmesports.sports/Nike+Men%27s+Free+5.0%2B+Running+Shoe,Nike Men's Free 5.0+ Running Shoe,99.98999786,0,2/20/2015 12:53,First Class
139187,PAYMENT,6,4,129.3500061,391.980011,Late delivery,1,45,Fishing,Santa Ana,EE. UU.,XXXXXXXXX,Jane,5588,Hopkins,XXXXXXXXX,Consumer,CA,2877 Thunder Spring Isle,92707.0,7,Fan Shop,33.66559982,-117.8830566,LATAM,San Pedro Sula,Honduras,5588,2/13/2017 7:40,53045,1004,8.0,0.02,132571,399.980011,0.330000013,1,399.980011,391.980011,129.3500061,Central America,Cortés,PENDING_PAYMENT,,1004,45,,http://images.acmesports.sports/Field+%26+Stream+Sportsman+16+Gun+Fire+Safe,Field & Stream Sportsman 16 Gun Fire Safe,399.980011,0,2/19/2017 7:40,Standard Class
18911,PAYMENT,2,1,109.75,391.980011,Late delivery,1,45,Fishing,Dallas,EE. UU.,XXXXXXXXX,Edward,10135,Smith,XXXXXXXXX,Consumer,TX,3155 Burning Grove,75220.0,7,Fan Shop,32.86539459,-96.86858368,Pacific Asia,Weihai,China,10135,1/3/2016 4:12,25154,1004,8.0,0.02,63033,399.980011,0.280000001,1,399.980011,391.980011,109.75,Eastern Asia,Shandong,PENDING_PAYMENT,,1004,45,,http://images.acmesports.sports/Field+%26+Stream+Sportsman+16+Gun+Fire+Safe,Field & Stream Sportsman 16 Gun Fire Safe,399.980011,0,1/5/2016 4:12,First Class
95087,DEBIT,3,4,91.33999634,260.980011,Advance shipping,0,43,Camping & Hiking,Corona,EE. UU.,XXXXXXXXX,Mary,5107,Waters,XXXXXXXXX,Consumer,CA,3152 Wishing Limits,92879.0,7,Fan Shop,33.92758942,-117.5455627,USCA,Los Angeles,Estados Unidos,5107,6/20/2016 4:30,36732,957,39.0,0.129999995,91656,299.980011,0.349999994,1,299.980011,260.980011,91.33999634,West of USA ,California,COMPLETE,90008.0,957,43,,http://images.acmesports.sports/Diamondback+Women%27s+Serene+Classic+Comfort+Bike+2014,Diamondback Women's Serene Classic Comfort Bi,299.980011,0,6/23/2016 4:30,Standard Class
138851,PAYMENT,4,4,27.29999924,363.980011,Shipping on time,0,45,Fishing,Riverside,EE. UU.,XXXXXXXXX,Mary,4949,Simmons,XXXXXXXXX,Consumer,CA,1247 Gentle Grove Valley,92507.0,7,Fan Shop,33.98527527,-117.3377075,LATAM,Franca,Brasil,4949,3/6/2017 10:58,54493,1004,36.0,0.090000004,136292,399.980011,0.079999998,1,399.980011,363.980011,27.29999924,South America,São Paulo,PENDING_PAYMENT,,1004,45,,http://images.acmesports.sports/Field+%26+Stream+Sportsman+16+Gun+Fire+Safe,Field & Stream Sportsman 16 Gun Fire Safe,399.980011,0,3/10/2017 10:58,Standard Class
91427,PAYMENT,6,4,138.9100037,283.480011,Late delivery,1,43,Camping & Hiking,Caguas,Puerto Rico,XXXXXXXXX,Mary,8810,Smith,XXXXXXXXX,Corporate,PR,8718 Shady Bank,725.0,7,Fan Shop,18.25025559,-66.37055206,USCA,Saint Paul,Estados Unidos,8810,4/20/2016 19:07,32595,957,16.5,0.059999999,81526,299.980011,0.49000001,1,299.980011,283.480011,138.9100037,US Center ,Minnesota,PENDING_PAYMENT,55106.0,957,43,,http://images.acmesports.sports/Diamondback+Women%27s+Serene+Classic+Comfort+Bike+2014,Diamondback Women's Serene Classic Comfort Bi,299.980011,0,4/26/2016 19:07,Standard Class
79467,TRANSFER,2,1,-126.7200012,189.9900055,Late delivery,1,48,Water Sports,Carrollton,EE. UU.,XXXXXXXXX,Mary,10106,Smith,XXXXXXXXX,Consumer,TX,7518 Burning Terrace,75006.0,7,Fan Shop,32.96593094,-96.84902191,USCA,Hempstead,Estados Unidos,10106,5/14/2016 8:14,34208,1073,10.0,0.050000001,85405,199.9900055,-0.670000017,1,199.9900055,189.9900055,-126.7200012,East of USA,Nueva York,PROCESSING,11550.0,1073,48,,http://images.acmesports.sports/Pelican+Sunstream+100+Kayak,Pelican Sunstream 100 Kayak,199.9900055,0,5/16/2016 8:14,First Class
145013,DEBIT,5,4,53.93000031,165.9299927,Late delivery,1,46,Indoor/Outdoor Games,West Lafayette,EE. UU.,XXXXXXXXX,Mildred,11806,Hester,XXXXXXXXX,Corporate,IN,7577 Easy Mews,47906.0,7,Fan Shop,40.48130035,-87.04908752,Europe,Nottingham,Reino Unido,11806,6/26/2015 17:58,12109,1014,33.99000168,0.170000002,30279,49.97999954,0.330000013,4,199.9199982,165.9299927,53.93000031,Northern Europe,Inglaterra,COMPLETE,,1014,46,,http://images.acmesports.sports/O%27Brien+Men%27s+Neoprene+Life+Vest,O'Brien Men's Neoprene Life Vest,49.97999954,0,7/1/2015 17:58,Standard Class
11475,TRANSFER,6,2,164.6300049,335.980011,Late delivery,1,45,Fishing,Caguas,Puerto Rico,XXXXXXXXX,Mary,11339,King,XXXXXXXXX,Home Office,PR,4210 Dewy Round,725.0,7,Fan Shop,18.24774361,-66.37059784,Pacific Asia,Brisbane,Australia,11339,12/22/2015 1:46,24325,1004,64.0,0.159999996,60862,399.980011,0.49000001,1,399.980011,335.980011,164.6300049,Oceania,Queensland,PROCESSING,,1004,45,,http://images.acmesports.sports/Field+%26+Stream+Sportsman+16+Gun+Fire+Safe,Field & Stream Sportsman 16 Gun Fire Safe,399.980011,0,12/28/2015 1:46,Second Class
88339,PAYMENT,2,4,524.4799805,1417.5,Advance shipping,0,64,Computers,Winnetka,EE. UU.,XXXXXXXXX,Mariam,18059,Cobb,XXXXXXXXX,Consumer,CA,3586 Clear Key,91306.0,10,Technology,32.66745758,-117.0288773,Pacific Asia,Jinhua,China,18059,12/23/2017 14:25,74506,1351,82.5,0.059999999,177821,1500.0,0.370000005,1,1500.0,1417.5,524.4799805,Eastern Asia,Zhejiang,PENDING_PAYMENT,,1351,64,,http://images.acmesports.sports/Dell+Laptop,Dell Laptop,1500.0,0,12/25/2017 14:25,Standard Class
134864,TRANSFER,5,4,45.5,129.9900055,Late delivery,1,18,Men's Footwear,Fremont,EE. UU.,XXXXXXXXX,Eugene,553,Smith,XXXXXXXXX,Consumer,CA,4814 Burning Landing,94538.0,4,Apparel,37.74132538,-121.9283676,USCA,Des Moines,Estados Unidos,553,6/27/2016 15:52,37244,403,0.0,0.0,92968,129.9900055,0.349999994,1,129.9900055,129.9900055,45.5,US Center ,Iowa,PROCESSING,50315.0,403,18,,http://images.acmesports.sports/Nike+Men%27s+CJ+Elite+2+TD+Football+Cleat,Nike Men's CJ Elite 2 TD Football Cleat,129.9900055,0,7/2/2016 15:52,Standard Class
130385,DEBIT,4,4,-34.79000092,139.1699982,Shipping on time,0,29,Shop By Sport,Lancaster,EE. UU.,XXXXXXXXX,Mary,2655,Gates,XXXXXXXXX,Consumer,CA,1587 Emerald Landing,93536.0,5,Golf,34.81822968,-118.5527115,Pacific Asia,Xinxiang,China,2655,2/22/2016 5:32,28583,627,20.79000092,0.129999995,71532,39.99000168,-0.25,4,159.9600067,139.1699982,-34.79000092,Eastern Asia,Henan,COMPLETE,,627,29,,http://images.acmesports.sports/Under+Armour+Girls%27+Toddler+Spine+Surge+Running+Shoe,Under Armour Girls' Toddler Spine Surge Runni,39.99000168,0,2/26/2016 5:32,Standard Class
27444,DEBIT,3,4,8.0,399.9599915,Advance shipping,0,9,Cardio Equipment,Ontario,EE. UU.,XXXXXXXXX,Mary,6290,Smith,XXXXXXXXX,Corporate,CA,4028 Jagged Quay,91761.0,3,Footwear,34.03303146,-117.6386414,Africa,Lagos,Nigeria,6290,10/30/2016 1:52,45767,191,99.98999786,0.200000003,114404,99.98999786,0.02,5,499.9500122,399.9599915,8.0,West Africa,Lagos,COMPLETE,,191,9,,http://images.acmesports.sports/Nike+Men%27s+Free+5.0%2B+Running+Shoe,Nike Men's Free 5.0+ Running Shoe,99.98999786,0,11/2/2016 1:52,Standard Class
154355,PAYMENT,2,4,31.90999985,113.9800034,Advance shipping,0,17,Cleats,Caguas,Puerto Rico,XXXXXXXXX,Amy,11929,Smith,XXXXXXXXX,Consumer,PR,3836 Blue Brook Stead,725.0,4,Apparel,18.25350571,-66.37052918,LATAM,Matanzas,Cuba,11929,2/21/2015 9:12,3521,365,6.0,0.050000001,8754,59.99000168,0.280000001,2,119.9800034,113.9800034,31.90999985,Caribbean,Matanzas,PENDING_PAYMENT,,365,17,,http://images.acmesports.sports/Perfect+Fitness+Perfect+Rip+Deck,Perfect Fitness Perfect Rip Deck,59.99000168,0,2/23/2015 9:12,Standard Class
46048,PAYMENT,3,4,94.48999786,224.9900055,Advance shipping,0,43,Camping & Hiking,Chicago,EE. UU.,XXXXXXXXX,Mary,6236,Martinez,XXXXXXXXX,Corporate,IL,7253 Sunny Acres,60629.0,7,Fan Shop,41.77735519,-87.69663239,LATAM,Brasília,Brasil,6236,1/22/2015 21:52,1502,957,75.0,0.25,3745,299.980011,0.419999987,1,299.980011,224.9900055,94.48999786,South America,Distrito Federal,PENDING_PAYMENT,,957,43,,http://images.acmesports.sports/Diamondback+Women%27s+Serene+Classic+Comfort+Bike+2014,Diamondback Women's Serene Classic Comfort Bi,299.980011,0,1/25/2015 21:52,Standard Class
133186,PAYMENT,1,0,9.220000267,122.9499969,Late delivery,1,46,Indoor/Outdoor Games,Columbus,EE. UU.,XXXXXXXXX,Mary,10043,Smith,XXXXXXXXX,Consumer,OH,1396 Pleasant Barn Beach,43230.0,7,Fan Shop,40.0230751,-82.8732605,Pacific Asia,Toowoomba,Australia,10043,12/8/2015 23:31,23428,1014,26.98999977,0.180000007,58603,49.97999954,0.079999998,3,149.9400024,122.9499969,9.220000267,Oceania,Queensland,PENDING_PAYMENT,,1014,46,,http://images.acmesports.sports/O%27Brien+Men%27s+Neoprene+Life+Vest,O'Brien Men's Neoprene Life Vest,49.97999954,0,12/9/2015 11:31,Same Day
84874,TRANSFER,2,4,40.95000076,116.9899979,Advance shipping,0,18,Men's Footwear,Detroit,EE. UU.,XXXXXXXXX,Mary,1865,Romero,XXXXXXXXX,Corporate,MI,7559 Quiet Nectar Grounds,48205.0,4,Apparel,42.42877197,-82.98252869,Africa,Newcastle,SudAfrica,1865,9/27/2016 5:14,43516,403,13.0,0.100000001,108688,129.9900055,0.349999994,1,129.9900055,116.9899979,40.95000076,Southern Africa,KwaZulu-Natal,PROCESSING,,403,18,,http://images.acmesports.sports/Nike+Men%27s+CJ+Elite+2+TD+Football+Cleat,Nike Men's CJ Elite 2 TD Football Cleat,129.9900055,0,9/29/2016 5:14,Standard Class
62384,TRANSFER,6,4,-125.0599976,187.5,Shipping canceled,0,24,Women's Apparel,Hialeah,EE. UU.,XXXXXXXXX,Katherine,4226,Smith,XXXXXXXXX,Corporate,FL,8988 Shady Park,33010.0,5,Golf,25.83031082,-80.27851105,LATAM,Mexicali,México,4226,1/22/2017 1:24,51520,502,62.5,0.25,128760,50.0,-0.670000017,5,250.0,187.5,-125.0599976,Central America,Baja California,SUSPECTED_FRAUD,,502,24,,http://images.acmesports.sports/Nike+Men%27s+Dri-FIT+Victory+Golf+Polo,Nike Men's Dri-FIT Victory Golf Polo,50.0,0,1/28/2017 1:24,Standard Class
101219,DEBIT,5,4,48.49000168,98.95999908,Late delivery,1,46,Indoor/Outdoor Games,Saint Charles,EE. UU.,XXXXXXXXX,Mary,3082,Smith,XXXXXXXXX,Home Office,MO,7613 Amber Willow Manor,63301.0,7,Fan Shop,38.77838135,-90.50777435,USCA,Newport News,Estados Unidos,3082,5/7/2016 20:40,33764,1014,1.0,0.01,84261,49.97999954,0.49000001,2,99.95999908,98.95999908,48.49000168,South of  USA ,Virginia,ON_HOLD,23602.0,1014,46,,http://images.acmesports.sports/O%27Brien+Men%27s+Neoprene+Life+Vest,O'Brien Men's Neoprene Life Vest,49.97999954,0,5/12/2016 20:40,Standard Class
131009,DEBIT,0,0,30.79000092,175.9299927,Shipping on time,0,46,Indoor/Outdoor Games,Caguas,Puerto Rico,XXXXXXXXX,Mary,10559,Jones,XXXXXXXXX,Home Office,PR,9009 Umber Log Island,725.0,7,Fan Shop,18.27200699,-66.37060547,Pacific Asia,Upper Hutt,Nueva Zelanda,10559,3/29/2016 6:32,31052,1014,23.98999977,0.119999997,77603,49.97999954,0.180000007,4,199.9199982,175.9299927,30.79000092,Oceania,Wellington,COMPLETE,,1014,46,,http://images.acmesports.sports/O%27Brien+Men%27s+Neoprene+Life+Vest,O'Brien Men's Neoprene Life Vest,49.97999954,0,3/29/2016 18:32,Same Day
17938,CASH,1,0,85.54000092,182.0,Late delivery,1,24,Women's Apparel,Pompano Beach,EE. UU.,XXXXXXXXX,Jessica,6789,Mcintosh,XXXXXXXXX,Corporate,FL,9332 Silent Towers,33068.0,5,Golf,26.21472931,-80.23004913,USCA,New York City,Estados Unidos,6789,8/5/2016 12:29,39906,502,18.0,0.090000004,99552,50.0,0.469999999,4,200.0,182.0,85.54000092,East of USA,Nueva York,CLOSED,10035.0,502,24,,http://images.acmesports.sports/Nike+Men%27s+Dri-FIT+Victory+Golf+Polo,Nike Men's Dri-FIT Victory Golf Polo,50.0,0,8/6/2016 0:29,Same Day
161651,TRANSFER,5,4,43.18999863,89.98000336,Late delivery,1,29,Shop By Sport,Caguas,Puerto Rico,XXXXXXXXX,Kyle,10253,Smith,XXXXXXXXX,Consumer,PR,1023 Honey Grove,725.0,5,Golf,18.21958351,-66.3706131,Europe,Grodno,Bielorrusia,10253,10/24/2016 2:55,45359,627,29.98999977,0.25,113331,39.99000168,0.479999989,3,119.9700012,89.98000336,43.18999863,Eastern Europe,Grodno,PROCESSING,,627,29,,http://images.acmesports.sports/Under+Armour+Girls%27+Toddler+Spine+Surge+Running+Shoe,Under Armour Girls' Toddler Spine Surge Runni,39.99000168,0,10/29/2016 2:55,Standard Class
84200,DEBIT,5,4,-627.1699829,391.980011,Late delivery,1,45,Fishing,Greeley,EE. UU.,XXXXXXXXX,Doris,10739,Nguyen,XXXXXXXXX,Consumer,CO,4263 Cozy Embers Ledge,80631.0,7,Fan Shop,40.41231918,-104.6923523,LATAM,Managua,Nicaragua,10739,1/8/2015 9:58,509,1004,8.0,0.02,1261,399.980011,-1.600000024,1,399.980011,391.980011,-627.1699829,Central America,Managua,COMPLETE,,1004,45,,http://images.acmesports.sports/Field+%26+Stream+Sportsman+16+Gun+Fire+Safe,Field & Stream Sportsman 16 Gun Fire Safe,399.980011,0,1/13/2015 9:58,Standard Class
163866,DEBIT,2,4,-91.18000031,113.9800034,Advance shipping,0,17,Cleats,Porterville,EE. UU.,XXXXXXXXX,Kathleen,1717,Frank,XXXXXXXXX,Home Office,CA,8094 Broad Dale,93257.0,4,Apparel,36.06955338,-119.0176849,LATAM,Francisco Beltrão,Brasil,1717,1/29/2015 18:10,1971,365,6.0,0.050000001,4927,59.99000168,-0.800000012,2,119.9800034,113.9800034,-91.18000031,South America,Paraná,COMPLETE,,365,17,,http://images.acmesports.sports/Perfect+Fitness+Perfect+Rip+Deck,Perfect Fitness Perfect Rip Deck,59.99000168,0,1/31/2015 18:10,Standard Class
66129,DEBIT,3,2,44.81000137,99.58000183,Late delivery,1,29,Shop By Sport,Phoenix,EE. UU.,XXXXXXXXX,Mary,6532,Dixon,XXXXXXXXX,Consumer,AZ,4429 Velvet Robin Centre,85022.0,5,Golf,33.64781952,-112.0518799,Pacific Asia,Timaru,Nueva Zelanda,6532,4/1/2016 1:06,31242,627,20.38999939,0.170000002,78090,39.99000168,0.449999988,3,119.9700012,99.58000183,44.81000137,Oceania,Canterbury,COMPLETE,,627,29,,http://images.acmesports.sports/Under+Armour+Girls%27+Toddler+Spine+Surge+Running+Shoe,Under Armour Girls' Toddler Spine Surge Runni,39.99000168,0,4/4/2016 1:06,Second Class
160799,TRANSFER,3,4,-15.89000034,97.48999786,Advance shipping,0,18,Men's Footwear,Caguas,Puerto Rico,XXXXXXXXX,Paul,4943,Sosa,XXXXXXXXX,Consumer,PR,3327 Indian Centre,725.0,4,Apparel,18.28994179,-66.37062073,USCA,New York City,Estados Unidos,4943,4/10/2016 4:04,31867,403,32.5,0.25,79638,129.9900055,-0.159999996,1,129.9900055,97.48999786,-15.89000034,East of USA,Nueva York,PENDING,10024.0,403,18,,http://images.acmesports.sports/Nike+Men%27s+CJ+Elite+2+TD+Football+Cleat,Nike Men's CJ Elite 2 TD Football Cleat,129.9900055,0,4/13/2016 4:04,Standard Class
36614,PAYMENT,4,2,67.19999695,335.980011,Late delivery,1,45,Fishing,Bronx,EE. UU.,XXXXXXXXX,Aaron,12416,Cline,XXXXXXXXX,Consumer,NY,9986 Wishing Stead,10467.0,7,Fan Shop,40.87416458,-73.8703537,Europe,Turin,Italia,12416,7/1/2015 20:14,12458,1004,64.0,0.159999996,31175,399.980011,0.200000003,1,399.980011,335.980011,67.19999695,Southern Europe,Piamonte,PENDING_PAYMENT,,1004,45,,http://images.acmesports.sports/Field+%26+Stream+Sportsman+16+Gun+Fire+Safe,Field & Stream Sportsman 16 Gun Fire Safe,399.980011,0,7/5/2015 20:14,Second Class
141784,DEBIT,1,0,36.45000076,172.7700043,Late delivery,1,17,Cleats,Caguas,Puerto Rico,XXXXXXXXX,Karen,11848,Smith,XXXXXXXXX,Home Office,PR,2915 Round Byway,725.0,4,Apparel,18.28989029,-66.37056732,LATAM,Ilopango,El Salvador,11848,4/4/2017 13:12,56486,365,7.199999809,0.039999999,141307,59.99000168,0.209999993,3,179.9700012,172.7700043,36.45000076,Central America,San Salvador,COMPLETE,,365,17,,http://images.acmesports.sports/Perfect+Fitness+Perfect+Rip+Deck,Perfect Fitness Perfect Rip Deck,59.99000168,0,4/5/2017 1:12,Same Day
174435,CASH,6,4,43.18999863,89.98999786,Late delivery,1,17,Cleats,Caguas,Puerto Rico,XXXXXXXXX,Lawrence,11551,Harrison,XXXXXXXXX,Consumer,PR,9526 Blue Manor,725.0,4,Apparel,18.2248497,-66.37062836,USCA,Saint Paul,Estados Unidos,11551,4/3/2016 6:43,31395,365,30.0,0.25,78477,59.99000168,0.479999989,2,119.9800034,89.98999786,43.18999863,US Center ,Minnesota,CLOSED,55106.0,365,17,,http://images.acmesports.sports/Perfect+Fitness+Perfect+Rip+Deck,Perfect Fitness Perfect Rip Deck,59.99000168,0,4/9/2016 6:43,Standard Class
65689,DEBIT,4,2,42.61999893,115.1800003,Late delivery,1,17,Cleats,Sanford,EE. UU.,XXXXXXXXX,Daniel,4193,Haas,XXXXXXXXX,Consumer,NC,4466 Burning Round,27330.0,4,Apparel,35.49564743,-79.26675415,LATAM,Managua,Nicaragua,4193,3/4/2017 20:26,54383,365,4.800000191,0.039999999,135998,59.99000168,0.370000005,2,119.9800034,115.1800003,42.61999893,Central America,Managua,ON_HOLD,,365,17,,http://images.acmesports.sports/Perfect+Fitness+Perfect+Rip+Deck,Perfect Fitness Perfect Rip Deck,59.99000168,0,3/8/2017 20:26,Second Class
93940,DEBIT,3,4,39.97000122,97.48999786,Advance shipping,0,18,Men's Footwear,Cumberland,EE. UU.,XXXXXXXXX,Matthew,5640,Smith,XXXXXXXXX,Consumer,MD,1121 Amber Abbey,21502.0,4,Apparel,39.63772202,-78.82624817,Pacific Asia,Bagdad,Irak,5640,8/29/2016 21:55,41577,403,32.5,0.25,103786,129.9900055,0.409999996,1,129.9900055,97.48999786,39.97000122,West Asia,Bagdad,COMPLETE,,403,18,,http://images.acmesports.sports/Nike+Men%27s+CJ+Elite+2+TD+Football+Cleat,Nike Men's CJ Elite 2 TD Football Cleat,129.9900055,0,9/1/2016 21:55,Standard Class
35343,CASH,4,4,25.92000008,287.9500122,Shipping on time,0,17,Cleats,Woonsocket,EE. UU.,XXXXXXXXX,Mary,11641,Simon,XXXXXXXXX,Consumer,RI,586 Golden Hickory Valley,2895.0,4,Apparel,42.01382065,-71.51352692,Europe,West Bromwich,Reino Unido,11641,7/25/2017 21:48,64183,365,12.0,0.039999999,160477,59.99000168,0.090000004,5,299.9500122,287.9500122,25.92000008,Northern Europe,Inglaterra,CLOSED,,365,17,,http://images.acmesports.sports/Perfect+Fitness+Perfect+Rip+Deck,Perfect Fitness Perfect Rip Deck,59.99000168,0,7/29/2017 21:48,Standard Class
159577,TRANSFER,5,4,28.21999931,58.79000092,Late delivery,1,17,Cleats,Caguas,Puerto Rico,XXXXXXXXX,Joe,12336,Smith,XXXXXXXXX,Consumer,PR,9568 Rustic Pioneer Heights,725.0,4,Apparel,18.21794701,-66.37055969,LATAM,Spanish Town,Jamaica,12336,2/25/2017 1:21,53849,365,1.200000048,0.02,134630,59.99000168,0.479999989,1,59.99000168,58.79000092,28.21999931,Caribbean,Santa Caterina,PENDING,,365,17,,http://images.acmesports.sports/Perfect+Fitness+Perfect+Rip+Deck,Perfect Fitness Perfect Rip Deck,59.99000168,0,3/2/2017 1:21,Standard Class
47753,DEBIT,0,0,12.76000023,44.0,Shipping on time,0,24,Women's Apparel,Marrero,EE. UU.,XXXXXXXXX,Catherine,1383,Smith,XXXXXXXXX,Corporate,LA,762 Misty Farm,70072.0,5,Golf,29.89742088,-90.10965729,Europe,Estocolmo,Suecia,1383,8/12/2015 4:04,15289,502,6.0,0.119999997,38225,50.0,0.289999992,1,50.0,44.0,12.76000023,Northern Europe,Estocolmo,COMPLETE,,502,24,,http://images.acmesports.sports/Nike+Men%27s+Dri-FIT+Victory+Golf+Polo,Nike Men's Dri-FIT Victory Golf Polo,50.0,0,8/12/2015 16:04,Same Day
11599,TRANSFER,3,2,64.79000092,143.9799957,Late delivery,1,17,Cleats,Caguas,Puerto Rico,XXXXXXXXX,Diane,3196,Ferguson,XXXXXXXXX,Home Office,PR,9526 Honey Nectar Field,725.0,4,Apparel,18.28066635,-66.37055969,LATAM,Presidente Dutra,Brasil,3196,6/13/2017 20:28,61302,365,35.99000168,0.200000003,153360,59.99000168,0.449999988,3,179.9700012,143.9799957,64.79000092,South America,Marañón,PROCESSING,,365,17,,http://images.acmesports.sports/Perfect+Fitness+Perfect+Rip+Deck,Perfect Fitness Perfect Rip Deck,59.99000168,0,6/16/2017 20:28,Second Class
160173,TRANSFER,2,4,31.87000084,84.98999786,Advance shipping,0,9,Cardio Equipment,Caguas,Puerto Rico,XXXXXXXXX,Susan,6466,Meyer,XXXXXXXXX,Consumer,PR,3662 Middle Willow Promenade,725.0,3,Footwear,18.21478081,-66.37056732,Pacific Asia,Ho Chi Minh City,Vietnam,6466,12/5/2015 0:13,23156,191,15.0,0.150000006,57968,99.98999786,0.379999995,1,99.98999786,84.98999786,31.87000084,Southeast Asia,Ciudad Ho Chi Minh,PENDING,,191,9,,http://images.acmesports.sports/Nike+Men%27s+Free+5.0%2B+Running+Shoe,Nike Men's Free 5.0+ Running Shoe,99.98999786,0,12/7/2015 0:13,Standard Class
139394,TRANSFER,3,4,9.449999809,126.0,Advance shipping,0,24,Women's Apparel,Caguas,Puerto Rico,XXXXXXXXX,Mary,12047,Moody,XXXXXXXXX,Corporate,PR,8233 Grand Beacon Boulevard,725.0,5,Golf,18.28306961,-66.37052918,LATAM,Bajos de Haina,República Dominicana,12047,3/12/2017 19:01,54927,502,24.0,0.159999996,137383,50.0,0.079999998,3,150.0,126.0,9.449999809,Caribbean,San Cristóbal,PENDING,,502,24,,http://images.acmesports.sports/Nike+Men%27s+Dri-FIT+Victory+Golf+Polo,Nike Men's Dri-FIT Victory Golf Polo,50.0,0,3/15/2017 19:01,Standard Class
158959,TRANSFER,6,4,58.5,129.9900055,Late delivery,1,18,Men's Footwear,Caguas,Puerto Rico,XXXXXXXXX,Gloria,7944,Mcneil,XXXXXXXXX,Consumer,PR,1691 Jagged Nectar Corner,725.0,4,Apparel,18.26868439,-66.3705368,Europe,Bari,Italia,7944,9/17/2015 14:31,17785,403,0.0,0.0,44447,129.9900055,0.449999988,1,129.9900055,129.9900055,58.5,Southern Europe,Apulia,PENDING,,403,18,,http://images.acmesports.sports/Nike+Men%27s+CJ+Elite+2+TD+Football+Cleat,Nike Men's CJ Elite 2 TD Football Cleat,129.9900055,0,9/23/2015 14:31,Standard Class
108355,PAYMENT,4,4,104.8600006,227.9600067,Shipping on time,0,17,Cleats,Aurora,EE. UU.,XXXXXXXXX,Amy,8937,Smith,XXXXXXXXX,Consumer,CO,5603 Silver Beacon Cove,80011.0,4,Apparel,39.74662018,-104.8164368,Europe,London,Reino Unido,8937,8/16/2017 17:34,65678,365,12.0,0.050000001,164137,59.99000168,0.460000008,4,239.9600067,227.9600067,104.8600006,Northern Europe,Inglaterra,PENDING_PAYMENT,,365,17,,http://images.acmesports.sports/Perfect+Fitness+Perfect+Rip+Deck,Perfect Fitness Perfect Rip Deck,59.99000168,0,8/20/2017 17:34,Standard Class
29706,PAYMENT,3,2,2.140000105,33.99000168,Late delivery,1,29,Shop By Sport,San Benito,EE. UU.,XXXXXXXXX,Jane,6561,Day,XXXXXXXXX,Corporate,TX,6197 Clear Close,78586.0,5,Golf,26.140728,-97.66805267,Pacific Asia,Hebi,China,6561,1/31/2016 2:25,27067,627,6.0,0.150000006,67824,39.99000168,0.059999999,1,39.99000168,33.99000168,2.140000105,Eastern Asia,Henan,PENDING_PAYMENT,,627,29,,http://images.acmesports.sports/Under+Armour+Girls%27+Toddler+Spine+Surge+Running+Shoe,Under Armour Girls' Toddler Spine Surge Runni,39.99000168,0,2/3/2016 2:25,Second Class
163016,DEBIT,4,4,-896.3599854,331.980011,Shipping on time,0,45,Fishing,Philadelphia,EE. UU.,XXXXXXXXX,Richard,11391,Holland,XXXXXXXXX,Home Office,PA,3867 Velvet Hills Diversion,19139.0,7,Fan Shop,39.95856094,-75.21888733,LATAM,Chinandega,Nicaragua,11391,2/17/2015 23:34,3288,1004,68.0,0.170000002,8182,399.980011,-2.700000048,1,399.980011,331.980011,-896.3599854,Central America,Chinandega,COMPLETE,,1004,45,,http://images.acmesports.sports/Field+%26+Stream+Sportsman+16+Gun+Fire+Safe,Field & Stream Sportsman 16 Gun Fire Safe,399.980011,0,2/21/2015 23:34,Standard Class
40783,DEBIT,3,4,42.25,129.9900055,Advance shipping,0,18,Men's Footwear,Caguas,Puerto Rico,XXXXXXXXX,Melissa,7,Wilcox,XXXXXXXXX,Corporate,PR,9453 High Concession,725.0,4,Apparel,18.35909462,-66.07995606,Europe,Krefeld,Alemania,7,6/25/2017 23:15,62132,403,0.0,0.0,155341,129.9900055,0.330000013,1,129.9900055,129.9900055,42.25,Western Europe,Renania del Norte-Westfalia,ON_HOLD,,403,18,,http://images.acmesports.sports/Nike+Men%27s+CJ+Elite+2+TD+Football+Cleat,Nike Men's CJ Elite 2 TD Football Cleat,129.9900055,0,6/28/2017 23:15,Standard Class
52013,PAYMENT,0,0,36.75,133.6399994,Shipping on time,0,30,Men's Golf Clubs,Caguas,Puerto Rico,XXXXXXXXX,Thomas,4259,Trujillo,XXXXXXXXX,Home Office,PR,465 Rustic Horse Heath,725.0,6,Outdoors,18.2930584,-66.37052918,Europe,Imola,Italia,4259,8/28/2017 3:53,66461,647,1.350000024,0.01,166144,134.9900055,0.280000001,1,134.9900055,133.6399994,36.75,Southern Europe,Emilia-Romaña,PENDING_PAYMENT,,647,30,,http://images.acmesports.sports/Merrell+Women%27s+Siren+Mid+Waterproof+Hiking+Boot,Merrell Women's Siren Mid Waterproof Hiking B,134.9900055,0,8/28/2017 15:53,Same Day
61379,DEBIT,6,4,14.60999966,165.9900055,Late delivery,1,48,Water Sports,Caguas,Puerto Rico,XXXXXXXXX,Brenda,10820,Smith,XXXXXXXXX,Home Office,PR,6764 Blue Pony Farm,725.0,7,Fan Shop,18.29723549,-66.37060547,Europe,London,Reino Unido,10820,6/7/2015 6:36,10775,1073,34.0,0.170000002,26966,199.9900055,0.090000004,1,199.9900055,165.9900055,14.60999966,Northern Europe,Inglaterra,COMPLETE,,1073,48,,http://images.acmesports.sports/Pelican+Sunstream+100+Kayak,Pelican Sunstream 100 Kayak,199.9900055,0,6/13/2015 6:36,Standard Class
103377,PAYMENT,4,4,61.50999832,181.9900055,Shipping on time,0,48,Water Sports,Middletown,EE. UU.,XXXXXXXXX,Mary,9361,Giles,XXXXXXXXX,Home Office,CT,4715 Cotton Anchor Towers,6457.0,7,Fan Shop,40.95835114,-80.56311798,Europe,Middlesbrough,Reino Unido,9361,9/15/2015 18:02,17658,1073,18.0,0.090000004,44115,199.9900055,0.340000004,1,199.9900055,181.9900055,61.50999832,Northern Europe,Inglaterra,PENDING_PAYMENT,,1073,48,,http://images.acmesports.sports/Pelican+Sunstream+100+Kayak,Pelican Sunstream 100 Kayak,199.9900055,0,9/19/2015 18:02,Standard Class
117779,TRANSFER,4,2,58.02999878,120.8899994,Late delivery,1,18,Men's Footwear,Madison,EE. UU.,XXXXXXXXX,Mary,4041,Santiago,XXXXXXXXX,Consumer,WI,3369 Hazy Beacon By-pass,53704.0,4,Apparel,43.09559631,-89.35118866,Africa,Casablanca,Marruecos,4041,12/13/2016 20:01,48833,403,9.100000381,0.07,122126,129.9900055,0.479999989,1,129.9900055,120.8899994,58.02999878,North Africa,Gran Casablanca,PENDING,,403,18,,http://images.acmesports.sports/Nike+Men%27s+CJ+Elite+2+TD+Football+Cleat,Nike Men's CJ Elite 2 TD Football Cleat,129.9900055,0,12/17/2016 20:01,Second Class
36172,PAYMENT,1,0,-367.2000122,144.0,Late delivery,1,24,Women's Apparel,Chicago,EE. UU.,XXXXXXXXX,Nicholas,5914,Smith,XXXXXXXXX,Consumer,IL,3907 Emerald Rise,60629.0,5,Golf,41.89511871,-87.72403717,Pacific Asia,Gaya,India,5914,3/5/2016 20:56,29449,502,6.0,0.039999999,73673,50.0,-2.549999952,3,150.0,144.0,-367.2000122,South Asia,Bihar,PENDING_PAYMENT,,502,24,,http://images.acmesports.sports/Nike+Men%27s+Dri-FIT+Victory+Golf+Polo,Nike Men's Dri-FIT Victory Golf Polo,50.0,0,3/6/2016 8:56,Same Day
64251,DEBIT,6,2,85.48999786,284.980011,Late delivery,1,43,Camping & Hiking,Carson,EE. UU.,XXXXXXXXX,Patricia,8016,Smith,XXXXXXXXX,Consumer,CA,2905 Quiet River Trail,90745.0,7,Fan Shop,33.83177567,-118.2174606,Europe,Vincennes,Francia,8016,9/23/2015 10:39,18185,957,15.0,0.050000001,45460,299.980011,0.300000012,1,299.980011,284.980011,85.48999786,Western Europe,Isla de Francia,COMPLETE,,957,43,,http://images.acmesports.sports/Diamondback+Women%27s+Serene+Classic+Comfort+Bike+2014,Diamondback Women's Serene Classic Comfort Bi,299.980011,0,9/29/2015 10:39,Second Class
135761,TRANSFER,6,4,30.36000061,97.0,Shipping canceled,0,24,Women's Apparel,West Covina,EE. UU.,XXXXXXXXX,Mary,878,Smith,XXXXXXXXX,Consumer,CA,2287 Thunder Pony Nook,91790.0,5,Golf,34.07167816,-117.9440765,Pacific Asia,Hubli,India,878,12/19/2015 10:43,24145,502,3.0,0.029999999,60413,50.0,0.310000002,2,100.0,97.0,30.36000061,South Asia,Karnataka,SUSPECTED_FRAUD,,502,24,,http://images.acmesports.sports/Nike+Men%27s+Dri-FIT+Victory+Golf+Polo,Nike Men's Dri-FIT Victory Golf Polo,50.0,0,12/25/2015 10:43,Standard Class
92026,PAYMENT,6,4,106.5800018,226.7599945,Late delivery,1,17,Cleats,Caguas,Puerto Rico,XXXXXXXXX,Jacob,7250,Smith,XXXXXXXXX,Corporate,PR,4317 Emerald Bay,725.0,4,Apparel,18.23432159,-66.37049866,LATAM,Monterrey,México,7250,3/23/2017 1:18,55630,365,13.19999981,0.059999999,139131,59.99000168,0.469999999,4,239.9600067,226.7599945,106.5800018,Central America,Nuevo León,PENDING_PAYMENT,,365,17,,http://images.acmesports.sports/Perfect+Fitness+Perfect+Rip+Deck,Perfect Fitness Perfect Rip Deck,59.99000168,0,3/29/2017 1:18,Standard Class
98108,DEBIT,2,2,82.0699997,170.9700012,Shipping on time,0,17,Cleats,Newark,EE. UU.,XXXXXXXXX,Roy,3216,Watts,XXXXXXXXX,Home Office,NJ,1356 Bright Lagoon Trail,7105.0,4,Apparel,40.72727966,-74.15975189,Pacific Asia,Renqiu,China,3216,12/10/2015 22:07,23561,365,9.0,0.050000001,58934,59.99000168,0.479999989,3,179.9700012,170.9700012,82.0699997,Eastern Asia,Hebei,COMPLETE,,365,17,,http://images.acmesports.sports/Perfect+Fitness+Perfect+Rip+Deck,Perfect Fitness Perfect Rip Deck,59.99000168,0,12/12/2015 22:07,Second Class
107500,DEBIT,0,0,38.34999847,139.4400024,Shipping on time,0,46,Indoor/Outdoor Games,Caguas,Puerto Rico,XXXXXXXXX,Justin,8867,Bonilla,XXXXXXXXX,Consumer,PR,2422 Indian Autumn Arbor,725.0,7,Fan Shop,18.20167542,-66.37051392,LATAM,Cumaná,Venezuela,8867,2/18/2017 4:41,53379,1014,10.5,0.07,133371,49.97999954,0.280000001,3,149.9400024,139.4400024,38.34999847,South America,Sucre,ON_HOLD,,1014,46,,http://images.acmesports.sports/O%27Brien+Men%27s+Neoprene+Life+Vest,O'Brien Men's Neoprene Life Vest,49.97999954,0,2/18/2017 16:41,Same Day
82707,DEBIT,2,4,16.37999916,36.38999939,Advance shipping,0,29,Shop By Sport,Loveland,EE. UU.,XXXXXXXXX,Mary,3728,Smith,XXXXXXXXX,Consumer,OH,9524 Rocky Loop,45140.0,5,Golf,39.29779434,-84.28598023,Europe,Viena,Austria,3728,10/21/2016 17:49,45196,627,3.599999905,0.090000004,112904,39.99000168,0.449999988,1,39.99000168,36.38999939,16.37999916,Western Europe,Viena,COMPLETE,,627,29,,http://images.acmesports.sports/Under+Armour+Girls%27+Toddler+Spine+Surge+Running+Shoe,Under Armour Girls' Toddler Spine Surge Runni,39.99000168,0,10/23/2016 17:49,Standard Class
126146,PAYMENT,2,2,-2.700000048,207.5,Shipping on time,0,24,Women's Apparel,Caguas,Puerto Rico,XXXXXXXXX,William,1858,Greene,XXXXXXXXX,Consumer,PR,2472 Noble Butterfly Dell,725.0,5,Golf,18.27356339,-66.37054443,Europe,Swindon,Reino Unido,1858,6/16/2015 8:10,11396,502,42.5,0.170000002,28495,50.0,-0.01,5,250.0,207.5,-2.700000048,Northern Europe,Inglaterra,PENDING_PAYMENT,,502,24,,http://images.acmesports.sports/Nike+Men%27s+Dri-FIT+Victory+Golf+Polo,Nike Men's Dri-FIT Victory Golf Polo,50.0,0,6/18/2015 8:10,Second Class
16103,CASH,1,0,-42.68000031,484.9500122,Late delivery,1,9,Cardio Equipment,Hilliard,EE. UU.,XXXXXXXXX,Kathy,2289,Smith,XXXXXXXXX,Consumer,OH,9235 Red Crossing,43026.0,3,Footwear,40.03102875,-83.13726807,LATAM,Campeche,México,2289,5/7/2017 19:38,58765,191,15.0,0.029999999,147096,99.98999786,-0.090000004,5,499.9500122,484.9500122,-42.68000031,Central America,Campeche,CLOSED,,191,9,,http://images.acmesports.sports/Nike+Men%27s+Free+5.0%2B+Running+Shoe,Nike Men's Free 5.0+ Running Shoe,99.98999786,0,5/8/2017 7:38,Same Day
61896,PAYMENT,2,4,56.34000015,179.9900055,Advance shipping,0,48,Water Sports,Lompoc,EE. UU.,XXXXXXXXX,Mary,11095,Smith,XXXXXXXXX,Consumer,CA,490 Sleepy Circuit,93436.0,7,Fan Shop,34.63889694,-120.453064,LATAM,David,Panamá,11095,5/4/2015 22:25,8491,1073,20.0,0.100000001,21205,199.9900055,0.310000002,1,199.9900055,179.9900055,56.34000015,Central America,Chiriquí,PENDING_PAYMENT,,1073,48,,http://images.acmesports.sports/Pelican+Sunstream+100+Kayak,Pelican Sunstream 100 Kayak,199.9900055,0,5/6/2015 22:25,Standard Class
157652,TRANSFER,5,2,43.06000137,127.3899994,Late delivery,1,18,Men's Footwear,Caguas,Puerto Rico,XXXXXXXXX,Mary,6360,Phillips,XXXXXXXXX,Consumer,PR,7094 Misty Wynd,725.0,4,Apparel,18.22297287,-66.37059021,Europe,Ufa,Rusia,6360,12/11/2016 12:19,48674,403,2.599999905,0.02,121720,129.9900055,0.340000004,1,129.9900055,127.3899994,43.06000137,Eastern Europe,Bashkortostán,PROCESSING,,403,18,,http://images.acmesports.sports/Nike+Men%27s+CJ+Elite+2+TD+Football+Cleat,Nike Men's CJ Elite 2 TD Football Cleat,129.9900055,0,12/16/2016 12:19,Second Class
115147,PAYMENT,2,1,172.7899933,383.980011,Late delivery,1,45,Fishing,Caguas,Puerto Rico,XXXXXXXXX,Mary,7158,Todd,XXXXXXXXX,Consumer,PR,3068 Indian Quail Cove,725.0,7,Fan Shop,18.2845993,-66.3706131,Europe,Toulouse,Francia,7158,9/20/2017 10:41,68056,1004,16.0,0.039999999,170144,399.980011,0.449999988,1,399.980011,383.980011,172.7899933,Western Europe,Languedoc-Rosellón-Mediodía-Pirineos,PENDING_PAYMENT,,1004,45,,http://images.acmesports.sports/Field+%26+Stream+Sportsman+16+Gun+Fire+Safe,Field & Stream Sportsman 16 Gun Fire Safe,399.980011,0,9/22/2017 10:41,First Class
172348,CASH,2,1,37.75,103.9899979,Late delivery,1,18,Men's Footwear,Caguas,Puerto Rico,XXXXXXXXX,Lauren,8471,Smith,XXXXXXXXX,Consumer,PR,7017 Sunny Falls,725.0,4,Apparel,18.25634766,-66.37056732,Europe,Dniprodzerzhyns'k,Ucrania,8471,10/2/2016 1:54,43849,403,26.0,0.200000003,109514,129.9900055,0.360000014,1,129.9900055,103.9899979,37.75,Eastern Europe,Dnipropetrovsk,CLOSED,,403,18,,http://images.acmesports.sports/Nike+Men%27s+CJ+Elite+2+TD+Football+Cleat,Nike Men's CJ Elite 2 TD Football Cleat,129.9900055,0,10/4/2016 1:54,First Class
50455,DEBIT,3,4,35.61999893,122.8399963,Advance shipping,0,18,Men's Footwear,Cupertino,EE. UU.,XXXXXXXXX,Randy,5999,Smith,XXXXXXXXX,Corporate,CA,9174 Umber Robin Knoll,95014.0,4,Apparel,38.41194153,-121.358139,Europe,Paris,Francia,5999,8/31/2017 12:49,66692,403,7.150000095,0.059999999,166703,129.9900055,0.289999992,1,129.9900055,122.8399963,35.61999893,Western Europe,Isla de Francia,COMPLETE,,403,18,,http://images.acmesports.sports/Nike+Men%27s+CJ+Elite+2+TD+Football+Cleat,Nike Men's CJ Elite 2 TD Football Cleat,129.9900055,0,9/3/2017 12:49,Standard Class
161600,TRANSFER,6,4,112.7399979,234.8699951,Late delivery,1,12,Boxing & MMA,Caguas,Puerto Rico,XXXXXXXXX,Mary,1364,Kirk,XXXXXXXXX,Consumer,PR,9696 Rocky Terrace,725.0,3,Footwear,18.20247269,-66.37059021,Europe,Granada,España,1364,8/29/2017 0:34,66520,251,35.09999847,0.129999995,166279,89.98999786,0.479999989,3,269.9700012,234.8699951,112.7399979,Southern Europe,Andalucía,PROCESSING,,251,12,,http://images.acmesports.sports/Brooks+Women%27s+Ghost+6+Running+Shoe,Brooks Women's Ghost 6 Running Shoe,89.98999786,0,9/4/2017 0:34,Standard Class
39858,DEBIT,5,2,35.13000107,103.9199982,Late delivery,1,11,Fitness Accessories,Caguas,Puerto Rico,XXXXXXXXX,Mary,6025,Smith,XXXXXXXXX,Corporate,PR,8734 Dewy Expressway,725.0,3,Footwear,18.21073151,-66.37051392,Europe,Zurich,Suiza,6025,6/20/2015 21:50,11709,235,1.049999952,0.01,29281,34.99000168,0.340000004,3,104.9700012,103.9199982,35.13000107,Western Europe,Zúrich,COMPLETE,,235,11,,http://images.acmesports.sports/Under+Armour+Hustle+Storm+Medium+Duffle+Bag,Under Armour Hustle Storm Medium Duffle Bag,34.99000168,0,6/25/2015 21:50,Second Class
119314,TRANSFER,5,2,29.25,112.5,Late delivery,1,24,Women's Apparel,Columbus,EE. UU.,XXXXXXXXX,Mary,7753,Smith,XXXXXXXXX,Consumer,OH,5951 Gentle Arbor,43228.0,5,Golf,39.93561935,-83.13851166,LATAM,Valles,México,7753,3/19/2015 1:07,5279,502,37.5,0.25,13186,50.0,0.25999999,3,150.0,112.5,29.25,Central America,San Luis Potosí,PENDING,,502,24,,http://images.acmesports.sports/Nike+Men%27s+Dri-FIT+Victory+Golf+Polo,Nike Men's Dri-FIT Victory Golf Polo,50.0,0,3/24/2015 1:07,Second Class
6525,PAYMENT,2,4,61.86999893,181.9799957,Advance shipping,0,9,Cardio Equipment,Caguas,Puerto Rico,XXXXXXXXX,Robert,11261,Smith,XXXXXXXXX,Home Office,PR,6599 Emerald Anchor Mall ,725.0,3,Footwear,18.24364471,-66.37060547,USCA,Seattle,Estados Unidos,11261,7/21/2016 6:23,38861,191,18.0,0.090000004,97025,99.98999786,0.340000004,2,199.9799957,181.9799957,61.86999893,West of USA ,Washington,PENDING_PAYMENT,98103.0,191,9,,http://images.acmesports.sports/Nike+Men%27s+Free+5.0%2B+Running+Shoe,Nike Men's Free 5.0+ Running Shoe,99.98999786,0,7/23/2016 6:23,Standard Class
99492,PAYMENT,4,4,-376.5,139.4400024,Shipping on time,0,46,Indoor/Outdoor Games,Aurora,EE. UU.,XXXXXXXXX,Ryan,2845,Collins,XXXXXXXXX,Consumer,CO,3497 Quiet Bear Towers,80012.0,7,Fan Shop,39.65368652,-104.8682022,USCA,Nashville,Estados Unidos,2845,8/6/2016 18:58,39993,1014,10.5,0.07,99795,49.97999954,-2.700000048,3,149.9400024,139.4400024,-376.5,South of  USA ,Tennessee,PENDING_PAYMENT,37211.0,1014,46,,http://images.acmesports.sports/O%27Brien+Men%27s+Neoprene+Life+Vest,O'Brien Men's Neoprene Life Vest,49.97999954,0,8/10/2016 18:58,Standard Class
71844,TRANSFER,5,2,3.569999933,357.1000061,Late delivery,1,63,Children's Clothing,Rowland Heights,EE. UU.,XXXXXXXXX,Ainsley,13537,Nicholson,XXXXXXXXX,Corporate,CA,9800 Lazy Fox Isle,91748.0,4,Apparel,34.00062561,-117.9077301,Europe,Ulm,Alemania,13537,10/18/2017 14:09,69984,1350,0.0,0.0,173299,357.1000061,0.01,1,357.1000061,357.1000061,3.569999933,Western Europe,Baden-Wurtemberg,PROCESSING,,1350,63,,http://images.acmesports.sports/Children+heaters,Children's heaters,357.1000061,0,10/23/2017 14:09,Second Class
117416,TRANSFER,0,0,31.97999954,106.5899963,Shipping on time,0,18,Men's Footwear,San Diego,EE. UU.,XXXXXXXXX,Mary,11778,Smith,XXXXXXXXX,Consumer,CA,5721 Fallen Pony Cove,92129.0,4,Apparel,32.7514801,-117.1934433,Pacific Asia,Gold Coast,Australia,11778,2/29/2016 9:55,29075,403,23.39999962,0.180000007,72743,129.9900055,0.300000012,1,129.9900055,106.5899963,31.97999954,Oceania,Queensland,PROCESSING,,403,18,,http://images.acmesports.sports/Nike+Men%27s+CJ+Elite+2+TD+Football+Cleat,Nike Men's CJ Elite 2 TD Football Cleat,129.9900055,0,2/29/2016 21:55,Same Day
56455,DEBIT,4,4,34.65000153,197.9900055,Shipping on time,0,48,Water Sports,Salt Lake City,EE. UU.,XXXXXXXXX,Mary,9152,Martinez,XXXXXXXXX,Consumer,UT,3462 Noble Hills Close,84120.0,7,Fan Shop,40.76031113,-111.8882217,LATAM,Poza Rica de Hidalgo,México,9152,2/4/2017 23:16,52473,1073,2.0,0.01,131148,199.9900055,0.180000007,1,199.9900055,197.9900055,34.65000153,Central America,Veracruz,COMPLETE,,1073,48,,http://images.acmesports.sports/Pelican+Sunstream+100+Kayak,Pelican Sunstream 100 Kayak,199.9900055,0,2/8/2017 23:16,Standard Class
8449,DEBIT,5,4,10.30000019,116.9899979,Late delivery,1,18,Men's Footwear,Aurora,EE. UU.,XXXXXXXXX,Gregory,10484,Carroll,XXXXXXXXX,Corporate,IL,5213 Noble Bluff Grounds,60506.0,4,Apparel,39.49591446,-98.98998261,USCA,Columbus,Estados Unidos,10484,4/26/2016 13:09,32989,403,13.0,0.100000001,82504,129.9900055,0.090000004,1,129.9900055,116.9899979,10.30000019,East of USA,Ohio,COMPLETE,43229.0,403,18,,http://images.acmesports.sports/Nike+Men%27s+CJ+Elite+2+TD+Football+Cleat,Nike Men's CJ Elite 2 TD Football Cleat,129.9900055,0,5/1/2016 13:09,Standard Class
152835,PAYMENT,2,1,-254.6300049,331.980011,Late delivery,1,45,Fishing,Caguas,Puerto Rico,XXXXXXXXX,Kathryn,9588,Smith,XXXXXXXXX,Corporate,PR,849 Noble Apple Private,725.0,7,Fan Shop,18.24006271,-66.37051392,USCA,Fairfield,Estados Unidos,9588,4/29/2016 10:11,33186,1004,68.0,0.170000002,82954,399.980011,-0.769999981,1,399.980011,331.980011,-254.6300049,East of USA,Ohio,PENDING_PAYMENT,45014.0,1004,45,,http://images.acmesports.sports/Field+%26+Stream+Sportsman+16+Gun+Fire+Safe,Field & Stream Sportsman 16 Gun Fire Safe,399.980011,0,5/1/2016 10:11,First Class
137347,CASH,4,4,56.3199997,319.980011,Shipping on time,0,45,Fishing,Caguas,Puerto Rico,XXXXXXXXX,Mary,8805,Smith,XXXXXXXXX,Consumer,PR,6499 Indian Run,725.0,7,Fan Shop,18.25354576,-66.37059021,LATAM,La Ceiba,Honduras,8805,6/2/2017 8:02,60513,1004,80.0,0.200000003,151456,399.980011,0.180000007,1,399.980011,319.980011,56.3199997,Central America,Atlántida,CLOSED,,1004,45,,http://images.acmesports.sports/Field+%26+Stream+Sportsman+16+Gun+Fire+Safe,Field & Stream Sportsman 16 Gun Fire Safe,399.980011,0,6/6/2017 8:02,Standard Class
50376,DEBIT,6,4,0.0,128.6900024,Late delivery,1,18,Men's Footwear,Saint Louis,EE. UU.,XXXXXXXXX,Cynthia,10843,Myers,XXXXXXXXX,Corporate,MO,1034 Dusty Pine Green,63136.0,4,Apparel,38.63608551,-90.34693146,Europe,Hattingen,Alemania,10843,6/2/2015 18:00,10465,403,1.299999952,0.01,26210,129.9900055,0.0,1,129.9900055,128.6900024,0.0,Western Europe,Renania del Norte-Westfalia,COMPLETE,,403,18,,http://images.acmesports.sports/Nike+Men%27s+CJ+Elite+2+TD+Football+Cleat,Nike Men's CJ Elite 2 TD Football Cleat,129.9900055,0,6/8/2015 18:00,Standard Class
129538,DEBIT,6,4,-22.51000023,199.1699982,Late delivery,1,17,Cleats,Fort Lauderdale,EE. UU.,XXXXXXXXX,Lisa,1578,Harper,XXXXXXXXX,Consumer,FL,6876 Heather Canyon,33313.0,4,Apparel,26.15128136,-80.21017456,Africa,Beira,Mozambique,1578,12/31/2016 2:07,50015,365,40.79000092,0.170000002,125042,59.99000168,-0.109999999,4,239.9600067,199.1699982,-22.51000023,East Africa,Sofala,COMPLETE,,365,17,,http://images.acmesports.sports/Perfect+Fitness+Perfect+Rip+Deck,Perfect Fitness Perfect Rip Deck,59.99000168,0,1/6/2017 2:07,Standard Class
156273,TRANSFER,2,1,21.38999939,45.5,Late delivery,1,24,Women's Apparel,Caguas,Puerto Rico,XXXXXXXXX,Zachary,11237,Watkins,XXXXXXXXX,Consumer,PR,431 Clear Rabbit Avenue,725.0,5,Golf,18.28036499,-66.37050629,LATAM,Durango,México,11237,5/3/2015 22:36,8423,502,4.5,0.090000004,21034,50.0,0.469999999,1,50.0,45.5,21.38999939,Central America,Durango,PROCESSING,,502,24,,http://images.acmesports.sports/Nike+Men%27s+Dri-FIT+Victory+Golf+Polo,Nike Men's Dri-FIT Victory Golf Polo,50.0,0,5/5/2015 22:36,First Class
125768,PAYMENT,6,2,10.80000019,107.9800034,Late delivery,1,17,Cleats,Caguas,Puerto Rico,XXXXXXXXX,Mary,9044,Smith,XXXXXXXXX,Consumer,PR,1207 Amber Horse Grounds,725.0,4,Apparel,18.2033844,-66.37054443,LATAM,Juazeiro,Brasil,9044,1/3/2015 5:57,155,365,12.0,0.100000001,366,59.99000168,0.100000001,2,119.9800034,107.9800034,10.80000019,South America,Bahía,PENDING_PAYMENT,,365,17,,http://images.acmesports.sports/Perfect+Fitness+Perfect+Rip+Deck,Perfect Fitness Perfect Rip Deck,59.99000168,0,1/9/2015 5:57,Second Class
306,DEBIT,4,4,-115.4199982,484.9500122,Shipping on time,0,9,Cardio Equipment,Kenner,EE. UU.,XXXXXXXXX,Diane,11229,Smith,XXXXXXXXX,Consumer,LA,8768 Shady Arbor,70065.0,3,Footwear,30.0380249,-90.25691986,Europe,Gien,Francia,11229,9/5/2017 10:32,67028,191,15.0,0.029999999,167556,99.98999786,-0.239999995,5,499.9500122,484.9500122,-115.4199982,Western Europe,Centro-Valle de Loira,COMPLETE,,191,9,,http://images.acmesports.sports/Nike+Men%27s+Free+5.0%2B+Running+Shoe,Nike Men's Free 5.0+ Running Shoe,99.98999786,0,9/9/2017 10:32,Standard Class
51324,CASH,3,2,13.02000046,115.1900024,Late delivery,1,32,Golf Apparel,Caguas,Puerto Rico,XXXXXXXXX,Beverly,1198,Tate,XXXXXXXXX,Consumer,PR,6580 Wishing Orchard,725.0,6,Outdoors,18.21393585,-66.37059784,Europe,Brescia,Italia,1198,8/14/2017 2:09,65497,705,4.800000191,0.039999999,163708,119.9899979,0.109999999,1,119.9899979,115.1900024,13.02000046,Southern Europe,Lombardía,CLOSED,,705,32,,http://images.acmesports.sports/Cleveland+Golf+Women%27s+588+RTX+CB+Satin+Chrome+Wedge,Cleveland Golf Women's 588 RTX CB Satin Chrom,119.9899979,0,8/17/2017 2:09,Second Class
87639,PAYMENT,2,4,32.16999817,128.6900024,Advance shipping,0,18,Men's Footwear,Westland,EE. UU.,XXXXXXXXX,Julia,4175,Smith,XXXXXXXXX,Consumer,MI,9847 Old Autumn Chase,48185.0,4,Apparel,42.33019257,-83.39046478,LATAM,Valinhos,Brasil,4175,6/7/2017 16:58,60881,403,1.299999952,0.01,152337,129.9900055,0.25,1,129.9900055,128.6900024,32.16999817,South America,São Paulo,PENDING_PAYMENT,,403,18,,http://images.acmesports.sports/Nike+Men%27s+CJ+Elite+2+TD+Football+Cleat,Nike Men's CJ Elite 2 TD Football Cleat,129.9900055,0,6/9/2017 16:58,Standard Class
99431,PAYMENT,6,4,72.47000122,249.8999939,Late delivery,1,46,Indoor/Outdoor Games,Caguas,Puerto Rico,XXXXXXXXX,Mary,10740,Garner,XXXXXXXXX,Consumer,PR,6412 Noble River Private,725.0,7,Fan Shop,18.27012634,-66.37057495,USCA,San Diego,Estados Unidos,10740,8/10/2016 11:15,40245,1014,0.0,0.0,100422,49.97999954,0.289999992,5,249.8999939,249.8999939,72.47000122,West of USA ,California,PENDING_PAYMENT,92037.0,1014,46,,http://images.acmesports.sports/O%27Brien+Men%27s+Neoprene+Life+Vest,O'Brien Men's Neoprene Life Vest,49.97999954,0,8/16/2016 11:15,Standard Class
161552,TRANSFER,5,4,107.9899979,224.9799957,Late delivery,1,9,Cardio Equipment,Caguas,Puerto Rico,XXXXXXXXX,Mary,2291,Mcdonald,XXXXXXXXX,Consumer,PR,2291 Velvet Berry Freeway,725.0,3,Footwear,18.20957184,-66.37057495,Europe,Eastbourne,Reino Unido,2291,8/14/2017 11:37,65524,191,74.98999786,0.25,163768,99.98999786,0.479999989,3,299.9700012,224.9799957,107.9899979,Northern Europe,Inglaterra,PENDING,,191,9,,http://images.acmesports.sports/Nike+Men%27s+Free+5.0%2B+Running+Shoe,Nike Men's Free 5.0+ Running Shoe,99.98999786,0,8/19/2017 11:37,Standard Class
133961,TRANSFER,4,4,55.61000061,120.8899994,Shipping on time,0,18,Men's Footwear,Morrisville,EE. UU.,XXXXXXXXX,Walter,2534,Smith,XXXXXXXXX,Consumer,PA,3815 Gentle Vale,19067.0,4,Apparel,40.20738983,-74.79347992,Pacific Asia,Hyderabad,India,2534,2/9/2016 23:15,27743,403,9.100000381,0.07,69463,129.9900055,0.460000008,1,129.9900055,120.8899994,55.61000061,South Asia,Telangana,PENDING,,403,18,,http://images.acmesports.sports/Nike+Men%27s+CJ+Elite+2+TD+Football+Cleat,Nike Men's CJ Elite 2 TD Football Cleat,129.9900055,0,2/13/2016 23:15,Standard Class
115110,PAYMENT,6,2,77.59999847,387.980011,Late delivery,1,45,Fishing,Caguas,Puerto Rico,XXXXXXXXX,Johnny,3565,Johnson,XXXXXXXXX,Corporate,PR,3610 Merry Acres,725.0,7,Fan Shop,18.22647286,-66.37056732,Europe,Abbeville,Francia,3565,9/22/2017 2:38,68170,1004,12.0,0.029999999,170443,399.980011,0.200000003,1,399.980011,387.980011,77.59999847,Western Europe,Norte-Paso de Calais-Picardía,PENDING_PAYMENT,,1004,45,,http://images.acmesports.sports/Field+%26+Stream+Sportsman+16+Gun+Fire+Safe,Field & Stream Sportsman 16 Gun Fire Safe,399.980011,0,9/28/2017 2:38,Second Class
19031,PAYMENT,2,1,15.64999962,50.0,Late delivery,1,24,Women's Apparel,Spokane,EE. UU.,XXXXXXXXX,Mary,12369,Martinez,XXXXXXXXX,Consumer,WA,6449 Merry Lagoon Drive,99205.0,5,Golf,47.71038818,-117.418541,USCA,Chicago,Estados Unidos,12369,8/17/2016 15:17,40736,502,0.0,0.0,101635,50.0,0.310000002,1,50.0,50.0,15.64999962,US Center ,Illinois,PENDING_PAYMENT,60623.0,502,24,,http://images.acmesports.sports/Nike+Men%27s+Dri-FIT+Victory+Golf+Polo,Nike Men's Dri-FIT Victory Golf Polo,50.0,0,8/19/2016 15:17,First Class
83484,DEBIT,6,4,8.699999809,86.98999786,Late delivery,1,9,Cardio Equipment,Colorado Springs,EE. UU.,XXXXXXXXX,Mary,1333,Massey,XXXXXXXXX,Consumer,CO,9862 Umber Horse Townline,80906.0,3,Footwear,38.77690125,-104.8097305,LATAM,Chihuahua,México,1333,2/27/2015 10:15,3935,191,13.0,0.129999995,9777,99.98999786,0.100000001,1,99.98999786,86.98999786,8.699999809,Central America,Chihuahua,COMPLETE,,191,9,,http://images.acmesports.sports/Nike+Men%27s+Free+5.0%2B+Running+Shoe,Nike Men's Free 5.0+ Running Shoe,99.98999786,0,3/5/2015 10:15,Standard Class
138717,DEBIT,6,4,68.0,399.980011,Late delivery,1,45,Fishing,Caguas,Puerto Rico,XXXXXXXXX,Mary,3621,West,XXXXXXXXX,Consumer,PR,4922 Heather Gate Stead,725.0,7,Fan Shop,18.22356415,-66.37060547,LATAM,Chimaltenango,Guatemala,3621,3/14/2017 7:06,55030,1004,0.0,0.0,137634,399.980011,0.170000002,1,399.980011,399.980011,68.0,Central America,Chimaltenango,ON_HOLD,,1004,45,,http://images.acmesports.sports/Field+%26+Stream+Sportsman+16+Gun+Fire+Safe,Field & Stream Sportsman 16 Gun Fire Safe,399.980011,0,3/20/2017 7:06,Standard Class
12172,DEBIT,5,2,115.5999985,245.9600067,Late delivery,1,17,Cleats,Caguas,Puerto Rico,XXXXXXXXX,Mary,3709,Padilla,XXXXXXXXX,Consumer,PR,4555 Amber Apple Cape,725.0,4,Apparel,18.2968502,-66.37062836,Europe,Viena,Austria,3709,7/11/2015 18:49,13139,365,53.99000168,0.180000007,32868,59.99000168,0.469999999,5,299.9500122,245.9600067,115.5999985,Western Europe,Viena,COMPLETE,,365,17,,http://images.acmesports.sports/Perfect+Fitness+Perfect+Rip+Deck,Perfect Fitness Perfect Rip Deck,59.99000168,0,7/16/2015 18:49,Second Class
179569,TRANSFER,5,4,-12.96000004,103.7099991,Late delivery,1,40,Accessories,Caguas,Puerto Rico,XXXXXXXXX,Jean,5357,Smith,XXXXXXXXX,Consumer,PR,8908 Lazy By-pass,725.0,6,Outdoors,18.27658463,-66.3706131,Europe,Herten,Alemania,5357,6/24/2015 15:10,11964,885,21.23999977,0.170000002,29892,24.98999977,-0.129999995,5,124.9499969,103.7099991,-12.96000004,Western Europe,Renania del Norte-Westfalia,PROCESSING,,885,40,,http://images.acmesports.sports/Team+Golf+St.+Louis+Cardinals+Putter+Grip,Team Golf St. Louis Cardinals Putter Grip,24.98999977,0,6/29/2015 15:10,Standard Class
113136,DEBIT,5,2,1.639999986,81.97000122,Late delivery,1,46,Indoor/Outdoor Games,Spring Valley,EE. UU.,XXXXXXXXX,Doris,12292,May,XXXXXXXXX,Consumer,CA,7291 Thunder Hills Knoll,91977.0,7,Fan Shop,32.71469498,-117.003624,Africa,Harare,Zimbabue,12292,10/2/2016 22:55,43909,1014,17.98999977,0.180000007,109676,49.97999954,0.02,2,99.95999908,81.97000122,1.639999986,East Africa,Harare,ON_HOLD,,1014,46,,http://images.acmesports.sports/O%27Brien+Men%27s+Neoprene+Life+Vest,O'Brien Men's Neoprene Life Vest,49.97999954,0,10/7/2016 22:55,Second Class
17590,CASH,2,1,-53.58000183,284.980011,Late delivery,1,43,Camping & Hiking,Chicago,EE. UU.,XXXXXXXXX,Mary,4657,Shaw,XXXXXXXXX,Corporate,IL,4388 Burning Goose Ridge,60619.0,7,Fan Shop,41.89527512,-87.73571014,USCA,Houston,Estados Unidos,4657,6/2/2016 0:40,35488,957,15.0,0.050000001,88642,299.980011,-0.189999998,1,299.980011,284.980011,-53.58000183,US Center ,Texas,CLOSED,77070.0,957,43,,http://images.acmesports.sports/Diamondback+Women%27s+Serene+Classic+Comfort+Bike+2014,Diamondback Women's Serene Classic Comfort Bi,299.980011,0,6/4/2016 0:40,First Class
57837,DEBIT,3,4,-71.38999939,299.9500122,Advance shipping,0,17,Cleats,Caguas,Puerto Rico,XXXXXXXXX,Mary,1371,Smith,XXXXXXXXX,Consumer,PR,1463 Silent Expressway,725.0,4,Apparel,18.2939949,-66.37059784,Europe,Minden,Alemania,1371,7/23/2015 17:24,13957,365,0.0,0.0,34921,59.99000168,-0.239999995,5,299.9500122,299.9500122,-71.38999939,Western Europe,Renania del Norte-Westfalia,COMPLETE,,365,17,,http://images.acmesports.sports/Perfect+Fitness+Perfect+Rip+Deck,Perfect Fitness Perfect Rip Deck,59.99000168,0,7/26/2015 17:24,Standard Class
178778,DEBIT,2,1,4.25,212.4199982,Late delivery,1,46,Indoor/Outdoor Games,Chicago,EE. UU.,XXXXXXXXX,Jacob,1901,Smith,XXXXXXXXX,Consumer,IL,8259 Foggy Edge,60625.0,7,Fan Shop,41.97568893,-87.69367981,LATAM,Matehuala,México,1901,4/15/2015 18:25,7178,1014,37.49000168,0.150000006,17976,49.97999954,0.02,5,249.8999939,212.4199982,4.25,Central America,San Luis Potosí,COMPLETE,,1014,46,,http://images.acmesports.sports/O%27Brien+Men%27s+Neoprene+Life+Vest,O'Brien Men's Neoprene Life Vest,49.97999954,0,4/17/2015 18:25,First Class
108428,PAYMENT,5,4,7.440000057,148.7599945,Late delivery,1,29,Shop By Sport,Scottsdale,EE. UU.,XXXXXXXXX,Mary,5481,Hall,XXXXXXXXX,Consumer,AZ,8340 Misty Anchor Private,85254.0,5,Golf,33.59082031,-111.9261398,Europe,Wuppertal,Alemania,5481,10/8/2015 16:25,19229,627,11.19999981,0.07,48050,39.99000168,0.050000001,4,159.9600067,148.7599945,7.440000057,Western Europe,Renania del Norte-Westfalia,PENDING_PAYMENT,,627,29,,http://images.acmesports.sports/Under+Armour+Girls%27+Toddler+Spine+Surge+Running+Shoe,Under Armour Girls' Toddler Spine Surge Runni,39.99000168,0,10/13/2015 16:25,Standard Class
79001,PAYMENT,3,2,91.13999939,185.9900055,Late delivery,1,48,Water Sports,Caguas,Puerto Rico,XXXXXXXXX,Mary,7695,Brown,XXXXXXXXX,Consumer,PR,2905 Sleepy Route,725.0,7,Fan Shop,18.20601463,-66.37054443,USCA,Philadelphia,Estados Unidos,7695,6/13/2016 23:36,36307,1073,14.0,0.07,90649,199.9900055,0.49000001,1,199.9900055,185.9900055,91.13999939,East of USA,Pensilvania,PENDING_PAYMENT,19134.0,1073,48,,http://images.acmesports.sports/Pelican+Sunstream+100+Kayak,Pelican Sunstream 100 Kayak,199.9900055,0,6/16/2016 23:36,Second Class
70978,TRANSFER,2,1,76.54000092,283.4700012,Late delivery,1,9,Cardio Equipment,Oxnard,EE. UU.,XXXXXXXXX,Elizabeth,3137,Smith,XXXXXXXXX,Corporate,CA,8874 Harvest Hills Grove,93033.0,3,Footwear,34.15459442,-119.1787262,LATAM,Puerto Padre,Cuba,3137,1/18/2015 2:15,1172,191,16.5,0.059999999,2912,99.98999786,0.270000011,3,299.9700012,283.4700012,76.54000092,Caribbean,Las Tunas,PENDING,,191,9,,http://images.acmesports.sports/Nike+Men%27s+Free+5.0%2B+Running+Shoe,Nike Men's Free 5.0+ Running Shoe,99.98999786,0,1/20/2015 2:15,First Class
103575,DEBIT,3,4,63.70000076,181.9900055,Advance shipping,0,48,Water Sports,Buffalo,EE. UU.,XXXXXXXXX,Johnny,5048,Smith,XXXXXXXXX,Consumer,NY,3367 Merry Mews,14215.0,7,Fan Shop,42.94129181,-78.80055237,Europe,Huddersfield,Reino Unido,5048,9/1/2015 12:05,16682,1073,18.0,0.090000004,41668,199.9900055,0.349999994,1,199.9900055,181.9900055,63.70000076,Northern Europe,Inglaterra,COMPLETE,,1073,48,,http://images.acmesports.sports/Pelican+Sunstream+100+Kayak,Pelican Sunstream 100 Kayak,199.9900055,0,9/4/2015 12:05,Standard Class
128662,DEBIT,6,4,5.059999943,67.47000122,Late delivery,1,40,Accessories,Fairfield,EE. UU.,XXXXXXXXX,Joan,6959,Lin,XXXXXXXXX,Consumer,OH,2803 Pleasant Barn Dell,45014.0,6,Outdoors,39.35150528,-84.54999542,Europe,Le Chesnay,Francia,6959,6/18/2015 5:22,11525,885,7.5,0.100000001,28819,24.98999977,0.079999998,3,74.97000122,67.47000122,5.059999943,Western Europe,Isla de Francia,COMPLETE,,885,40,,http://images.acmesports.sports/Team+Golf+St.+Louis+Cardinals+Putter+Grip,Team Golf St. Louis Cardinals Putter Grip,24.98999977,0,6/24/2015 5:22,Standard Class
175859,DEBIT,2,1,20.87999916,104.3799973,Late delivery,1,17,Cleats,Caguas,Puerto Rico,XXXXXXXXX,Mary,7927,Dickson,XXXXXXXXX,Consumer,PR,9524 Amber Terrace,725.0,4,Apparel,18.21828651,-66.37056732,Africa,Abidjan,Costa de Marfil,7927,10/31/2016 9:02,45856,365,15.60000038,0.129999995,114623,59.99000168,0.200000003,2,119.9800034,104.3799973,20.87999916,West Africa,Lagunes,COMPLETE,,365,17,,http://images.acmesports.sports/Perfect+Fitness+Perfect+Rip+Deck,Perfect Fitness Perfect Rip Deck,59.99000168,0,11/2/2016 9:02,First Class
57733,DEBIT,2,4,29.04000092,82.97000122,Advance shipping,0,40,Accessories,Caguas,Puerto Rico,XXXXXXXXX,George,7151,Henry,XXXXXXXXX,Consumer,PR,1942 Grand Oak Lane,725.0,6,Outdoors,18.24736404,-66.3705368,USCA,San Francisco,Estados Unidos,7151,5/8/2016 9:38,33801,897,16.98999977,0.170000002,84363,24.98999977,0.349999994,4,99.95999908,82.97000122,29.04000092,West of USA ,California,COMPLETE,94122.0,897,40,,http://images.acmesports.sports/Team+Golf+New+England+Patriots+Putter+Grip,Team Golf New England Patriots Putter Grip,24.98999977,0,5/10/2016 9:38,Standard Class
69426,PAYMENT,4,2,163.1900024,339.980011,Late delivery,1,45,Fishing,Caguas,Puerto Rico,XXXXXXXXX,Mary,8043,Herrera,XXXXXXXXX,Corporate,PR,7580 Bright Willow Street,725.0,7,Fan Shop,18.2646656,-66.37050629,LATAM,Soyapango,El Salvador,8043,4/13/2015 12:07,7023,1004,60.0,0.150000006,17585,399.980011,0.479999989,1,399.980011,339.980011,163.1900024,Central America,San Salvador,PENDING_PAYMENT,,1004,45,,http://images.acmesports.sports/Field+%26+Stream+Sportsman+16+Gun+Fire+Safe,Field & Stream Sportsman 16 Gun Fire Safe,399.980011,0,4/17/2015 12:07,Second Class
58400,DEBIT,6,4,16.87999916,225.0,Late delivery,1,24,Women's Apparel,Caguas,Puerto Rico,XXXXXXXXX,Mary,6887,Smith,XXXXXXXXX,Consumer,PR,8840 Harvest Towers,725.0,5,Golf,18.22019768,-66.37058258,USCA,Baltimore,Estados Unidos,6887,6/22/2016 13:36,36895,502,25.0,0.100000001,92076,50.0,0.079999998,5,250.0,225.0,16.87999916,East of USA,Maryland,COMPLETE,21215.0,502,24,,http://images.acmesports.sports/Nike+Men%27s+Dri-FIT+Victory+Golf+Polo,Nike Men's Dri-FIT Victory Golf Polo,50.0,0,6/28/2016 13:36,Standard Class
92032,PAYMENT,5,4,82.34999847,211.1600037,Late delivery,1,17,Cleats,Caguas,Puerto Rico,XXXXXXXXX,Maria,2397,Castro,XXXXXXXXX,Corporate,PR,7236 Cinder Bay,725.0,4,Apparel,18.21355057,-66.3706131,LATAM,Mexico City,México,2397,5/7/2017 14:02,58749,365,28.79999924,0.119999997,147057,59.99000168,0.389999986,4,239.9600067,211.1600037,82.34999847,Central America,Distrito Federal,PENDING_PAYMENT,,365,17,,http://images.acmesports.sports/Perfect+Fitness+Perfect+Rip+Deck,Perfect Fitness Perfect Rip Deck,59.99000168,0,5/12/2017 14:02,Standard Class
136334,TRANSFER,6,4,37.41999817,178.1699982,Late delivery,1,17,Cleats,Mission,EE. UU.,XXXXXXXXX,Hannah,1300,Hawkins,XXXXXXXXX,Consumer,TX,7129 Fallen Trace,78572.0,4,Apparel,26.21952248,-98.36013794,LATAM,Gómez Palacio,México,1300,5/15/2017 22:05,59320,365,1.799999952,0.01,148501,59.99000168,0.209999993,3,179.9700012,178.1699982,37.41999817,Central America,Durango,PROCESSING,,365,17,,http://images.acmesports.sports/Perfect+Fitness+Perfect+Rip+Deck,Perfect Fitness Perfect Rip Deck,59.99000168,0,5/21/2017 22:05,Standard Class
167738,PAYMENT,6,4,36.27000046,139.5,Late delivery,1,24,Women's Apparel,San Diego,EE. UU.,XXXXXXXXX,Charles,1129,Smith,XXXXXXXXX,Home Office,CA,2070 Velvet Quail Port,92104.0,5,Golf,32.75012589,-117.1374207,Europe,Copenhagen,Dinamarca,1129,10/10/2015 0:18,19320,502,10.5,0.07,48308,50.0,0.25999999,3,150.0,139.5,36.27000046,Northern Europe,Región Capital,PENDING_PAYMENT,,502,24,,http://images.acmesports.sports/Nike+Men%27s+Dri-FIT+Victory+Golf+Polo,Nike Men's Dri-FIT Victory Golf Polo,50.0,0,10/16/2015 0:18,Standard Class
3713,CASH,2,1,36.84999847,122.8399963,Late delivery,1,18,Men's Footwear,Toa Alta,Puerto Rico,XXXXXXXXX,Mary,6634,Smith,XXXXXXXXX,Corporate,PR,2153 Iron Log Downs,953.0,4,Apparel,18.37145042,-66.20330811,Pacific Asia,Caloocan,Filipinas,6634,2/15/2016 20:47,28147,403,7.150000095,0.059999999,70387,129.9900055,0.300000012,1,129.9900055,122.8399963,36.84999847,Southeast Asia,Capital Nacional,CLOSED,,403,18,,http://images.acmesports.sports/Nike+Men%27s+CJ+Elite+2+TD+Football+Cleat,Nike Men's CJ Elite 2 TD Football Cleat,129.9900055,0,2/17/2016 20:47,First Class
43924,DEBIT,0,0,12.60000038,45.0,Shipping on time,0,24,Women's Apparel,New Orleans,EE. UU.,XXXXXXXXX,Gerald,2476,Smith,XXXXXXXXX,Consumer,LA,9375 Honey Gate,70117.0,5,Golf,29.96774292,-90.03494263,Africa,Mombasa,Kenia,2476,11/20/2016 8:19,47224,502,5.0,0.100000001,118039,50.0,0.280000001,1,50.0,45.0,12.60000038,East Africa,Costa,COMPLETE,,502,24,,http://images.acmesports.sports/Nike+Men%27s+Dri-FIT+Victory+Golf+Polo,Nike Men's Dri-FIT Victory Golf Polo,50.0,0,11/20/2016 20:19,Same Day
157543,TRANSFER,2,2,17.45999908,58.18999863,Shipping on time,0,17,Cleats,Caguas,Puerto Rico,XXXXXXXXX,Adam,3522,Smith,XXXXXXXXX,Consumer,PR,4599 Lazy Dale,725.0,4,Apparel,18.25786972,-66.37050629,Africa,Malanje,Angola,3522,12/7/2016 0:24,48366,365,1.799999952,0.029999999,120968,59.99000168,0.300000012,1,59.99000168,58.18999863,17.45999908,Central Africa,Malanje,PROCESSING,,365,17,,http://images.acmesports.sports/Perfect+Fitness+Perfect+Rip+Deck,Perfect Fitness Perfect Rip Deck,59.99000168,0,12/9/2016 0:24,Second Class
6095,CASH,2,1,15.76000023,56.29999924,Late delivery,1,13,Electronics,Spring Valley,EE. UU.,XXXXXXXXX,Janice,9336,Guzman,XXXXXXXXX,Consumer,CA,8143 Dusty Island,91977.0,3,Footwear,32.74972153,-117.0022583,Europe,Balti,Moldavia,9336,12/4/2016 3:23,48169,282,7.679999828,0.119999997,120457,31.98999977,0.280000001,2,63.97999954,56.29999924,15.76000023,Eastern Europe,Balti,CLOSED,,282,13,,http://images.acmesports.sports/Under+Armour+Women%27s+Ignite+PIP+VI+Slide,Under Armour Women's Ignite PIP VI Slide,31.98999977,0,12/6/2016 3:23,First Class
92255,PAYMENT,4,4,-682.4299927,454.9500122,Shipping on time,0,9,Cardio Equipment,Caguas,Puerto Rico,XXXXXXXXX,Christopher,293,Prince,XXXXXXXXX,Corporate,PR,1974 Stony Wharf,725.0,3,Footwear,18.276577,-66.03588104,LATAM,Mixco,Guatemala,293,2/19/2017 10:07,53463,191,45.0,0.090000004,133590,99.98999786,-1.5,5,499.9500122,454.9500122,-682.4299927,Central America,Guatemala,PENDING_PAYMENT,,191,9,,http://images.acmesports.sports/Nike+Men%27s+Free+5.0%2B+Running+Shoe,Nike Men's Free 5.0+ Running Shoe,99.98999786,0,2/23/2017 10:07,Standard Class
160370,TRANSFER,2,4,5.309999943,10.84000015,Advance shipping,0,61,CDs ,Caguas,Puerto Rico,XXXXXXXXX,Morgan,17834,Haynes,XXXXXXXXX,Consumer,PR,8874 High Blossom View,725.0,9,Discs Shop,18.26267815,-66.03705597,Pacific Asia,Handan,China,17834,12/20/2017 7:35,74281,1348,0.449999988,0.039999999,177596,11.28999996,0.49000001,1,11.28999996,10.84000015,5.309999943,Eastern Asia,Hebei,PENDING,,1348,61,,http://images.acmesports.sports/CDs+of+rock,CDs of rock,11.28999996,0,12/22/2017 7:35,Standard Class
178038,TRANSFER,2,1,-45.90999985,188.9199982,Late delivery,1,46,Indoor/Outdoor Games,Sacramento,EE. UU.,XXXXXXXXX,Mary,1081,Martin,XXXXXXXXX,Corporate,CA,2534 Umber Landing,95823.0,7,Fan Shop,38.48671341,-121.459343,LATAM,Managua,Nicaragua,1081,5/24/2015 1:22,9801,1014,11.0,0.059999999,24470,49.97999954,-0.239999995,4,199.9199982,188.9199982,-45.90999985,Central America,Managua,PENDING,,1014,46,,http://images.acmesports.sports/O%27Brien+Men%27s+Neoprene+Life+Vest,O'Brien Men's Neoprene Life Vest,49.97999954,0,5/26/2015 1:22,First Class
77161,DEBIT,2,1,11.25,37.49000168,Late delivery,1,46,Indoor/Outdoor Games,Apex,EE. UU.,XXXXXXXXX,Mary,2562,Anderson,XXXXXXXXX,Corporate,NC,8259 Colonial Heights,27502.0,7,Fan Shop,35.73103714,-78.85575104,Europe,Rostock,Alemania,2562,9/26/2017 7:11,68457,1014,12.5,0.25,171166,49.97999954,0.300000012,1,49.97999954,37.49000168,11.25,Western Europe,Mecklemburgo-Pomerania Occidental,COMPLETE,,1014,46,,http://images.acmesports.sports/O%27Brien+Men%27s+Neoprene+Life+Vest,O'Brien Men's Neoprene Life Vest,49.97999954,0,9/28/2017 7:11,First Class
62640,CASH,2,1,37.70000076,129.9900055,Late delivery,1,18,Men's Footwear,Los Angeles,EE. UU.,XXXXXXXXX,Cynthia,9708,Smith,XXXXXXXXX,Home Office,CA,3042 Rustic Line,90026.0,4,Apparel,34.07662964,-118.2648315,Pacific Asia,Balikpapan,Indonesia,9708,11/23/2015 19:09,22388,403,0.0,0.0,56048,129.9900055,0.289999992,1,129.9900055,129.9900055,37.70000076,Southeast Asia,Kalimantan Oriental,CLOSED,,403,18,,http://images.acmesports.sports/Nike+Men%27s+CJ+Elite+2+TD+Football+Cleat,Nike Men's CJ Elite 2 TD Football Cleat,129.9900055,0,11/25/2015 19:09,First Class
118046,TRANSFER,6,2,19.0699997,116.9899979,Late delivery,1,18,Men's Footwear,North Hollywood,EE. UU.,XXXXXXXXX,Robert,10379,Burnett,XXXXXXXXX,Consumer,CA,5344 Lazy Beach,91606.0,4,Apparel,34.16981888,-118.3789902,Europe,Basel,Suiza,10379,9/7/2017 21:03,67195,403,13.0,0.100000001,167940,129.9900055,0.159999996,1,129.9900055,116.9899979,19.0699997,Western Europe,Basilea-Ciudad,PROCESSING,,403,18,,http://images.acmesports.sports/Nike+Men%27s+CJ+Elite+2+TD+Football+Cleat,Nike Men's CJ Elite 2 TD Football Cleat,129.9900055,0,9/13/2017 21:03,Second Class
78050,TRANSFER,2,1,-131.1199951,98.95999908,Shipping canceled,0,46,Indoor/Outdoor Games,Cerritos,EE. UU.,XXXXXXXXX,Joan,1648,Ingram,XXXXXXXXX,Corporate,CA,3856 Grand Fox Road,90703.0,7,Fan Shop,33.82807922,-118.1775513,Europe,Cheltenham,Reino Unido,1648,8/9/2017 4:27,65161,1014,1.0,0.01,162854,49.97999954,-1.330000043,2,99.95999908,98.95999908,-131.1199951,Northern Europe,Inglaterra,CANCELED,,1014,46,,http://images.acmesports.sports/O%27Brien+Men%27s+Neoprene+Life+Vest,O'Brien Men's Neoprene Life Vest,49.97999954,0,8/11/2017 4:27,First Class
119807,TRANSFER,3,2,3.75,187.5,Late delivery,1,24,Women's Apparel,Fort Lauderdale,EE. UU.,XXXXXXXXX,Jason,8571,Nunez,XXXXXXXXX,Consumer,FL,1555 Cozy Spring Circuit,33324.0,5,Golf,26.0984993,-80.27095032,Europe,Turku,Finlandia,8571,6/28/2017 0:18,62272,502,62.5,0.25,155699,50.0,0.02,5,250.0,187.5,3.75,Northern Europe,Finlandia del Sudoeste,PENDING,,502,24,,http://images.acmesports.sports/Nike+Men%27s+Dri-FIT+Victory+Golf+Polo,Nike Men's Dri-FIT Victory Golf Polo,50.0,0,7/1/2017 0:18,Second Class
87940,PAYMENT,4,4,23.03000069,49.0,Shipping on time,0,24,Women's Apparel,Oxnard,EE. UU.,XXXXXXXXX,Mary,8698,Allen,XXXXXXXXX,Consumer,CA,5443 Old Timber Expressway,93030.0,5,Golf,34.26338196,-119.1467667,LATAM,Rancagua,Chile,8698,4/27/2015 21:12,8008,502,1.0,0.02,20013,50.0,0.469999999,1,50.0,49.0,23.03000069,South America,O'Higgins,PENDING_PAYMENT,,502,24,,http://images.acmesports.sports/Nike+Men%27s+Dri-FIT+Victory+Golf+Polo,Nike Men's Dri-FIT Victory Golf Polo,50.0,0,5/1/2015 21:12,Standard Class
9776,PAYMENT,2,1,186.2299957,387.980011,Late delivery,1,45,Fishing,Milford,EE. UU.,XXXXXXXXX,Mary,7895,Snyder,XXXXXXXXX,Consumer,CT,1688 Crystal Leaf Vista,6460.0,7,Fan Shop,41.24840546,-73.02430725,Europe,Amsterdam,Países Bajos,7895,9/30/2015 9:25,18661,1004,12.0,0.029999999,46643,399.980011,0.479999989,1,399.980011,387.980011,186.2299957,Western Europe,Holanda Septentrional,PENDING_PAYMENT,,1004,45,,http://images.acmesports.sports/Field+%26+Stream+Sportsman+16+Gun+Fire+Safe,Field & Stream Sportsman 16 Gun Fire Safe,399.980011,0,10/2/2015 9:25,First Class
50504,DEBIT,4,4,52.61999893,114.3899994,Shipping on time,0,18,Men's Footwear,Los Angeles,EE. UU.,XXXXXXXXX,Gloria,5631,Goodman,XXXXXXXXX,Corporate,CA,3971 Bright Glen,90066.0,4,Apparel,34.0015831,-118.4321518,Europe,Estocolmo,Suecia,5631,7/6/2017 3:05,62828,403,15.60000038,0.119999997,157096,129.9900055,0.460000008,1,129.9900055,114.3899994,52.61999893,Northern Europe,Estocolmo,COMPLETE,,403,18,,http://images.acmesports.sports/Nike+Men%27s+CJ+Elite+2+TD+Football+Cleat,Nike Men's CJ Elite 2 TD Football Cleat,129.9900055,0,7/10/2017 3:05,Standard Class
88967,PAYMENT,3,4,-509.9700012,299.9899902,Advance shipping,0,45,Fishing,Granada Hills,EE. UU.,XXXXXXXXX,Mary,4345,Marshall,XXXXXXXXX,Consumer,CA,4436 Tawny Private,91344.0,7,Fan Shop,34.07363892,-117.7083511,Pacific Asia,Antipolo,Filipinas,4345,12/15/2015 16:19,23887,1004,100.0,0.25,59796,399.980011,-1.700000048,1,399.980011,299.9899902,-509.9700012,Southeast Asia,Calabarzón,PENDING_PAYMENT,,1004,45,,http://images.acmesports.sports/Field+%26+Stream+Sportsman+16+Gun+Fire+Safe,Field & Stream Sportsman 16 Gun Fire Safe,399.980011,0,12/18/2015 16:19,Standard Class
25432,DEBIT,2,1,45.68000031,130.5,Late delivery,1,24,Women's Apparel,Plainfield,EE. UU.,XXXXXXXXX,Mary,478,Porter,XXXXXXXXX,Corporate,IL,5299 Merry Beacon Heath,60544.0,5,Golf,41.89978409,-87.94304657,Europe,Hanover,Alemania,478,9/25/2017 5:36,68384,502,19.5,0.129999995,170967,50.0,0.349999994,3,150.0,130.5,45.68000031,Western Europe,Baja Sajonia,COMPLETE,,502,24,,http://images.acmesports.sports/Nike+Men%27s+Dri-FIT+Victory+Golf+Polo,Nike Men's Dri-FIT Victory Golf Polo,50.0,0,9/27/2017 5:36,First Class
38376,PAYMENT,2,4,127.4899979,254.9799957,Advance shipping,0,43,Camping & Hiking,Santa Ana,EE. UU.,XXXXXXXXX,Mary,8685,Hansen,XXXXXXXXX,Consumer,CA,6860 Foggy Pathway,92701.0,7,Fan Shop,33.75128937,-117.8674774,Africa,Dakar,Senegal,8685,9/15/2016 7:42,42701,957,45.0,0.150000006,106576,299.980011,0.5,1,299.980011,254.9799957,127.4899979,West Africa,Dakar,PENDING_PAYMENT,,957,43,,http://images.acmesports.sports/Diamondback+Women%27s+Serene+Classic+Comfort+Bike+2014,Diamondback Women's Serene Classic Comfort Bi,299.980011,0,9/17/2016 7:42,Standard Class
77493,DEBIT,3,2,23.98999977,79.97000122,Late delivery,1,46,Indoor/Outdoor Games,Caguas,Puerto Rico,XXXXXXXXX,Mary,1435,Wright,XXXXXXXXX,Corporate,PR,948 Thunder Gate Beach,725.0,7,Fan Shop,18.26452637,-66.37058258,Europe,Gothenburg,Suecia,1435,9/7/2017 12:59,67172,1014,19.98999977,0.200000003,167907,49.97999954,0.300000012,2,99.95999908,79.97000122,23.98999977,Northern Europe,Västra Götaland,COMPLETE,,1014,46,,http://images.acmesports.sports/O%27Brien+Men%27s+Neoprene+Life+Vest,O'Brien Men's Neoprene Life Vest,49.97999954,0,9/10/2017 12:59,Second Class
130597,DEBIT,5,4,-2.25999999,174.0,Late delivery,1,24,Women's Apparel,Henderson,EE. UU.,XXXXXXXXX,Rachel,8170,Smith,XXXXXXXXX,Consumer,NV,5662 Tawny Concession,89014.0,5,Golf,36.06906128,-115.0822067,USCA,Laredo,Estados Unidos,8170,4/10/2016 11:47,31889,502,26.0,0.129999995,79691,50.0,-0.01,4,200.0,174.0,-2.25999999,US Center ,Texas,COMPLETE,78041.0,502,24,,http://images.acmesports.sports/Nike+Men%27s+Dri-FIT+Victory+Golf+Polo,Nike Men's Dri-FIT Victory Golf Polo,50.0,0,4/15/2016 11:47,Standard Class
165192,DEBIT,3,4,17.05999947,227.5,Advance shipping,0,24,Women's Apparel,Granada Hills,EE. UU.,XXXXXXXXX,Adam,8717,Taylor,XXXXXXXXX,Home Office,CA,8675 Little Arbor,91344.0,5,Golf,34.2639389,-118.4979401,USCA,Garden City,Estados Unidos,8717,7/18/2016 10:25,38667,502,22.5,0.090000004,96533,50.0,0.079999998,5,250.0,227.5,17.05999947,US Center ,Kansas,COMPLETE,67846.0,502,24,,http://images.acmesports.sports/Nike+Men%27s+Dri-FIT+Victory+Golf+Polo,Nike Men's Dri-FIT Victory Golf Polo,50.0,0,7/21/2016 10:25,Standard Class
164835,DEBIT,6,4,32.79000092,131.1699982,Late delivery,1,29,Shop By Sport,Chicago,EE. UU.,XXXXXXXXX,Mary,6276,Forbes,XXXXXXXXX,Home Office,IL,5779 Gentle Treasure Farm,60615.0,5,Golf,41.89474869,-87.76979828,USCA,Los Angeles,Estados Unidos,6276,4/9/2016 8:06,31810,627,28.79000092,0.180000007,79484,39.99000168,0.25,4,159.9600067,131.1699982,32.79000092,West of USA ,California,ON_HOLD,90049.0,627,29,,http://images.acmesports.sports/Under+Armour+Girls%27+Toddler+Spine+Surge+Running+Shoe,Under Armour Girls' Toddler Spine Surge Runni,39.99000168,0,4/15/2016 8:06,Standard Class
71167,TRANSFER,2,1,42.11000061,161.9600067,Shipping canceled,0,6,Tennis & Racquet,Las Vegas,EE. UU.,XXXXXXXXX,Margaret,5891,Chang,XXXXXXXXX,Corporate,NV,5628 Clear Knoll,89103.0,2,Fitness,36.10035324,-115.2178802,Pacific Asia,Bagdad,Irak,5891,1/3/2017 22:58,50280,116,18.0,0.100000001,125655,44.99000168,0.25999999,4,179.9600067,161.9600067,42.11000061,West Asia,Bagdad,SUSPECTED_FRAUD,,116,6,,http://images.acmesports.sports/Nike+Men%27s+Comfort+2+Slide,Nike Men's Comfort 2 Slide,44.99000168,0,1/5/2017 22:58,First Class
113674,DEBIT,2,1,40.47999954,149.9400024,Late delivery,1,46,Indoor/Outdoor Games,Caguas,Puerto Rico,XXXXXXXXX,Diane,1946,Smith,XXXXXXXXX,Consumer,PR,3838 Sleepy Mountain Centre,725.0,7,Fan Shop,18.28131867,-66.37062836,LATAM,Mérida,México,1946,3/6/2015 20:55,4445,1014,49.97999954,0.25,11122,49.97999954,0.270000011,4,199.9199982,149.9400024,40.47999954,Central America,Yucatán,COMPLETE,,1014,46,,http://images.acmesports.sports/O%27Brien+Men%27s+Neoprene+Life+Vest,O'Brien Men's Neoprene Life Vest,49.97999954,0,3/8/2015 20:55,First Class
20126,DEBIT,6,4,-84.97000122,127.3899994,Late delivery,1,18,Men's Footwear,Caguas,Puerto Rico,XXXXXXXXX,Anthony,10829,Smith,XXXXXXXXX,Consumer,PR,1156 Shady Hills Highway,725.0,4,Apparel,18.29757118,-66.37059784,LATAM,San Pedro Sula,Honduras,10829,1/26/2015 11:00,1745,403,2.599999905,0.02,4354,129.9900055,-0.670000017,1,129.9900055,127.3899994,-84.97000122,Central America,Cortés,COMPLETE,,403,18,,http://images.acmesports.sports/Nike+Men%27s+CJ+Elite+2+TD+Football+Cleat,Nike Men's CJ Elite 2 TD Football Cleat,129.9900055,0,2/1/2015 11:00,Standard Class
70188,PAYMENT,2,4,99.0,225.0,Advance shipping,0,24,Women's Apparel,Greensboro,EE. UU.,XXXXXXXXX,Linda,6369,Gordon,XXXXXXXXX,Corporate,NC,5628 Clear Knoll,27406.0,5,Golf,36.05080414,-79.79826355,Pacific Asia,Bunbury,Australia,6369,12/10/2015 13:21,23536,502,25.0,0.100000001,58867,50.0,0.439999998,5,250.0,225.0,99.0,Oceania,Australia Occidental,PENDING_PAYMENT,,502,24,,http://images.acmesports.sports/Nike+Men%27s+Dri-FIT+Victory+Golf+Polo,Nike Men's Dri-FIT Victory Golf Polo,50.0,0,12/12/2015 13:21,Standard Class
76979,TRANSFER,3,2,60.45000076,185.9900055,Late delivery,1,48,Water Sports,Hayward,EE. UU.,XXXXXXXXX,Alan,1347,Gillespie,XXXXXXXXX,Corporate,CA,6122 Easy Oak Extension,94544.0,7,Fan Shop,37.63788986,-122.0765686,LATAM,Ilopango,El Salvador,1347,1/3/2015 10:09,167,1073,14.0,0.07,400,199.9900055,0.330000013,1,199.9900055,185.9900055,60.45000076,Central America,San Salvador,PENDING,,1073,48,,http://images.acmesports.sports/Pelican+Sunstream+100+Kayak,Pelican Sunstream 100 Kayak,199.9900055,0,1/6/2015 10:09,Second Class
78801,CASH,4,4,55.09999847,189.9900055,Shipping on time,0,48,Water Sports,Caguas,Puerto Rico,XXXXXXXXX,Mary,10837,Dudley,XXXXXXXXX,Home Office,PR,8311 Iron Expressway,725.0,7,Fan Shop,18.27438355,-66.37049866,USCA,Columbus,Estados Unidos,10837,6/28/2016 9:02,37293,1073,10.0,0.050000001,93110,199.9900055,0.289999992,1,199.9900055,189.9900055,55.09999847,East of USA,Ohio,CLOSED,43229.0,1073,48,,http://images.acmesports.sports/Pelican+Sunstream+100+Kayak,Pelican Sunstream 100 Kayak,199.9900055,0,7/2/2016 9:02,Standard Class
173718,CASH,6,4,14.55000019,58.18999863,Late delivery,1,17,Cleats,Caguas,Puerto Rico,XXXXXXXXX,Kathryn,7285,West,XXXXXXXXX,Consumer,PR,7477 Foggy Alley,725.0,4,Apparel,18.28840065,-66.37059021,LATAM,Choluteca,Honduras,7285,4/6/2015 7:23,6530,365,1.799999952,0.029999999,16329,59.99000168,0.25,1,59.99000168,58.18999863,14.55000019,Central America,Choluteca,CLOSED,,365,17,,http://images.acmesports.sports/Perfect+Fitness+Perfect+Rip+Deck,Perfect Fitness Perfect Rip Deck,59.99000168,0,4/12/2015 7:23,Standard Class
151783,TRANSFER,5,4,23.80999947,377.980011,Late delivery,1,45,Fishing,Caguas,Puerto Rico,XXXXXXXXX,Mary,8059,Smith,XXXXXXXXX,Consumer,PR,8779 Shady Parkway,725.0,7,Fan Shop,18.25300026,-66.37056732,USCA,Hollywood,Estados Unidos,8059,6/30/2016 10:26,37434,1004,22.0,0.059999999,93439,399.980011,0.059999999,1,399.980011,377.980011,23.80999947,South of  USA ,Florida,PROCESSING,33021.0,1004,45,,http://images.acmesports.sports/Field+%26+Stream+Sportsman+16+Gun+Fire+Safe,Field & Stream Sportsman 16 Gun Fire Safe,399.980011,0,7/5/2016 10:26,Standard Class
95146,DEBIT,6,4,39.91999817,122.8399963,Late delivery,1,18,Men's Footwear,Chicago,EE. UU.,XXXXXXXXX,Ethan,10592,Smith,XXXXXXXXX,Consumer,IL,2915 Cotton Meadow,60616.0,4,Apparel,41.895607,-87.70032501,USCA,Chicago,Estados Unidos,10592,6/7/2016 3:59,35840,403,7.150000095,0.059999999,89498,129.9900055,0.330000013,1,129.9900055,122.8399963,39.91999817,US Center ,Illinois,ON_HOLD,60610.0,403,18,,http://images.acmesports.sports/Nike+Men%27s+CJ+Elite+2+TD+Football+Cleat,Nike Men's CJ Elite 2 TD Football Cleat,129.9900055,0,6/13/2016 3:59,Standard Class
162378,TRANSFER,5,4,8.659999847,98.40000153,Late delivery,1,29,Shop By Sport,Caguas,Puerto Rico,XXXXXXXXX,Mary,2092,Hunter,XXXXXXXXX,Consumer,PR,9890 Clear Knoll,725.0,5,Golf,18.20084,-66.37059021,Pacific Asia,Riyadh,Arabia Saudí,2092,1/2/2017 2:49,50154,642,21.60000038,0.180000007,125364,30.0,0.090000004,4,120.0,98.40000153,8.659999847,West Asia,Riad,PENDING,,642,29,,http://images.acmesports.sports/Columbia+Men%27s+PFG+Anchor+Tough+T-Shirt,Columbia Men's PFG Anchor Tough T-Shirt,30.0,0,1/7/2017 2:49,Standard Class
5087,TRANSFER,4,4,41.38999939,179.9700012,Shipping on time,0,17,Cleats,Tampa,EE. UU.,XXXXXXXXX,Cheryl,898,Smith,XXXXXXXXX,Consumer,FL,252 Golden Goose Loop,33624.0,4,Apparel,28.08182716,-82.46191406,Pacific Asia,Daca,Bangladés,898,11/12/2015 11:38,21613,365,59.99000168,0.25,54038,59.99000168,0.230000004,4,239.9600067,179.9700012,41.38999939,South Asia,Daca,PROCESSING,,365,17,,http://images.acmesports.sports/Perfect+Fitness+Perfect+Rip+Deck,Perfect Fitness Perfect Rip Deck,59.99000168,0,11/16/2015 11:38,Standard Class
115939,PAYMENT,2,2,188.1499939,383.980011,Shipping on time,0,45,Fishing,Sacramento,EE. UU.,XXXXXXXXX,Zachary,10884,Smith,XXXXXXXXX,Corporate,CA,7767 Hidden Place,95822.0,7,Fan Shop,38.49541855,-121.479187,Europe,Portsmouth,Reino Unido,10884,8/8/2017 0:25,65081,1004,16.0,0.039999999,162657,399.980011,0.49000001,1,399.980011,383.980011,188.1499939,Northern Europe,Inglaterra,PENDING_PAYMENT,,1004,45,,http://images.acmesports.sports/Field+%26+Stream+Sportsman+16+Gun+Fire+Safe,Field & Stream Sportsman 16 Gun Fire Safe,399.980011,0,8/10/2017 0:25,Second Class
148299,DEBIT,3,2,187.4799957,499.9500122,Late delivery,1,9,Cardio Equipment,Caguas,Puerto Rico,XXXXXXXXX,Paul,4263,Atkins,XXXXXXXXX,Home Office,PR,6447 Easy Close,725.0,3,Footwear,18.29923058,-66.37062073,Pacific Asia,Shenyang,China,4263,2/29/2016 7:06,29067,191,0.0,0.0,72727,99.98999786,0.379999995,5,499.9500122,499.9500122,187.4799957,Eastern Asia,Liaoning,COMPLETE,,191,9,,http://images.acmesports.sports/Nike+Men%27s+Free+5.0%2B+Running+Shoe,Nike Men's Free 5.0+ Running Shoe,99.98999786,0,3/3/2016 7:06,Second Class
112783,DEBIT,3,4,29.5699997,173.9299927,Advance shipping,0,46,Indoor/Outdoor Games,Las Vegas,EE. UU.,XXXXXXXXX,Rose,8366,Smith,XXXXXXXXX,Corporate,NV,558 Dewy Promenade,89110.0,7,Fan Shop,36.17473602,-115.137146,Africa,Nairobi,Kenia,8366,10/19/2016 15:22,45052,1014,25.98999977,0.129999995,112488,49.97999954,0.170000002,4,199.9199982,173.9299927,29.5699997,East Africa,Nairobi,COMPLETE,,1014,46,,http://images.acmesports.sports/O%27Brien+Men%27s+Neoprene+Life+Vest,O'Brien Men's Neoprene Life Vest,49.97999954,0,10/22/2016 15:22,Standard Class
125218,PAYMENT,6,2,-21.57999992,107.8899994,Late delivery,1,18,Men's Footwear,Caguas,Puerto Rico,XXXXXXXXX,Diane,4975,Flores,XXXXXXXXX,Consumer,PR,1399 Cinder Loop,725.0,4,Apparel,18.29536629,-66.3705368,Europe,Lviv,Ucrania,4975,12/21/2016 12:39,49360,403,22.10000038,0.170000002,123380,129.9900055,-0.200000003,1,129.9900055,107.8899994,-21.57999992,Eastern Europe,Lviv,PENDING_PAYMENT,,403,18,,http://images.acmesports.sports/Nike+Men%27s+CJ+Elite+2+TD+Football+Cleat,Nike Men's CJ Elite 2 TD Football Cleat,129.9900055,0,12/27/2016 12:39,Second Class
106323,DEBIT,6,4,20.47999954,148.4400024,Late delivery,1,46,Indoor/Outdoor Games,Caguas,Puerto Rico,XXXXXXXXX,Mary,387,Levy,XXXXXXXXX,Consumer,PR,9460 Hidden Landing,725.0,7,Fan Shop,18.24751091,-66.02523804,LATAM,Mérida,México,387,4/18/2017 7:56,57430,1014,1.5,0.01,143663,49.97999954,0.140000001,3,149.9400024,148.4400024,20.47999954,Central America,Yucatán,COMPLETE,,1014,46,,http://images.acmesports.sports/O%27Brien+Men%27s+Neoprene+Life+Vest,O'Brien Men's Neoprene Life Vest,49.97999954,0,4/24/2017 7:56,Standard Class
152589,PAYMENT,5,4,129.3500061,391.980011,Late delivery,1,45,Fishing,Pittsfield,EE. UU.,XXXXXXXXX,Mary,1540,Mckee,XXXXXXXXX,Consumer,MA,1942 Middle Bluff Crescent,1201.0,7,Fan Shop,42.45111084,-73.25260162,USCA,Springfield,Estados Unidos,1540,5/15/2016 0:21,34254,1004,8.0,0.02,85541,399.980011,0.330000013,1,399.980011,391.980011,129.3500061,East of USA,Ohio,PENDING_PAYMENT,45503.0,1004,45,,http://images.acmesports.sports/Field+%26+Stream+Sportsman+16+Gun+Fire+Safe,Field & Stream Sportsman 16 Gun Fire Safe,399.980011,0,5/20/2016 0:21,Standard Class
100503,CASH,6,4,22.79000092,48.47999954,Late delivery,1,46,Indoor/Outdoor Games,Los Angeles,EE. UU.,XXXXXXXXX,Robert,4221,Smith,XXXXXXXXX,Consumer,CA,4715 Round Lake Link,90003.0,7,Fan Shop,33.96860123,-118.2747421,USCA,Los Angeles,Estados Unidos,4221,6/14/2016 11:10,36340,1014,1.5,0.029999999,90729,49.97999954,0.469999999,1,49.97999954,48.47999954,22.79000092,West of USA ,California,CLOSED,90036.0,1014,46,,http://images.acmesports.sports/O%27Brien+Men%27s+Neoprene+Life+Vest,O'Brien Men's Neoprene Life Vest,49.97999954,0,6/20/2016 11:10,Standard Class
180489,PAYMENT,6,4,130.4900055,347.980011,Late delivery,1,45,Fishing,Caguas,Puerto Rico,XXXXXXXXX,Mary,5187,Smith,XXXXXXXXX,Home Office,PR,3183 Blue Route,725.0,7,Fan Shop,18.2513237,-66.37058258,Pacific Asia,Semarang,Indonesia,5187,1/17/2016 10:09,26130,1004,52.0,0.129999995,65409,399.980011,0.379999995,1,399.980011,347.980011,130.4900055,Southeast Asia,Java Central,PENDING_PAYMENT,,1004,45,,http://images.acmesports.sports/Field+%26+Stream+Sportsman+16+Gun+Fire+Safe,Field & Stream Sportsman 16 Gun Fire Safe,399.980011,0,1/23/2016 10:09,Standard Class
35477,CASH,2,4,-39.81000137,227.5,Advance shipping,0,24,Women's Apparel,Clementon,EE. UU.,XXXXXXXXX,Judith,4094,Smith,XXXXXXXXX,Consumer,NJ,7419 Lost Grove Street,8021.0,5,Golf,39.81664658,-74.98467255,LATAM,Bom Jesus da Lapa,Brasil,4094,6/16/2017 18:11,61501,502,22.5,0.090000004,153803,50.0,-0.180000007,5,250.0,227.5,-39.81000137,South America,Bahía,CLOSED,,502,24,,http://images.acmesports.sports/Nike+Men%27s+Dri-FIT+Victory+Golf+Polo,Nike Men's Dri-FIT Victory Golf Polo,50.0,0,6/18/2017 18:11,Standard Class
71870,TRANSFER,5,2,15.10999966,120.8899994,Late delivery,1,18,Men's Footwear,Germantown,EE. UU.,XXXXXXXXX,Janice,8714,Smith,XXXXXXXXX,Corporate,MD,268 Velvet Close,20874.0,4,Apparel,39.15438461,-77.25584412,Europe,Marseille,Francia,8714,9/11/2015 5:46,17349,403,9.100000381,0.07,43363,129.9900055,0.129999995,1,129.9900055,120.8899994,15.10999966,Western Europe,Provenza-Alpes-Costa Azul,PROCESSING,,403,18,,http://images.acmesports.sports/Nike+Men%27s+CJ+Elite+2+TD+Football+Cleat,Nike Men's CJ Elite 2 TD Football Cleat,129.9900055,0,9/16/2015 5:46,Second Class
47946,DEBIT,0,0,13.52000046,40.0,Shipping on time,0,24,Women's Apparel,Westerville,EE. UU.,XXXXXXXXX,Anthony,2383,Smith,XXXXXXXXX,Corporate,OH,650 Quiet Spring Autoroute,43081.0,5,Golf,40.11835098,-82.92810822,USCA,Plainfield,Estados Unidos,2383,8/25/2016 8:58,41266,502,10.0,0.200000003,103007,50.0,0.340000004,1,50.0,40.0,13.52000046,East of USA,Nueva Jersey,COMPLETE,7060.0,502,24,,http://images.acmesports.sports/Nike+Men%27s+Dri-FIT+Victory+Golf+Polo,Nike Men's Dri-FIT Victory Golf Polo,50.0,0,8/25/2016 20:58,Same Day
21477,DEBIT,5,4,188.8399963,429.1799927,Late delivery,1,66,Crafts,Caguas,Puerto Rico,XXXXXXXXX,Hedy,18492,Rivas,XXXXXXXXX,Consumer,PR,1173 Silver Isle,725.0,4,Apparel,18.22939491,-66.03705597,Pacific Asia,Belgaum,India,18492,12/29/2017 22:07,74939,1353,32.29999924,0.07,178254,461.480011,0.439999998,1,461.480011,429.1799927,188.8399963,South Asia,Karnataka,ON_HOLD,,1353,66,,http://images.acmesports.sports/Porcelain+crafts,Porcelain crafts,461.480011,0,1/3/2018 22:07,Standard Class
177579,TRANSFER,6,4,29.04000092,82.97000122,Late delivery,1,46,Indoor/Outdoor Games,Caguas,Puerto Rico,XXXXXXXXX,Richard,506,Holloway,XXXXXXXXX,Consumer,PR,2186 Easy Creek Key,725.0,7,Fan Shop,18.22408867,-66.04807282,Europe,Dublín,Irlanda,506,6/18/2015 7:07,11530,1014,16.98999977,0.170000002,28832,49.97999954,0.349999994,2,99.95999908,82.97000122,29.04000092,Northern Europe,Dublín,PENDING,,1014,46,,http://images.acmesports.sports/O%27Brien+Men%27s+Neoprene+Life+Vest,O'Brien Men's Neoprene Life Vest,49.97999954,0,6/24/2015 7:07,Standard Class
150681,PAYMENT,2,1,7.840000153,78.37999725,Late delivery,1,29,Shop By Sport,Caguas,Puerto Rico,XXXXXXXXX,Dennis,2423,Smith,XXXXXXXXX,Home Office,PR,9044 Easy Road,725.0,5,Golf,18.27358627,-66.37054443,Pacific Asia,Dalian,China,2423,10/30/2015 20:14,20747,627,1.600000024,0.02,51843,39.99000168,0.100000001,2,79.98000336,78.37999725,7.840000153,Eastern Asia,Liaoning,PENDING_PAYMENT,,627,29,,http://images.acmesports.sports/Under+Armour+Girls%27+Toddler+Spine+Surge+Running+Shoe,Under Armour Girls' Toddler Spine Surge Runni,39.99000168,0,11/1/2015 20:14,First Class
63341,CASH,2,4,147.4100037,377.980011,Advance shipping,0,45,Fishing,Aurora,EE. UU.,XXXXXXXXX,Wayne,11649,Landry,XXXXXXXXX,Home Office,CO,9403 Quaking Valley,80011.0,7,Fan Shop,39.74662018,-104.8164368,Europe,Berlín,Alemania,11649,9/28/2015 20:38,18556,1004,22.0,0.059999999,46391,399.980011,0.389999986,1,399.980011,377.980011,147.4100037,Western Europe,Berlín,CLOSED,,1004,45,,http://images.acmesports.sports/Field+%26+Stream+Sportsman+16+Gun+Fire+Safe,Field & Stream Sportsman 16 Gun Fire Safe,399.980011,0,9/30/2015 20:38,Standard Class
153880,PAYMENT,4,4,111.9899979,319.980011,Shipping on time,0,45,Fishing,Caguas,Puerto Rico,XXXXXXXXX,Elizabeth,3498,Ramos,XXXXXXXXX,Consumer,PR,7342 Hidden Walk,725.0,7,Fan Shop,18.28766632,-66.3705368,Pacific Asia,Brisbane,Australia,3498,1/10/2016 9:17,25648,1004,80.0,0.200000003,64236,399.980011,0.349999994,1,399.980011,319.980011,111.9899979,Oceania,Queensland,PENDING_PAYMENT,,1004,45,,http://images.acmesports.sports/Field+%26+Stream+Sportsman+16+Gun+Fire+Safe,Field & Stream Sportsman 16 Gun Fire Safe,399.980011,0,1/14/2016 9:17,Standard Class
28793,PAYMENT,2,1,13.27999973,331.9700012,Late delivery,1,9,Cardio Equipment,Warren,EE. UU.,XXXXXXXXX,Mary,5198,Smith,XXXXXXXXX,Corporate,MI,5443 Hazy Pond Way,48093.0,3,Footwear,43.82843781,-84.42654419,USCA,Dallas,Estados Unidos,5198,7/11/2016 6:03,38175,191,67.98999786,0.170000002,95294,99.98999786,0.039999999,4,399.9599915,331.9700012,13.27999973,US Center ,Texas,PENDING_PAYMENT,75217.0,191,9,,http://images.acmesports.sports/Nike+Men%27s+Free+5.0%2B+Running+Shoe,Nike Men's Free 5.0+ Running Shoe,99.98999786,0,7/13/2016 6:03,First Class
4019,DEBIT,6,4,94.08000183,391.980011,Late delivery,1,45,Fishing,Los Angeles,EE. UU.,XXXXXXXXX,Michael,3554,Smith,XXXXXXXXX,Corporate,CA,661 Lost Ridge,90001.0,7,Fan Shop,33.96017456,-118.2632217,Pacific Asia,Zhuhai,China,3554,1/6/2016 18:24,25400,1004,8.0,0.02,63623,399.980011,0.239999995,1,399.980011,391.980011,94.08000183,Eastern Asia,Guangdong,COMPLETE,,1004,45,,http://images.acmesports.sports/Field+%26+Stream+Sportsman+16+Gun+Fire+Safe,Field & Stream Sportsman 16 Gun Fire Safe,399.980011,0,1/12/2016 18:24,Standard Class
170365,TRANSFER,2,4,-73.29000092,99.98999786,Advance shipping,0,9,Cardio Equipment,Bayonne,EE. UU.,XXXXXXXXX,Frank,11651,Camacho,XXXXXXXXX,Home Office,NJ,3707 Misty Hollow,7002.0,3,Footwear,40.66480255,-74.11959076,LATAM,Santo André,Brasil,11651,1/29/2015 9:25,1946,191,0.0,0.0,4872,99.98999786,-0.730000019,1,99.98999786,99.98999786,-73.29000092,South America,São Paulo,PENDING,,191,9,,http://images.acmesports.sports/Nike+Men%27s+Free+5.0%2B+Running+Shoe,Nike Men's Free 5.0+ Running Shoe,99.98999786,0,1/31/2015 9:25,Standard Class
111039,PAYMENT,2,1,45.47999954,90.95999908,Late delivery,1,46,Indoor/Outdoor Games,Chula Vista,EE. UU.,XXXXXXXXX,Mary,6973,Krause,XXXXXXXXX,Home Office,CA,3412 Lazy Pony Circle,91910.0,7,Fan Shop,32.64635468,-117.0613861,Pacific Asia,Basra,Irak,6973,1/18/2017 3:30,51252,1014,9.0,0.090000004,128073,49.97999954,0.5,2,99.95999908,90.95999908,45.47999954,West Asia,Basora,PENDING_PAYMENT,,1014,46,,http://images.acmesports.sports/O%27Brien+Men%27s+Neoprene+Life+Vest,O'Brien Men's Neoprene Life Vest,49.97999954,0,1/20/2017 3:30,First Class
167027,PAYMENT,6,4,150.3899994,319.980011,Late delivery,1,45,Fishing,Las Vegas,EE. UU.,XXXXXXXXX,Elizabeth,1420,Smith,XXXXXXXXX,Home Office,NV,5046 Shady Sky Circle,89123.0,7,Fan Shop,36.0842514,-115.1730423,LATAM,San Luis Potosí,México,1420,4/22/2015 8:46,7630,1004,80.0,0.200000003,19093,399.980011,0.469999999,1,399.980011,319.980011,150.3899994,Central America,San Luis Potosí,PENDING_PAYMENT,,1004,45,,http://images.acmesports.sports/Field+%26+Stream+Sportsman+16+Gun+Fire+Safe,Field & Stream Sportsman 16 Gun Fire Safe,399.980011,0,4/28/2015 8:46,Standard Class
91887,PAYMENT,4,4,-108.0400009,161.9700012,Shipping on time,0,17,Cleats,Caguas,Puerto Rico,XXXXXXXXX,Jordan,6874,Freeman,XXXXXXXXX,Corporate,PR,9174 Heather Grove Port,725.0,4,Apparel,18.22496033,-66.37052918,USCA,Meriden,Estados Unidos,6874,7/8/2016 9:02,37978,365,18.0,0.100000001,94807,59.99000168,-0.670000017,3,179.9700012,161.9700012,-108.0400009,East of USA,Connecticut,PENDING_PAYMENT,6450.0,365,17,,http://images.acmesports.sports/Perfect+Fitness+Perfect+Rip+Deck,Perfect Fitness Perfect Rip Deck,59.99000168,0,7/12/2016 9:02,Standard Class
84958,TRANSFER,6,4,188.1499939,391.980011,Shipping canceled,0,45,Fishing,Chicago,EE. UU.,XXXXXXXXX,Jennifer,7794,Compton,XXXXXXXXX,Corporate,IL,37 Lost Hills Maze,60623.0,7,Fan Shop,41.89463806,-87.77702332,Europe,Courbevoie,Francia,7794,6/29/2015 23:23,12330,1004,8.0,0.02,30813,399.980011,0.479999989,1,399.980011,391.980011,188.1499939,Western Europe,Isla de Francia,CANCELED,,1004,45,,http://images.acmesports.sports/Field+%26+Stream+Sportsman+16+Gun+Fire+Safe,Field & Stream Sportsman 16 Gun Fire Safe,399.980011,0,7/5/2015 23:23,Standard Class
164443,DEBIT,6,4,15.59000015,141.75,Late delivery,1,24,Women's Apparel,Santa Cruz,EE. UU.,XXXXXXXXX,Mary,12241,Smith,XXXXXXXXX,Home Office,CA,7902 Blue Mountain,95060.0,5,Golf,36.97051239,-122.0238266,USCA,Asheville,Estados Unidos,12241,7/22/2016 17:04,38960,502,8.25,0.059999999,97262,50.0,0.109999999,3,150.0,141.75,15.59000015,South of  USA ,Carolina del Norte,ON_HOLD,28806.0,502,24,,http://images.acmesports.sports/Nike+Men%27s+Dri-FIT+Victory+Golf+Polo,Nike Men's Dri-FIT Victory Golf Polo,50.0,0,7/28/2016 17:04,Standard Class
11864,TRANSFER,4,4,18.79999924,39.99000168,Shipping on time,0,26,Girls' Apparel,Caguas,Puerto Rico,XXXXXXXXX,Gregory,352,Smith,XXXXXXXXX,Home Office,PR,6716 Wishing Pioneer Thicket,725.0,5,Golf,18.24756622,-66.02524567,Europe,Yambol,Bulgaria,352,12/20/2016 18:26,49308,572,0.0,0.0,123254,39.99000168,0.469999999,1,39.99000168,39.99000168,18.79999924,Eastern Europe,Yambol,PENDING,,572,26,,http://images.acmesports.sports/TYR+Boys%27+Team+Digi+Jammer,TYR Boys' Team Digi Jammer,39.99000168,0,12/24/2016 18:26,Standard Class
39033,DEBIT,0,0,27.45000076,105.5800018,Shipping on time,0,17,Cleats,Caguas,Puerto Rico,XXXXXXXXX,Ann,7026,Hester,XXXXXXXXX,Corporate,PR,3339 Cinder Rise,725.0,4,Apparel,18.27527428,-66.3705368,Europe,Madrid,España,7026,9/26/2015 2:46,18368,365,14.39999962,0.119999997,45901,59.99000168,0.25999999,2,119.9800034,105.5800018,27.45000076,Southern Europe,Madrid,ON_HOLD,,365,17,,http://images.acmesports.sports/Perfect+Fitness+Perfect+Rip+Deck,Perfect Fitness Perfect Rip Deck,59.99000168,0,9/26/2015 14:46,Same Day
66146,DEBIT,5,2,3.99000001,63.33000183,Late delivery,1,41,Trade-In,Beloit,EE. UU.,XXXXXXXXX,Mary,2908,Smith,XXXXXXXXX,Consumer,WI,2734 Hazy Butterfly Circle,53511.0,6,Outdoors,42.50544357,-89.04527283,Pacific Asia,Ardebil,Irán,2908,11/5/2016 23:13,46239,917,2.640000105,0.039999999,115581,21.98999977,0.059999999,3,65.97000122,63.33000183,3.99000001,South Asia,Ardebil,ON_HOLD,,917,41,,http://images.acmesports.sports/Glove+It+Women%27s+Mod+Oval+3-Zip+Carry+All+Golf+Bag,Glove It Women's Mod Oval 3-Zip Carry All Gol,21.98999977,0,11/10/2016 23:13,Second Class
113615,DEBIT,2,2,80.72000122,212.4199982,Shipping on time,0,46,Indoor/Outdoor Games,Caguas,Puerto Rico,XXXXXXXXX,Mary,7415,Smith,XXXXXXXXX,Consumer,PR,7869 Round Cider Square,725.0,7,Fan Shop,18.20859718,-66.37052155,LATAM,Igarassu,Brasil,7415,3/9/2015 7:05,4611,1014,37.49000168,0.150000006,11567,49.97999954,0.379999995,5,249.8999939,212.4199982,80.72000122,South America,Pernambuco,COMPLETE,,1014,46,,http://images.acmesports.sports/O%27Brien+Men%27s+Neoprene+Life+Vest,O'Brien Men's Neoprene Life Vest,49.97999954,0,3/11/2015 7:05,Second Class
17996,CASH,4,2,30.17000008,342.8200073,Late delivery,1,63,Children's Clothing,Campbell,EE. UU.,XXXXXXXXX,Anika,14001,Mccullough,XXXXXXXXX,Corporate,CA,8598 Red Dale Forest,95008.0,4,Apparel,38.42893982,-121.3671112,Europe,Bologna,Italia,14001,10/25/2017 8:43,70448,1350,14.27999973,0.039999999,173763,357.1000061,0.090000004,1,357.1000061,342.8200073,30.17000008,Southern Europe,Emilia-Romaña,CLOSED,,1350,63,,http://images.acmesports.sports/Children+heaters,Children's heaters,357.1000061,0,10/29/2017 8:43,Second Class
54521,TRANSFER,4,2,93.09999847,189.9900055,Shipping canceled,0,48,Water Sports,Detroit,EE. UU.,XXXXXXXXX,Barbara,7544,Smith,XXXXXXXXX,Consumer,MI,7962 Wishing Fox Harbour,48238.0,7,Fan Shop,42.39110184,-83.13121796,LATAM,Salina Cruz,México,7544,6/6/2017 15:24,60808,1073,10.0,0.050000001,152166,199.9900055,0.49000001,1,199.9900055,189.9900055,93.09999847,Central America,Oaxaca,SUSPECTED_FRAUD,,1073,48,,http://images.acmesports.sports/Pelican+Sunstream+100+Kayak,Pelican Sunstream 100 Kayak,199.9900055,0,6/10/2017 15:24,Second Class
12258,DEBIT,6,2,95.44999695,207.5,Late delivery,1,24,Women's Apparel,Caguas,Puerto Rico,XXXXXXXXX,Mary,12112,Smith,XXXXXXXXX,Consumer,PR,9092 Middle Deer Dale,725.0,5,Golf,18.29018974,-66.37055969,LATAM,Puebla,México,12112,1/26/2015 21:30,1775,502,42.5,0.170000002,4432,50.0,0.460000008,5,250.0,207.5,95.44999695,Central America,Puebla,COMPLETE,,502,24,,http://images.acmesports.sports/Nike+Men%27s+Dri-FIT+Victory+Golf+Polo,Nike Men's Dri-FIT Victory Golf Polo,50.0,0,2/1/2015 21:30,Second Class
33987,CASH,4,4,-18.01000023,110.4899979,Shipping on time,0,18,Men's Footwear,Glenview,EE. UU.,XXXXXXXXX,Jordan,1015,Smith,XXXXXXXXX,Consumer,IL,5593 Merry Pine Dell,60025.0,4,Apparel,42.0731163,-87.85407257,Pacific Asia,Aksaray,Turquía,1015,12/27/2016 4:35,49748,403,19.5,0.150000006,124354,129.9900055,-0.159999996,1,129.9900055,110.4899979,-18.01000023,West Asia,Aksaray,CLOSED,,403,18,,http://images.acmesports.sports/Nike+Men%27s+CJ+Elite+2+TD+Football+Cleat,Nike Men's CJ Elite 2 TD Football Cleat,129.9900055,0,12/31/2016 4:35,Standard Class
136118,TRANSFER,4,4,56.38999939,119.9700012,Shipping on time,0,29,Shop By Sport,Long Beach,EE. UU.,XXXXXXXXX,Albert,636,Merritt,XXXXXXXXX,Consumer,CA,9296 Hazy Goose Bend,90806.0,5,Golf,33.88067246,-118.2067871,Europe,Gelsenkirchen,Alemania,636,6/8/2015 23:57,10893,627,0.0,0.0,27285,39.99000168,0.469999999,3,119.9700012,119.9700012,56.38999939,Western Europe,Renania del Norte-Westfalia,PROCESSING,,627,29,,http://images.acmesports.sports/Under+Armour+Girls%27+Toddler+Spine+Surge+Running+Shoe,Under Armour Girls' Toddler Spine Surge Runni,39.99000168,0,6/12/2015 23:57,Standard Class
103962,DEBIT,2,1,52.5,149.9900055,Late delivery,1,48,Water Sports,Caguas,Puerto Rico,XXXXXXXXX,Mary,5438,Smith,XXXXXXXXX,Home Office,PR,3593 Blue Brook Acres,725.0,7,Fan Shop,18.29011154,-66.3705368,Europe,Conflans-Sainte-Honorine,Francia,5438,8/7/2015 1:05,14938,1073,50.0,0.25,37408,199.9900055,0.349999994,1,199.9900055,149.9900055,52.5,Western Europe,Isla de Francia,ON_HOLD,,1073,48,,http://images.acmesports.sports/Pelican+Sunstream+100+Kayak,Pelican Sunstream 100 Kayak,199.9900055,0,8/9/2015 1:05,First Class
26328,CASH,4,4,3.24000001,269.9599915,Shipping on time,0,17,Cleats,Caguas,Puerto Rico,XXXXXXXXX,Mary,11610,Smith,XXXXXXXXX,Corporate,PR,3099 Blue Spring Glen,725.0,4,Apparel,18.24618149,-66.37055206,USCA,San Antonio,Estados Unidos,11610,6/25/2016 0:28,37063,365,30.0,0.100000001,92480,59.99000168,0.01,5,299.9500122,269.9599915,3.24000001,US Center ,Texas,CLOSED,78207.0,365,17,,http://images.acmesports.sports/Perfect+Fitness+Perfect+Rip+Deck,Perfect Fitness Perfect Rip Deck,59.99000168,0,6/29/2016 0:28,Standard Class
117748,TRANSFER,1,0,129.5800018,269.9599915,Late delivery,1,17,Cleats,Seattle,EE. UU.,XXXXXXXXX,Emily,8014,Powers,XXXXXXXXX,Consumer,WA,2954 Red Pioneer Port,98115.0,4,Apparel,47.67869949,-122.3217621,Pacific Asia,Hefei,China,8014,2/4/2016 12:55,27371,365,30.0,0.100000001,68545,59.99000168,0.479999989,5,299.9500122,269.9599915,129.5800018,Eastern Asia,Anhui,PROCESSING,,365,17,,http://images.acmesports.sports/Perfect+Fitness+Perfect+Rip+Deck,Perfect Fitness Perfect Rip Deck,59.99000168,0,2/5/2016 0:55,Same Day
120541,TRANSFER,5,4,108.8899994,299.980011,Late delivery,1,43,Camping & Hiking,New York,EE. UU.,XXXXXXXXX,Mary,5836,Orr,XXXXXXXXX,Consumer,NY,849 Noble Apple Private,10128.0,7,Fan Shop,40.65302277,-73.94683838,Europe,Ludwigsburg,Alemania,5836,8/8/2015 21:14,15064,957,0.0,0.0,37698,299.980011,0.360000014,1,299.980011,299.980011,108.8899994,Western Europe,Baden-Wurtemberg,PENDING,,957,43,,http://images.acmesports.sports/Diamondback+Women%27s+Serene+Classic+Comfort+Bike+2014,Diamondback Women's Serene Classic Comfort Bi,299.980011,0,8/13/2015 21:14,Standard Class
172828,CASH,0,0,68.51000214,236.25,Shipping on time,0,24,Women's Apparel,Caguas,Puerto Rico,XXXXXXXXX,Mary,5607,Heath,XXXXXXXXX,Consumer,PR,681 Tawny Range,725.0,5,Golf,18.21191216,-66.37062073,Africa,Lagos,Nigeria,5607,9/21/2016 1:02,43093,502,13.75,0.059999999,107656,50.0,0.289999992,5,250.0,236.25,68.51000214,West Africa,Lagos,CLOSED,,502,24,,http://images.acmesports.sports/Nike+Men%27s+Dri-FIT+Victory+Golf+Polo,Nike Men's Dri-FIT Victory Golf Polo,50.0,0,9/21/2016 13:02,Same Day
36556,PAYMENT,6,2,56.43999863,165.9900055,Late delivery,1,29,Shop By Sport,Fremont,EE. UU.,XXXXXXXXX,Ethan,10125,Smith,XXXXXXXXX,Consumer,CA,7573 Golden Treasure Centre,94536.0,5,Golf,37.55712128,-121.9916382,Europe,Hamburgo,Alemania,10125,9/5/2017 4:14,67010,625,34.0,0.170000002,167502,199.9900055,0.340000004,1,199.9900055,165.9900055,56.43999863,Western Europe,Hamburgo,PENDING_PAYMENT,,625,29,,http://images.acmesports.sports/Nike+Men%27s+Kobe+IX+Elite+Low+Basketball+Shoe,Nike Men's Kobe IX Elite Low Basketball Shoe,199.9900055,0,9/11/2017 4:14,Second Class
105336,PAYMENT,4,2,8.25,191.9199982,Late delivery,1,46,Indoor/Outdoor Games,Encinitas,EE. UU.,XXXXXXXXX,Katherine,9357,Spence,XXXXXXXXX,Corporate,CA,9920 Cozy Terrace,92024.0,7,Fan Shop,33.04647064,-117.2896729,LATAM,Victoria,México,9357,6/8/2017 7:41,60923,1014,8.0,0.039999999,152432,49.97999954,0.039999999,4,199.9199982,191.9199982,8.25,Central America,Tamaulipas,PENDING_PAYMENT,,1014,46,,http://images.acmesports.sports/O%27Brien+Men%27s+Neoprene+Life+Vest,O'Brien Men's Neoprene Life Vest,49.97999954,0,6/12/2017 7:41,Second Class
31462,PAYMENT,6,2,-14.65999985,89.94999695,Late delivery,1,36,Golf Balls,Buffalo,EE. UU.,XXXXXXXXX,Mary,4846,Lambert,XXXXXXXXX,Consumer,NY,1399 Dewy Expressway,14215.0,6,Outdoors,42.94129181,-78.80055237,Europe,Le Havre,Francia,4846,9/9/2015 1:34,17200,797,0.0,0.0,43018,17.98999977,-0.159999996,5,89.94999695,89.94999695,-14.65999985,Western Europe,Normandía,PENDING_PAYMENT,,797,36,,http://images.acmesports.sports/Hirzl+Women%27s+Soffft+Flex+Golf+Glove,Hirzl Women's Soffft Flex Golf Glove,17.98999977,0,9/15/2015 1:34,Second Class
160459,TRANSFER,6,4,31.94000053,122.8399963,Late delivery,1,18,Men's Footwear,Caguas,Puerto Rico,XXXXXXXXX,Mary,11534,Kim,XXXXXXXXX,Consumer,PR,7902 Blue Mountain,725.0,4,Apparel,18.26375771,-66.37055206,Pacific Asia,Bekasi,Indonesia,11534,11/24/2015 22:08,22465,403,7.150000095,0.059999999,56221,129.9900055,0.25999999,1,129.9900055,122.8399963,31.94000053,Southeast Asia,Java Occidental,PROCESSING,,403,18,,http://images.acmesports.sports/Nike+Men%27s+CJ+Elite+2+TD+Football+Cleat,Nike Men's CJ Elite 2 TD Football Cleat,129.9900055,0,11/30/2015 22:08,Standard Class
22587,DEBIT,4,4,-22.79999924,113.9800034,Shipping on time,0,17,Cleats,Humacao,Puerto Rico,XXXXXXXXX,Robert,4669,Smith,XXXXXXXXX,Consumer,PR,4905 Lazy Stead,791.0,4,Apparel,18.1501503,-65.82595062,USCA,Guelph,Canada,4669,1/11/2017 3:41,50773,365,6.0,0.050000001,126888,59.99000168,-0.200000003,2,119.9800034,113.9800034,-22.79999924,Canada,Ontario,COMPLETE,,365,17,,http://images.acmesports.sports/Perfect+Fitness+Perfect+Rip+Deck,Perfect Fitness Perfect Rip Deck,59.99000168,0,1/15/2017 3:41,Standard Class
123557,TRANSFER,4,4,-14.25,126.0899963,Shipping on time,0,18,Men's Footwear,Caguas,Puerto Rico,XXXXXXXXX,Judy,9238,Gillespie,XXXXXXXXX,Corporate,PR,3880 Rustic Port,725.0,4,Apparel,18.22192192,-66.37055969,Europe,Frankfurt,Alemania,9238,8/25/2015 0:01,16168,403,3.900000095,0.029999999,40348,129.9900055,-0.109999999,1,129.9900055,126.0899963,-14.25,Western Europe,Hesse,PROCESSING,,403,18,,http://images.acmesports.sports/Nike+Men%27s+CJ+Elite+2+TD+Football+Cleat,Nike Men's CJ Elite 2 TD Football Cleat,129.9900055,0,8/29/2015 0:01,Standard Class
101548,DEBIT,2,4,12.22000027,193.9199982,Advance shipping,0,46,Indoor/Outdoor Games,Caguas,Puerto Rico,XXXXXXXXX,Madison,6352,Smith,XXXXXXXXX,Home Office,PR,4167 Stony Extension,725.0,7,Fan Shop,18.23068428,-66.37052918,USCA,La Porte,Estados Unidos,6352,4/20/2016 7:13,32561,1014,6.0,0.029999999,81443,49.97999954,0.059999999,4,199.9199982,193.9199982,12.22000027,US Center ,Indiana,COMPLETE,46350.0,1014,46,,http://images.acmesports.sports/O%27Brien+Men%27s+Neoprene+Life+Vest,O'Brien Men's Neoprene Life Vest,49.97999954,0,4/22/2016 7:13,Standard Class
40897,DEBIT,2,4,63.70000076,129.9900055,Advance shipping,0,18,Men's Footwear,Caguas,Puerto Rico,XXXXXXXXX,Mary,3589,Smith,XXXXXXXXX,Corporate,PR,8056 Burning River Limits,725.0,4,Apparel,18.29557228,-66.37051392,LATAM,Montevideo,Uruguay,3589,5/14/2015 4:53,9126,403,0.0,0.0,22774,129.9900055,0.49000001,1,129.9900055,129.9900055,63.70000076,South America,Montevideo,COMPLETE,,403,18,,http://images.acmesports.sports/Nike+Men%27s+CJ+Elite+2+TD+Football+Cleat,Nike Men's CJ Elite 2 TD Football Cleat,129.9900055,0,5/16/2015 4:53,Standard Class
59583,DEBIT,3,4,75.19999695,399.980011,Advance shipping,0,45,Fishing,Mission Viejo,EE. UU.,XXXXXXXXX,Raymond,4807,Rodgers,XXXXXXXXX,Corporate,CA,3796 Lost Hollow,92691.0,7,Fan Shop,33.62104797,-117.6759186,Europe,Saint-Malo,Francia,4807,7/25/2015 21:57,14107,1004,0.0,0.0,35299,399.980011,0.189999998,1,399.980011,399.980011,75.19999695,Western Europe,Bretaña,COMPLETE,,1004,45,,http://images.acmesports.sports/Field+%26+Stream+Sportsman+16+Gun+Fire+Safe,Field & Stream Sportsman 16 Gun Fire Safe,399.980011,0,7/28/2015 21:57,Standard Class
18136,CASH,2,2,118.2900009,363.980011,Shipping on time,0,45,Fishing,Wyoming,EE. UU.,XXXXXXXXX,Mary,10265,Ramirez,XXXXXXXXX,Corporate,MI,7464 Sunny Grove,49509.0,7,Fan Shop,42.34708023,-83.15725708,LATAM,Managua,Nicaragua,10265,2/4/2015 23:04,2396,1004,36.0,0.090000004,5987,399.980011,0.330000013,1,399.980011,363.980011,118.2900009,Central America,Managua,CLOSED,,1004,45,,http://images.acmesports.sports/Field+%26+Stream+Sportsman+16+Gun+Fire+Safe,Field & Stream Sportsman 16 Gun Fire Safe,399.980011,0,2/6/2015 23:04,Second Class
14887,DEBIT,5,4,63.24000168,186.0,Late delivery,1,24,Women's Apparel,Rock Hill,EE. UU.,XXXXXXXXX,Michael,6213,Richardson,XXXXXXXXX,Corporate,SC,4672 Easy Alley,29730.0,5,Golf,34.82991028,-81.10264587,Pacific Asia,Medina,Arabia Saudí,6213,9/17/2016 9:48,42844,502,14.0,0.07,106983,50.0,0.340000004,4,200.0,186.0,63.24000168,West Asia,Medina,COMPLETE,,502,24,,http://images.acmesports.sports/Nike+Men%27s+Dri-FIT+Victory+Golf+Polo,Nike Men's Dri-FIT Victory Golf Polo,50.0,0,9/22/2016 9:48,Standard Class
97277,DEBIT,1,0,37.43000031,143.9799957,Late delivery,1,17,Cleats,Bend,EE. UU.,XXXXXXXXX,Mary,2125,Smith,XXXXXXXXX,Home Office,OR,3888 Rustic Line,97701.0,4,Apparel,44.07599258,-120.9686584,Europe,Verona,Italia,2125,6/26/2017 16:04,62180,365,35.99000168,0.200000003,155471,59.99000168,0.25999999,3,179.9700012,143.9799957,37.43000031,Southern Europe,Véneto,COMPLETE,,365,17,,http://images.acmesports.sports/Perfect+Fitness+Perfect+Rip+Deck,Perfect Fitness Perfect Rip Deck,59.99000168,0,6/27/2017 4:04,Same Day
170049,TRANSFER,5,4,160.6999969,357.1000061,Late delivery,1,63,Children's Clothing,Newark,EE. UU.,XXXXXXXXX,Imogene,13987,Best,XXXXXXXXX,Home Office,NJ,6314 Honey Canyon,7105.0,4,Apparel,40.72727966,-74.15975189,Europe,Turin,Italia,13987,10/25/2017 3:49,70434,1350,0.0,0.0,173749,357.1000061,0.449999988,1,357.1000061,357.1000061,160.6999969,Southern Europe,Piamonte,PENDING,,1350,63,,http://images.acmesports.sports/Children+heaters,Children's heaters,357.1000061,0,10/30/2017 3:49,Standard Class
1416,PAYMENT,4,4,60.52000046,126.0899963,Shipping on time,0,18,Men's Footwear,Caguas,Puerto Rico,XXXXXXXXX,Mary,5382,Smith,XXXXXXXXX,Home Office,PR,6104 Rocky Sky Vale,725.0,4,Apparel,18.29100418,-66.37060547,Europe,Rostock,Alemania,5382,7/19/2017 16:55,63758,403,3.900000095,0.029999999,159366,129.9900055,0.479999989,1,129.9900055,126.0899963,60.52000046,Western Europe,Mecklemburgo-Pomerania Occidental,PENDING_PAYMENT,,403,18,,http://images.acmesports.sports/Nike+Men%27s+CJ+Elite+2+TD+Football+Cleat,Nike Men's CJ Elite 2 TD Football Cleat,129.9900055,0,7/23/2017 16:55,Standard Class
111797,PAYMENT,0,0,46.47999954,185.9299927,Shipping on time,0,46,Indoor/Outdoor Games,Philadelphia,EE. UU.,XXXXXXXXX,Mary,8620,Briggs,XXXXXXXXX,Corporate,PA,6582 Hidden Grounds,19124.0,7,Fan Shop,40.01907349,-75.04532623,Africa,Kigali,Ruanda,8620,12/9/2016 4:57,48516,1014,13.98999977,0.07,121328,49.97999954,0.25,4,199.9199982,185.9299927,46.47999954,East Africa,Kigali,PENDING_PAYMENT,,1014,46,,http://images.acmesports.sports/O%27Brien+Men%27s+Neoprene+Life+Vest,O'Brien Men's Neoprene Life Vest,49.97999954,0,12/9/2016 16:57,Same Day
95321,DEBIT,6,4,-139.5800018,181.9799957,Late delivery,1,9,Cardio Equipment,Walnut,EE. UU.,XXXXXXXXX,Mary,9805,Camacho,XXXXXXXXX,Consumer,CA,8675 Little Arbor,91789.0,3,Footwear,33.88021851,-118.1467438,Europe,Ivry-sur-Seine,Francia,9805,9/14/2017 14:12,67655,191,18.0,0.090000004,169144,99.98999786,-0.769999981,2,199.9799957,181.9799957,-139.5800018,Western Europe,Isla de Francia,COMPLETE,,191,9,,http://images.acmesports.sports/Nike+Men%27s+Free+5.0%2B+Running+Shoe,Nike Men's Free 5.0+ Running Shoe,99.98999786,0,9/20/2017 14:12,Standard Class
96473,DEBIT,2,1,78.73999786,224.9900055,Late delivery,1,43,Camping & Hiking,Garden Grove,EE. UU.,XXXXXXXXX,Gary,3792,Kelly,XXXXXXXXX,Home Office,CA,660 Wishing Path,92843.0,7,Fan Shop,33.77434921,-117.9047775,LATAM,Zapopan,México,3792,3/21/2017 18:08,55541,957,75.0,0.25,138912,299.980011,0.349999994,1,299.980011,224.9900055,78.73999786,Central America,Jalisco,ON_HOLD,,957,43,,http://images.acmesports.sports/Diamondback+Women%27s+Serene+Classic+Comfort+Bike+2014,Diamondback Women's Serene Classic Comfort Bi,299.980011,0,3/23/2017 18:08,First Class
128698,DEBIT,2,4,-29.70000076,148.5,Advance shipping,0,24,Women's Apparel,Brooklyn,EE. UU.,XXXXXXXXX,Sandra,3336,Hunter,XXXXXXXXX,Consumer,NY,6350 Lost Hollow,11209.0,5,Golf,40.61923981,-74.03337097,Europe,Gelsenkirchen,Alemania,3336,9/18/2017 0:53,67891,502,1.5,0.01,169743,50.0,-0.200000003,3,150.0,148.5,-29.70000076,Western Europe,Renania del Norte-Westfalia,ON_HOLD,,502,24,,http://images.acmesports.sports/Nike+Men%27s+Dri-FIT+Victory+Golf+Polo,Nike Men's Dri-FIT Victory Golf Polo,50.0,0,9/20/2017 0:53,Standard Class
119882,TRANSFER,6,2,-18.67000008,248.9600067,Late delivery,1,17,Cleats,Placentia,EE. UU.,XXXXXXXXX,Samantha,2362,Smith,XXXXXXXXX,Consumer,CA,7126 Hazy Berry Mount,92870.0,4,Apparel,33.99459839,-117.9534302,LATAM,Managua,Nicaragua,2362,5/19/2017 18:55,59585,365,50.99000168,0.170000002,149131,59.99000168,-0.079999998,5,299.9500122,248.9600067,-18.67000008,Central America,Managua,PENDING,,365,17,,http://images.acmesports.sports/Perfect+Fitness+Perfect+Rip+Deck,Perfect Fitness Perfect Rip Deck,59.99000168,0,5/25/2017 18:55,Second Class
95298,DEBIT,3,4,-0.980000019,69.98000336,Advance shipping,0,3,Baseball & Softball,Yuma,EE. UU.,XXXXXXXXX,Mary,10376,Davidson,XXXXXXXXX,Consumer,AZ,182 Indian Horse Diversion,85364.0,2,Fitness,32.68590164,-114.6244736,Europe,Talavera de la Reina,España,10376,8/6/2015 19:29,14922,37,0.0,0.0,37366,34.99000168,-0.01,2,69.98000336,69.98000336,-0.980000019,Southern Europe,Castilla-La Mancha,COMPLETE,,37,3,,http://images.acmesports.sports/adidas+Kids%27+F5+Messi+FG+Soccer+Cleat,adidas Kids' F5 Messi FG Soccer Cleat,34.99000168,0,8/9/2015 19:29,Standard Class
151911,DEBIT,6,4,178.3500061,363.980011,Late delivery,1,45,Fishing,Pacoima,EE. UU.,XXXXXXXXX,Richard,6779,Durham,XXXXXXXXX,Corporate,CA,6292 Hidden Treasure Thicket,91331.0,7,Fan Shop,34.47901917,-117.3552856,USCA,San Diego,Estados Unidos,6779,6/22/2016 20:37,36915,1004,36.0,0.090000004,92121,399.980011,0.49000001,1,399.980011,363.980011,178.3500061,West of USA ,California,COMPLETE,92105.0,1004,45,,http://images.acmesports.sports/Field+%26+Stream+Sportsman+16+Gun+Fire+Safe,Field & Stream Sportsman 16 Gun Fire Safe,399.980011,0,6/28/2016 20:37,Standard Class
173408,CASH,3,4,75.65000153,290.980011,Advance shipping,0,43,Camping & Hiking,Caguas,Puerto Rico,XXXXXXXXX,Mary,8704,Mclean,XXXXXXXXX,Consumer,PR,6767 Shady Chase,725.0,7,Fan Shop,18.21791649,-66.37062073,Africa,Dakar,Senegal,8704,12/19/2016 1:47,49192,957,9.0,0.029999999,123001,299.980011,0.25999999,1,299.980011,290.980011,75.65000153,West Africa,Dakar,CLOSED,,957,43,,http://images.acmesports.sports/Diamondback+Women%27s+Serene+Classic+Comfort+Bike+2014,Diamondback Women's Serene Classic Comfort Bi,299.980011,0,12/22/2016 1:47,Standard Class
65907,DEBIT,2,2,11.0699997,147.5800018,Shipping on time,0,17,Cleats,South El Monte,EE. UU.,XXXXXXXXX,Steven,11765,Smith,XXXXXXXXX,Consumer,CA,4900 Cotton Maze,91733.0,4,Apparel,34.0472908,-118.0503235,Europe,Birmingham,Reino Unido,11765,7/18/2015 0:25,13566,365,32.38999939,0.180000007,33994,59.99000168,0.079999998,3,179.9700012,147.5800018,11.0699997,Northern Europe,Inglaterra,COMPLETE,,365,17,,http://images.acmesports.sports/Perfect+Fitness+Perfect+Rip+Deck,Perfect Fitness Perfect Rip Deck,59.99000168,0,7/20/2015 0:25,Second Class
78612,DEBIT,2,1,-10.46000004,165.9900055,Late delivery,1,48,Water Sports,Jacksonville,EE. UU.,XXXXXXXXX,Mary,6504,Herman,XXXXXXXXX,Corporate,FL,5078 Foggy Panda Highlands,32225.0,7,Fan Shop,30.35342217,-81.51309204,USCA,Houston,Estados Unidos,6504,7/10/2016 2:01,38095,1073,34.0,0.170000002,95086,199.9900055,-0.059999999,1,199.9900055,165.9900055,-10.46000004,US Center ,Texas,COMPLETE,77041.0,1073,48,,http://images.acmesports.sports/Pelican+Sunstream+100+Kayak,Pelican Sunstream 100 Kayak,199.9900055,0,7/12/2016 2:01,First Class
45443,PAYMENT,5,4,197.9900055,395.980011,Late delivery,1,45,Fishing,Los Angeles,EE. UU.,XXXXXXXXX,Mary,5741,Spencer,XXXXXXXXX,Corporate,CA,805 Amber Hills Crossing,90023.0,7,Fan Shop,34.02837372,-118.2148743,Europe,Frankfurt,Alemania,5741,8/5/2015 16:09,14844,1004,4.0,0.01,37170,399.980011,0.5,1,399.980011,395.980011,197.9900055,Western Europe,Hesse,PENDING_PAYMENT,,1004,45,,http://images.acmesports.sports/Field+%26+Stream+Sportsman+16+Gun+Fire+Safe,Field & Stream Sportsman 16 Gun Fire Safe,399.980011,0,8/10/2015 16:09,Standard Class
156362,TRANSFER,2,1,115.9899979,399.980011,Late delivery,1,45,Fishing,Caguas,Puerto Rico,XXXXXXXXX,Mary,8153,Frye,XXXXXXXXX,Consumer,PR,417 Hidden Rabbit Crossing,725.0,7,Fan Shop,18.26672554,-66.37063599,Pacific Asia,Manila,Filipinas,8153,11/18/2015 13:23,22029,1004,0.0,0.0,55095,399.980011,0.289999992,1,399.980011,399.980011,115.9899979,Southeast Asia,Capital Nacional,PENDING,,1004,45,,http://images.acmesports.sports/Field+%26+Stream+Sportsman+16+Gun+Fire+Safe,Field & Stream Sportsman 16 Gun Fire Safe,399.980011,0,11/20/2015 13:23,First Class
148628,DEBIT,6,4,104.8300018,363.980011,Late delivery,1,45,Fishing,Caguas,Puerto Rico,XXXXXXXXX,Jonathan,11132,Washington,XXXXXXXXX,Home Office,PR,5346 Blue Anchor Dale,725.0,7,Fan Shop,18.21182251,-66.37051392,Europe,Dublín,Irlanda,11132,6/16/2015 2:34,11380,1004,36.0,0.090000004,28456,399.980011,0.289999992,1,399.980011,363.980011,104.8300018,Northern Europe,Dublín,COMPLETE,,1004,45,,http://images.acmesports.sports/Field+%26+Stream+Sportsman+16+Gun+Fire+Safe,Field & Stream Sportsman 16 Gun Fire Safe,399.980011,0,6/22/2015 2:34,Standard Class
169531,TRANSFER,2,2,6.960000038,110.4899979,Shipping on time,0,18,Men's Footwear,Simi Valley,EE. UU.,XXXXXXXXX,Steven,8834,Herring,XXXXXXXXX,Home Office,CA,2137 Rustic Dale Crest,93065.0,4,Apparel,34.27391052,-118.7662125,USCA,Philadelphia,Estados Unidos,8834,8/5/2016 5:29,39886,403,19.5,0.150000006,99508,129.9900055,0.059999999,1,129.9900055,110.4899979,6.960000038,East of USA,Pensilvania,PENDING,19120.0,403,18,,http://images.acmesports.sports/Nike+Men%27s+CJ+Elite+2+TD+Football+Cleat,Nike Men's CJ Elite 2 TD Football Cleat,129.9900055,0,8/7/2016 5:29,Second Class
107053,TRANSFER,5,2,14.28999996,43.97999954,Late delivery,1,46,Indoor/Outdoor Games,Caguas,Puerto Rico,XXXXXXXXX,Mary,5838,Smith,XXXXXXXXX,Corporate,PR,3538 Rustic Dale Run,725.0,7,Fan Shop,18.2053833,-66.37057495,LATAM,Quibdó,Colombia,5838,3/13/2017 6:14,54959,1014,6.0,0.119999997,137444,49.97999954,0.330000013,1,49.97999954,43.97999954,14.28999996,South America,Chocó,PENDING,,1014,46,,http://images.acmesports.sports/O%27Brien+Men%27s+Neoprene+Life+Vest,O'Brien Men's Neoprene Life Vest,49.97999954,0,3/18/2017 6:14,Second Class
48821,DEBIT,5,2,-130.5700073,76.80000305,Late delivery,1,72,Pet Supplies,Los Angeles,EE. UU.,XXXXXXXXX,Lacota,19117,Mcdowell,XXXXXXXXX,Corporate,CA,789 Old Deer Acres,90027.0,11,Pet Shop,34.13646698,-118.2665558,Pacific Asia,Luoyang,China,19117,1/8/2018 1:05,75564,1359,7.599999905,0.090000004,178879,84.40000153,-1.700000048,1,84.40000153,76.80000305,-130.5700073,Eastern Asia,Henan,COMPLETE,,1359,72,,http://images.acmesports.sports/Adult+dog+supplies,Adult dog supplies,84.40000153,0,1/13/2018 1:05,Second Class
150237,DEBIT,4,4,19.39999962,484.9500122,Shipping on time,0,9,Cardio Equipment,Caguas,Puerto Rico,XXXXXXXXX,Tammy,1704,Sandoval,XXXXXXXXX,Home Office,PR,1338 Silent Fawn Bay,725.0,3,Footwear,18.27787781,-66.37055969,Africa,Kinshasa,República Democrática del Congo,1704,9/22/2016 19:05,43213,191,15.0,0.029999999,107950,99.98999786,0.039999999,5,499.9500122,484.9500122,19.39999962,Central Africa,Kinshasa,COMPLETE,,191,9,,http://images.acmesports.sports/Nike+Men%27s+Free+5.0%2B+Running+Shoe,Nike Men's Free 5.0+ Running Shoe,99.98999786,0,9/26/2016 19:05,Standard Class
5908,CASH,2,1,2.160000086,107.8899994,Late delivery,1,18,Men's Footwear,Plano,EE. UU.,XXXXXXXXX,Ethan,6362,Smith,XXXXXXXXX,Consumer,TX,7192 Misty Diversion,75093.0,4,Apparel,33.03541946,-96.85540009,LATAM,Salvador,Brasil,6362,4/13/2015 11:46,7022,403,22.10000038,0.170000002,17584,129.9900055,0.02,1,129.9900055,107.8899994,2.160000086,South America,Bahía,CLOSED,,403,18,,http://images.acmesports.sports/Nike+Men%27s+CJ+Elite+2+TD+Football+Cleat,Nike Men's CJ Elite 2 TD Football Cleat,129.9900055,0,4/15/2015 11:46,First Class
127983,DEBIT,3,4,47.0,100.0,Advance shipping,0,24,Women's Apparel,Los Angeles,EE. UU.,XXXXXXXXX,Mary,4498,Brown,XXXXXXXXX,Consumer,CA,516 Dewy Bluff Swale,90047.0,5,Golf,34.04558563,-118.2479172,Pacific Asia,Newcastle,Australia,4498,12/13/2015 15:16,23747,502,0.0,0.0,59425,50.0,0.469999999,2,100.0,100.0,47.0,Oceania,Nueva Gales del Sur,COMPLETE,,502,24,,http://images.acmesports.sports/Nike+Men%27s+Dri-FIT+Victory+Golf+Polo,Nike Men's Dri-FIT Victory Golf Polo,50.0,0,12/16/2015 15:16,Standard Class
164917,DEBIT,2,4,76.90000153,227.5,Advance shipping,0,24,Women's Apparel,Chicago,EE. UU.,XXXXXXXXX,Daniel,3417,Joseph,XXXXXXXXX,Home Office,IL,4516 Dewy Sky Turnabout,60645.0,5,Golf,41.63134384,-87.5241394,Europe,Madrid,España,3417,7/17/2015 3:24,13506,502,22.5,0.090000004,33847,50.0,0.340000004,5,250.0,227.5,76.90000153,Southern Europe,Madrid,COMPLETE,,502,24,,http://images.acmesports.sports/Nike+Men%27s+Dri-FIT+Victory+Golf+Polo,Nike Men's Dri-FIT Victory Golf Polo,50.0,0,7/19/2015 3:24,Standard Class
3918,CASH,0,0,20.34000015,41.5,Shipping on time,0,24,Women's Apparel,Caguas,Puerto Rico,XXXXXXXXX,Edward,6726,Ryan,XXXXXXXXX,Corporate,PR,2385 Lost Zephyr Green,725.0,5,Golf,18.26427651,-66.37059021,Pacific Asia,Broken Hill,Australia,6726,1/13/2016 2:27,25834,502,8.5,0.170000002,64674,50.0,0.49000001,1,50.0,41.5,20.34000015,Oceania,Nueva Gales del Sur,CLOSED,,502,24,,http://images.acmesports.sports/Nike+Men%27s+Dri-FIT+Victory+Golf+Polo,Nike Men's Dri-FIT Victory Golf Polo,50.0,0,1/13/2016 14:27,Same Day
83897,DEBIT,4,4,28.38999939,109.1900024,Shipping on time,0,18,Men's Footwear,Clearfield,EE. UU.,XXXXXXXXX,Mary,9642,Bowers,XXXXXXXXX,Consumer,UT,6943 Tawny Log Road,84015.0,4,Apparel,41.13985825,-112.1206818,LATAM,Tegucigalpa,Honduras,9642,2/9/2017 22:23,52813,403,20.79999924,0.159999996,132027,129.9900055,0.25999999,1,129.9900055,109.1900024,28.38999939,Central America,Francisco Morazán,COMPLETE,,403,18,,http://images.acmesports.sports/Nike+Men%27s+CJ+Elite+2+TD+Football+Cleat,Nike Men's CJ Elite 2 TD Football Cleat,129.9900055,0,2/13/2017 22:23,Standard Class
25167,DEBIT,2,1,12.72999954,144.6499939,Late delivery,1,67,DVDs,Brooklyn,EE. UU.,XXXXXXXXX,Christine,18638,Roman,XXXXXXXXX,Corporate,NY,1014 Colonial Cider Terrace,11212.0,9,Discs Shop,40.66080093,-73.92007446,Pacific Asia,Sydney,Australia,18638,1/1/2018 1:16,75085,1354,19.72999954,0.119999997,178400,164.3800049,0.090000004,1,164.3800049,144.6499939,12.72999954,Oceania,Nueva Gales del Sur,ON_HOLD,,1354,67,,http://images.acmesports.sports/DVDs,DVDs ,164.3800049,0,1/3/2018 1:16,First Class
53261,DEBIT,6,2,-86.44999695,181.9900055,Late delivery,1,48,Water Sports,Arecibo,Puerto Rico,XXXXXXXXX,Ronald,11319,Smith,XXXXXXXXX,Consumer,PR,7723 Middle Lane,612.0,7,Fan Shop,39.49591446,-98.98998261,Europe,London,Reino Unido,11319,8/26/2017 0:44,66315,1073,18.0,0.090000004,165759,199.9900055,-0.479999989,1,199.9900055,181.9900055,-86.44999695,Northern Europe,Inglaterra,COMPLETE,,1073,48,,http://images.acmesports.sports/Pelican+Sunstream+100+Kayak,Pelican Sunstream 100 Kayak,199.9900055,0,9/1/2017 0:44,Second Class
52249,DEBIT,4,4,5.539999962,11.53999996,Shipping on time,0,74,Toys,Bellflower,EE. UU.,XXXXXXXXX,Myra,19666,Lowe,XXXXXXXXX,Corporate,CA,4566 Burning Deer Meadow,90706.0,7,Fan Shop,33.84074402,-118.1248779,Pacific Asia,Semarang,Indonesia,19666,1/16/2018 1:25,76113,1361,0.0,0.0,179428,11.53999996,0.479999989,1,11.53999996,11.53999996,5.539999962,Southeast Asia,Java Central,ON_HOLD,,1361,74,,http://images.acmesports.sports/Toys ,Toys ,11.53999996,0,1/20/2018 1:25,Standard Class
145028,DEBIT,4,4,69.80000305,142.4400024,Shipping on time,0,46,Indoor/Outdoor Games,Caguas,Puerto Rico,XXXXXXXXX,Christina,2181,Smith,XXXXXXXXX,Corporate,PR,5008 Hidden Autoroute,725.0,7,Fan Shop,18.23473167,-66.37063599,Europe,Schwerin,Alemania,2181,6/25/2015 20:36,12048,1014,7.5,0.050000001,30115,49.97999954,0.49000001,3,149.9400024,142.4400024,69.80000305,Western Europe,Mecklemburgo-Pomerania Occidental,ON_HOLD,,1014,46,,http://images.acmesports.sports/O%27Brien+Men%27s+Neoprene+Life+Vest,O'Brien Men's Neoprene Life Vest,49.97999954,0,6/29/2015 20:36,Standard Class
92097,PAYMENT,3,4,79.79000092,227.9600067,Advance shipping,0,17,Cleats,Caguas,Puerto Rico,XXXXXXXXX,Theresa,10163,Smith,XXXXXXXXX,Corporate,PR,2125 Gentle Cove,725.0,4,Apparel,18.21525955,-66.37057495,Pacific Asia,Sabzevar,Irán,10163,9/28/2016 7:52,43592,365,12.0,0.050000001,108861,59.99000168,0.349999994,4,239.9600067,227.9600067,79.79000092,South Asia,Jorasán Razaví,PENDING_PAYMENT,,365,17,,http://images.acmesports.sports/Perfect+Fitness+Perfect+Rip+Deck,Perfect Fitness Perfect Rip Deck,59.99000168,0,10/1/2016 7:52,Standard Class
122644,TRANSFER,2,2,39.97000122,97.48999786,Shipping canceled,0,18,Men's Footwear,Caguas,Puerto Rico,XXXXXXXXX,Matthew,9616,Grant,XXXXXXXXX,Corporate,PR,4780 Honey Bluff Circuit,725.0,4,Apparel,18.22518158,-66.37056732,LATAM,Mejicanos,El Salvador,9616,1/4/2015 13:50,246,403,32.5,0.25,613,129.9900055,0.409999996,1,129.9900055,97.48999786,39.97000122,Central America,San Salvador,SUSPECTED_FRAUD,,403,18,,http://images.acmesports.sports/Nike+Men%27s+CJ+Elite+2+TD+Football+Cleat,Nike Men's CJ Elite 2 TD Football Cleat,129.9900055,0,1/6/2015 13:50,Second Class
127849,DEBIT,4,4,40.34000015,98.37999725,Shipping on time,0,17,Cleats,Littleton,EE. UU.,XXXXXXXXX,Mary,2,Barrett,XXXXXXXXX,Consumer,CO,9526 Noble Embers Ridge,80126.0,4,Apparel,38.37559509,-104.7260208,LATAM,San Pedro Sula,Honduras,2,4/26/2017 2:40,57963,365,21.60000038,0.180000007,145019,59.99000168,0.409999996,2,119.9800034,98.37999725,40.34000015,Central America,Cortés,ON_HOLD,,365,17,,http://images.acmesports.sports/Perfect+Fitness+Perfect+Rip+Deck,Perfect Fitness Perfect Rip Deck,59.99000168,0,4/30/2017 2:40,Standard Class
51487,TRANSFER,2,1,8.520000458,97.94999695,Late delivery,1,32,Golf Apparel,Baltimore,EE. UU.,XXXXXXXXX,Ruth,8847,Brown,XXXXXXXXX,Consumer,MD,6904 Umber Berry Village,21218.0,6,Outdoors,39.29223633,-76.53083801,USCA,Phoenix,Estados Unidos,8847,7/10/2016 2:43,38097,703,2.0,0.02,95096,19.98999977,0.090000004,5,99.94999695,97.94999695,8.520000458,West of USA ,Arizona,PENDING,85023.0,703,32,,http://images.acmesports.sports/Top+Flite+Women%27s+2014+XL+Hybrid,Top Flite Women's 2014 XL Hybrid,19.98999977,0,7/12/2016 2:43,First Class
92790,TRANSFER,2,1,30.60000038,169.9799957,Shipping canceled,0,9,Cardio Equipment,Caguas,Puerto Rico,XXXXXXXXX,Mary,8548,Smith,XXXXXXXXX,Corporate,PR,754 High Bear Diversion,725.0,3,Footwear,18.26843453,-66.3706131,LATAM,Tlaquepaque,México,8548,3/14/2017 5:42,55026,191,30.0,0.150000006,137621,99.98999786,0.180000007,2,199.9799957,169.9799957,30.60000038,Central America,Jalisco,SUSPECTED_FRAUD,,191,9,,http://images.acmesports.sports/Nike+Men%27s+Free+5.0%2B+Running+Shoe,Nike Men's Free 5.0+ Running Shoe,99.98999786,0,3/16/2017 5:42,First Class
36289,PAYMENT,1,0,83.98000336,167.9600067,Late delivery,1,29,Shop By Sport,San Marcos,EE. UU.,XXXXXXXXX,Betty,2169,Ayala,XXXXXXXXX,Consumer,CA,1701 Heather Acres,92069.0,5,Golf,33.14486313,-117.1681213,LATAM,Villa Alemana,Chile,2169,1/27/2017 23:38,51926,627,31.98999977,0.159999996,129741,39.99000168,0.5,5,199.9499969,167.9600067,83.98000336,South America,Valparaíso,PENDING_PAYMENT,,627,29,,http://images.acmesports.sports/Under+Armour+Girls%27+Toddler+Spine+Surge+Running+Shoe,Under Armour Girls' Toddler Spine Surge Runni,39.99000168,0,1/28/2017 11:38,Same Day
131000,PAYMENT,5,2,44.40000153,94.45999908,Late delivery,1,46,Indoor/Outdoor Games,Nashville,EE. UU.,XXXXXXXXX,Mary,12267,Smith,XXXXXXXXX,Home Office,TN,8675 Rocky Road,37211.0,7,Fan Shop,36.20269775,-86.98390961,Pacific Asia,Napier,Nueva Zelanda,12267,3/29/2016 10:45,31064,1014,5.5,0.059999999,77639,49.97999954,0.469999999,2,99.95999908,94.45999908,44.40000153,Oceania,Hawke's Bay,PENDING_PAYMENT,,1014,46,,http://images.acmesports.sports/O%27Brien+Men%27s+Neoprene+Life+Vest,O'Brien Men's Neoprene Life Vest,49.97999954,0,4/3/2016 10:45,Second Class
131842,DEBIT,3,4,-26.98999977,134.9499969,Advance shipping,0,46,Indoor/Outdoor Games,Caguas,Puerto Rico,XXXXXXXXX,Johnny,6122,Smith,XXXXXXXXX,Home Office,PR,1465 Round Fawn Passage,725.0,7,Fan Shop,18.26138115,-66.37056732,Pacific Asia,Adelaide,Australia,6122,2/13/2016 10:59,27982,1014,14.98999977,0.100000001,70023,49.97999954,-0.200000003,3,149.9400024,134.9499969,-26.98999977,Oceania,Australia del Sur,COMPLETE,,1014,46,,http://images.acmesports.sports/O%27Brien+Men%27s+Neoprene+Life+Vest,O'Brien Men's Neoprene Life Vest,49.97999954,0,2/16/2016 10:59,Standard Class
15239,TRANSFER,6,4,103.4000015,220.0,Late delivery,1,24,Women's Apparel,Campbell,EE. UU.,XXXXXXXXX,Denise,1565,Smith,XXXXXXXXX,Consumer,CA,8598 Red Dale Forest,95008.0,5,Golf,38.42893982,-121.3671112,Europe,Halle,Alemania,1565,10/17/2015 3:58,19810,502,30.0,0.119999997,49506,50.0,0.469999999,5,250.0,220.0,103.4000015,Western Europe,Renania del Norte-Westfalia,PENDING,,502,24,,http://images.acmesports.sports/Nike+Men%27s+Dri-FIT+Victory+Golf+Polo,Nike Men's Dri-FIT Victory Golf Polo,50.0,0,10/23/2015 3:58,Standard Class
96837,DEBIT,2,1,-80.62000275,100.7699966,Late delivery,1,29,Shop By Sport,Redmond,EE. UU.,XXXXXXXXX,Mary,5682,Proctor,XXXXXXXXX,Home Office,WA,9601 Jagged River Bay,98052.0,5,Golf,47.68619156,-122.1272049,LATAM,Santa Ana,El Salvador,5682,1/27/2015 13:58,1822,627,19.20000076,0.159999996,4554,39.99000168,-0.800000012,3,119.9700012,100.7699966,-80.62000275,Central America,Santa Ana,COMPLETE,,627,29,,http://images.acmesports.sports/Under+Armour+Girls%27+Toddler+Spine+Surge+Running+Shoe,Under Armour Girls' Toddler Spine Surge Runni,39.99000168,0,1/29/2015 13:58,First Class
72349,TRANSFER,3,2,19.88999939,110.4899979,Late delivery,1,18,Men's Footwear,Miami,EE. UU.,XXXXXXXXX,Mark,6923,Reid,XXXXXXXXX,Corporate,FL,4132 Broad Gate Lane,33155.0,4,Apparel,25.81466293,-80.19554138,USCA,Los Angeles,Estados Unidos,6923,6/3/2016 11:21,35587,403,19.5,0.150000006,88866,129.9900055,0.180000007,1,129.9900055,110.4899979,19.88999939,West of USA ,California,PROCESSING,90004.0,403,18,,http://images.acmesports.sports/Nike+Men%27s+CJ+Elite+2+TD+Football+Cleat,Nike Men's CJ Elite 2 TD Football Cleat,129.9900055,0,6/6/2016 11:21,Second Class
94282,DEBIT,6,4,114.7399979,254.9799957,Late delivery,1,43,Camping & Hiking,North Hollywood,EE. UU.,XXXXXXXXX,Mary,9244,Smith,XXXXXXXXX,Consumer,CA,6548 Clear Towers,91605.0,7,Fan Shop,34.16981888,-118.3789902,Pacific Asia,Raipur,India,9244,3/2/2016 12:43,29220,957,45.0,0.150000006,73091,299.980011,0.449999988,1,299.980011,254.9799957,114.7399979,South Asia,Chhattisgarh,COMPLETE,,957,43,,http://images.acmesports.sports/Diamondback+Women%27s+Serene+Classic+Comfort+Bike+2014,Diamondback Women's Serene Classic Comfort Bi,299.980011,0,3/8/2016 12:43,Standard Class
151172,DEBIT,6,4,0.0,371.980011,Late delivery,1,45,Fishing,Sacramento,EE. UU.,XXXXXXXXX,Mary,7141,Jackson,XXXXXXXXX,Corporate,CA,7760 Golden Limits,95822.0,7,Fan Shop,38.49541855,-121.479187,USCA,Seattle,Estados Unidos,7141,8/6/2016 3:54,39950,1004,28.0,0.07,99677,399.980011,0.0,1,399.980011,371.980011,0.0,West of USA ,Washington,COMPLETE,98103.0,1004,45,,http://images.acmesports.sports/Field+%26+Stream+Sportsman+16+Gun+Fire+Safe,Field & Stream Sportsman 16 Gun Fire Safe,399.980011,0,8/12/2016 3:54,Standard Class
125255,PAYMENT,3,2,10.5,29.98999977,Late delivery,1,29,Shop By Sport,Caguas,Puerto Rico,XXXXXXXXX,Mary,7991,Conrad,XXXXXXXXX,Consumer,PR,1453 Amber Deer Farm,725.0,5,Golf,18.24212265,-66.37052918,Europe,Rambouillet,Francia,7991,10/1/2015 12:03,18737,627,10.0,0.25,46854,39.99000168,0.349999994,1,39.99000168,29.98999977,10.5,Western Europe,Isla de Francia,PENDING_PAYMENT,,627,29,,http://images.acmesports.sports/Under+Armour+Girls%27+Toddler+Spine+Surge+Running+Shoe,Under Armour Girls' Toddler Spine Surge Runni,39.99000168,0,10/4/2015 12:03,Second Class
174363,CASH,5,4,23.11000061,67.98000336,Late delivery,1,29,Shop By Sport,Caguas,Puerto Rico,XXXXXXXXX,Mary,4728,Smith,XXXXXXXXX,Consumer,PR,1764 Thunder View Quay,725.0,5,Golf,18.2739563,-66.37049866,LATAM,San Juan del Río,México,4728,1/19/2017 8:14,51334,627,12.0,0.150000006,128303,39.99000168,0.340000004,2,79.98000336,67.98000336,23.11000061,Central America,Querétaro,CLOSED,,627,29,,http://images.acmesports.sports/Under+Armour+Girls%27+Toddler+Spine+Surge+Running+Shoe,Under Armour Girls' Toddler Spine Surge Runni,39.99000168,0,1/24/2017 8:14,Standard Class
30673,TRANSFER,2,4,4.800000191,42.5,Advance shipping,0,24,Women's Apparel,Caguas,Puerto Rico,XXXXXXXXX,Marie,8883,Davis,XXXXXXXXX,Home Office,PR,3271 Sunny Green,725.0,5,Golf,18.20650864,-66.37055969,USCA,La Porte,Estados Unidos,8883,4/18/2016 11:25,32436,502,7.5,0.150000006,81116,50.0,0.109999999,1,50.0,42.5,4.800000191,US Center ,Indiana,PROCESSING,46350.0,502,24,,http://images.acmesports.sports/Nike+Men%27s+Dri-FIT+Victory+Golf+Polo,Nike Men's Dri-FIT Victory Golf Polo,50.0,0,4/20/2016 11:25,Standard Class
26189,CASH,3,4,57.36999893,351.9599915,Advance shipping,0,9,Cardio Equipment,Caguas,Puerto Rico,XXXXXXXXX,Mary,8613,Kirk,XXXXXXXXX,Corporate,PR,5455 Hidden Cloud Carrefour,725.0,3,Footwear,18.28564835,-66.3706131,Pacific Asia,Bandung,Indonesia,8613,1/28/2016 7:51,26877,191,48.0,0.119999997,67340,99.98999786,0.159999996,4,399.9599915,351.9599915,57.36999893,Southeast Asia,Java Occidental,CLOSED,,191,9,,http://images.acmesports.sports/Nike+Men%27s+Free+5.0%2B+Running+Shoe,Nike Men's Free 5.0+ Running Shoe,99.98999786,0,1/31/2016 7:51,Standard Class
104860,TRANSFER,2,1,10.17000008,89.95999908,Shipping canceled,0,46,Indoor/Outdoor Games,Caguas,Puerto Rico,XXXXXXXXX,Doris,599,Smith,XXXXXXXXX,Corporate,PR,567 Fallen Pines,725.0,7,Fan Shop,18.35129738,-65.96298218,Europe,Cologne,Alemania,599,7/5/2017 13:04,62788,1014,10.0,0.100000001,156980,49.97999954,0.109999999,2,99.95999908,89.95999908,10.17000008,Western Europe,Renania del Norte-Westfalia,SUSPECTED_FRAUD,,1014,46,,http://images.acmesports.sports/O%27Brien+Men%27s+Neoprene+Life+Vest,O'Brien Men's Neoprene Life Vest,49.97999954,0,7/7/2017 13:04,First Class
150090,DEBIT,2,4,46.16999817,194.0,Advance shipping,0,24,Women's Apparel,Caguas,Puerto Rico,XXXXXXXXX,Mary,3291,Parrish,XXXXXXXXX,Home Office,PR,9794 Indian Quail Manor,725.0,5,Golf,18.29473114,-66.37054443,LATAM,Santa Clara,Cuba,3291,1/13/2015 20:18,881,502,6.0,0.029999999,2202,50.0,0.239999995,4,200.0,194.0,46.16999817,Caribbean,Villa Clara,COMPLETE,,502,24,,http://images.acmesports.sports/Nike+Men%27s+Dri-FIT+Victory+Golf+Polo,Nike Men's Dri-FIT Victory Golf Polo,50.0,0,1/15/2015 20:18,Standard Class
75053,PAYMENT,2,2,0.0,188.9900055,Shipping on time,0,48,Water Sports,Houston,EE. UU.,XXXXXXXXX,Mary,6090,Smith,XXXXXXXXX,Home Office,TX,6442 Emerald Rise Extension,77084.0,7,Fan Shop,29.89122582,-95.29463959,USCA,Chicago,Estados Unidos,6090,8/19/2016 19:50,40886,1073,11.0,0.059999999,102049,199.9900055,0.0,1,199.9900055,188.9900055,0.0,US Center ,Illinois,PAYMENT_REVIEW,60610.0,1073,48,,http://images.acmesports.sports/Pelican+Sunstream+100+Kayak,Pelican Sunstream 100 Kayak,199.9900055,0,8/21/2016 19:50,Second Class
177766,DEBIT,2,2,20.29000092,124.4499969,Shipping on time,0,46,Indoor/Outdoor Games,Caguas,Puerto Rico,XXXXXXXXX,Kenneth,487,Brown,XXXXXXXXX,Consumer,PR,6183 Little Passage,725.0,7,Fan Shop,18.35419464,-66.07129669,Europe,Turku,Finlandia,487,6/8/2015 2:13,10831,1014,25.48999977,0.170000002,27104,49.97999954,0.159999996,3,149.9400024,124.4499969,20.29000092,Northern Europe,Finlandia del Sudoeste,COMPLETE,,1014,46,,http://images.acmesports.sports/O%27Brien+Men%27s+Neoprene+Life+Vest,O'Brien Men's Neoprene Life Vest,49.97999954,0,6/10/2015 2:13,Second Class
148007,DEBIT,5,2,171.1100006,371.980011,Late delivery,1,45,Fishing,Canton,EE. UU.,XXXXXXXXX,Aaron,11754,Smith,XXXXXXXXX,Corporate,MI,5543 Golden Pioneer Front,48187.0,7,Fan Shop,42.34844208,-83.43744659,USCA,Lowell,Estados Unidos,11754,8/21/2016 20:11,41024,1004,28.0,0.07,102400,399.980011,0.460000008,1,399.980011,371.980011,171.1100006,East of USA,Massachusetts,COMPLETE,1852.0,1004,45,,http://images.acmesports.sports/Field+%26+Stream+Sportsman+16+Gun+Fire+Safe,Field & Stream Sportsman 16 Gun Fire Safe,399.980011,0,8/26/2016 20:11,Second Class
109703,TRANSFER,2,1,105.7799988,406.8399963,Late delivery,1,62,Cameras ,New Bedford,EE. UU.,XXXXXXXXX,Basia,12960,Camacho,XXXXXXXXX,Consumer,MA,2553 Merry Chase ,2740.0,10,Technology,41.63562393,-70.93080139,Europe,Palermo,Italia,12960,10/10/2017 4:00,69407,1349,45.20000076,0.100000001,172722,452.0400085,0.25999999,1,452.0400085,406.8399963,105.7799988,Southern Europe,Sicilia,PENDING,,1349,62,,http://images.acmesports.sports/Web+Camera,Web Camera,452.0400085,0,10/12/2017 4:00,First Class
168856,TRANSFER,2,1,27.0,150.0,Late delivery,1,24,Women's Apparel,Union,EE. UU.,XXXXXXXXX,Douglas,5632,Mcbride,XXXXXXXXX,Home Office,NJ,8659 Foggy Deer Port,7083.0,5,Golf,40.70845795,-74.25527954,LATAM,Tegucigalpa,Honduras,5632,4/13/2017 13:01,57102,502,50.0,0.25,142825,50.0,0.180000007,4,200.0,150.0,27.0,Central America,Francisco Morazán,PROCESSING,,502,24,,http://images.acmesports.sports/Nike+Men%27s+Dri-FIT+Victory+Golf+Polo,Nike Men's Dri-FIT Victory Golf Polo,50.0,0,4/15/2017 13:01,First Class
14406,DEBIT,5,4,85.54000092,182.0,Late delivery,1,24,Women's Apparel,Pomona,EE. UU.,XXXXXXXXX,Mary,3457,Weaver,XXXXXXXXX,Corporate,CA,1557 High Spring Cove,91766.0,5,Golf,34.04991913,-117.7161026,Africa,Kigali,Ruanda,3457,11/28/2016 7:15,47769,502,18.0,0.090000004,119444,50.0,0.469999999,4,200.0,182.0,85.54000092,East Africa,Kigali,COMPLETE,,502,24,,http://images.acmesports.sports/Nike+Men%27s+Dri-FIT+Victory+Golf+Polo,Nike Men's Dri-FIT Victory Golf Polo,50.0,0,12/3/2016 7:15,Standard Class
13537,DEBIT,3,4,42.29000092,89.98999786,Advance shipping,0,17,Cleats,Milpitas,EE. UU.,XXXXXXXXX,Mary,1002,Lowe,XXXXXXXXX,Corporate,CA,9462 Round Island,95035.0,4,Apparel,37.42661285,-121.91082,Pacific Asia,Singapur,Singapur,1002,12/23/2015 1:15,24392,365,30.0,0.25,61016,59.99000168,0.469999999,2,119.9800034,89.98999786,42.29000092,Southeast Asia,Singapur,COMPLETE,,365,17,,http://images.acmesports.sports/Perfect+Fitness+Perfect+Rip+Deck,Perfect Fitness Perfect Rip Deck,59.99000168,0,12/26/2015 1:15,Standard Class
41805,DEBIT,3,4,20.12999916,123.4899979,Advance shipping,0,18,Men's Footwear,Caguas,Puerto Rico,XXXXXXXXX,Mary,6446,Smith,XXXXXXXXX,Corporate,PR,153 Merry Loop,725.0,4,Apparel,18.24231911,-66.37060547,USCA,Marion,Estados Unidos,6446,8/14/2016 21:04,40547,403,6.5,0.050000001,101167,129.9900055,0.159999996,1,129.9900055,123.4899979,20.12999916,US Center ,Iowa,COMPLETE,52302.0,403,18,,http://images.acmesports.sports/Nike+Men%27s+CJ+Elite+2+TD+Football+Cleat,Nike Men's CJ Elite 2 TD Football Cleat,129.9900055,0,8/17/2016 21:04,Standard Class
90318,PAYMENT,5,2,120.0,250.0,Late delivery,1,24,Women's Apparel,Caguas,Puerto Rico,XXXXXXXXX,Elizabeth,3171,Moss,XXXXXXXXX,Corporate,PR,1025 Colonial Plaza,725.0,5,Golf,18.29140282,-66.37052155,Europe,Nice,Francia,3171,7/2/2015 19:21,12524,502,0.0,0.0,31341,50.0,0.479999989,5,250.0,250.0,120.0,Western Europe,Provenza-Alpes-Costa Azul,PENDING_PAYMENT,,502,24,,http://images.acmesports.sports/Nike+Men%27s+Dri-FIT+Victory+Golf+Polo,Nike Men's Dri-FIT Victory Golf Polo,50.0,0,7/7/2015 19:21,Second Class
116828,TRANSFER,2,1,9.600000381,127.9700012,Late delivery,1,29,Shop By Sport,Pompano Beach,EE. UU.,XXXXXXXXX,Mary,8390,Ritter,XXXXXXXXX,Consumer,FL,6188 Foggy Beacon Via,33068.0,5,Golf,26.21472931,-80.23004913,LATAM,Quito,Ecuador,8390,4/16/2017 14:35,57312,627,31.98999977,0.200000003,143363,39.99000168,0.079999998,4,159.9600067,127.9700012,9.600000381,South America,Pichincha,PENDING,,627,29,,http://images.acmesports.sports/Under+Armour+Girls%27+Toddler+Spine+Surge+Running+Shoe,Under Armour Girls' Toddler Spine Surge Runni,39.99000168,0,4/18/2017 14:35,First Class
30023,PAYMENT,2,2,136.6999969,278.9700012,Shipping on time,0,5,Lacrosse,New York,EE. UU.,XXXXXXXXX,Heather,7983,Merritt,XXXXXXXXX,Corporate,NY,6450 Thunder Log Crossing,10009.0,2,Fitness,40.72668076,-73.97971344,LATAM,Bucaramanga,Colombia,7983,4/25/2017 22:27,57951,78,21.0,0.07,144993,99.98999786,0.49000001,3,299.9700012,278.9700012,136.6999969,South America,Santander,PENDING_PAYMENT,,78,5,,http://images.acmesports.sports/Nike+Kids%27+Grade+School+KD+VI+Basketball+Shoe,Nike Kids' Grade School KD VI Basketball Shoe,99.98999786,0,4/27/2017 22:27,Second Class
77823,TRANSFER,5,4,15.36999989,40.97999954,Late delivery,1,46,Indoor/Outdoor Games,Greensboro,EE. UU.,XXXXXXXXX,Laura,3463,Adams,XXXXXXXXX,Consumer,NC,3505 Middle Glen,27410.0,7,Fan Shop,36.08757019,-79.88663483,Europe,Cork,Irlanda,3463,8/22/2017 5:18,66054,1014,9.0,0.180000007,165094,49.97999954,0.379999995,1,49.97999954,40.97999954,15.36999989,Northern Europe,Cork,PROCESSING,,1014,46,,http://images.acmesports.sports/O%27Brien+Men%27s+Neoprene+Life+Vest,O'Brien Men's Neoprene Life Vest,49.97999954,0,8/27/2017 5:18,Standard Class
152416,PAYMENT,3,4,40.68000031,359.980011,Advance shipping,0,45,Fishing,Santee,EE. UU.,XXXXXXXXX,Steven,5131,Barr,XXXXXXXXX,Home Office,CA,2897 Cozy Sky Farms,92071.0,7,Fan Shop,32.85623932,-116.975441,USCA,Springfield,Estados Unidos,5131,5/24/2016 23:38,34937,1004,40.0,0.100000001,87287,399.980011,0.109999999,1,399.980011,359.980011,40.68000031,East of USA,Ohio,PENDING_PAYMENT,45503.0,1004,45,,http://images.acmesports.sports/Field+%26+Stream+Sportsman+16+Gun+Fire+Safe,Field & Stream Sportsman 16 Gun Fire Safe,399.980011,0,5/27/2016 23:38,Standard Class
109769,TRANSFER,2,1,127.3899994,391.980011,Late delivery,1,45,Fishing,New Bedford,EE. UU.,XXXXXXXXX,Teresa,1250,Smith,XXXXXXXXX,Consumer,MA,9725 Cotton Forest,2740.0,7,Fan Shop,41.63562393,-70.93080139,Europe,Montreuil,Francia,1250,10/19/2015 15:32,19980,1004,8.0,0.02,49948,399.980011,0.330000013,1,399.980011,391.980011,127.3899994,Western Europe,Isla de Francia,PENDING,,1004,45,,http://images.acmesports.sports/Field+%26+Stream+Sportsman+16+Gun+Fire+Safe,Field & Stream Sportsman 16 Gun Fire Safe,399.980011,0,10/21/2015 15:32,First Class
147488,PAYMENT,2,1,175.9900055,351.980011,Late delivery,1,45,Fishing,Mentor,EE. UU.,XXXXXXXXX,John,3775,Johnson,XXXXXXXXX,Home Office,OH,4221 Broad Limits,44060.0,7,Fan Shop,41.6532898,-81.3658371,Europe,Viena,Austria,3775,9/20/2016 8:13,43045,1004,48.0,0.119999997,107531,399.980011,0.5,1,399.980011,351.980011,175.9900055,Western Europe,Viena,PENDING_PAYMENT,,1004,45,,http://images.acmesports.sports/Field+%26+Stream+Sportsman+16+Gun+Fire+Safe,Field & Stream Sportsman 16 Gun Fire Safe,399.980011,0,9/22/2016 8:13,First Class
78293,PAYMENT,4,4,51.8199997,191.9199982,Shipping on time,0,46,Indoor/Outdoor Games,Caguas,Puerto Rico,XXXXXXXXX,Jonathan,11316,Keith,XXXXXXXXX,Home Office,PR,154 Blue Cape,725.0,7,Fan Shop,18.23365212,-66.37059784,Europe,Edinburgh,Reino Unido,11316,7/26/2017 18:50,64243,1014,8.0,0.039999999,160620,49.97999954,0.270000011,4,199.9199982,191.9199982,51.8199997,Northern Europe,Escocia,PENDING_PAYMENT,,1014,46,,http://images.acmesports.sports/O%27Brien+Men%27s+Neoprene+Life+Vest,O'Brien Men's Neoprene Life Vest,49.97999954,0,7/30/2017 18:50,Standard Class
170853,TRANSFER,2,4,0.349999994,26.54999924,Advance shipping,0,13,Electronics,Wayne,EE. UU.,XXXXXXXXX,Mary,6869,Smith,XXXXXXXXX,Home Office,NJ,1399 Cozy Place,7470.0,3,Footwear,40.92333984,-74.27801514,Pacific Asia,Bangkok,Tailandia,6869,1/6/2016 8:14,25371,276,5.440000057,0.170000002,63543,31.98999977,0.01,1,31.98999977,26.54999924,0.349999994,Southeast Asia,Bangkok,PROCESSING,,276,13,,http://images.acmesports.sports/Under+Armour+Women%27s+Ignite+Slide,Under Armour Women's Ignite Slide,31.98999977,0,1/8/2016 8:14,Standard Class
123191,TRANSFER,5,2,78.09999847,162.6999969,Late delivery,1,11,Fitness Accessories,Caguas,Puerto Rico,XXXXXXXXX,James,5824,Smith,XXXXXXXXX,Corporate,PR,2248 Bright Way,725.0,3,Footwear,18.20789528,-66.37052918,USCA,San Antonio,Estados Unidos,5824,4/4/2016 6:53,31464,235,12.25,0.07,78631,34.99000168,0.479999989,5,174.9499969,162.6999969,78.09999847,US Center ,Texas,PENDING,78207.0,235,11,,http://images.acmesports.sports/Under+Armour+Hustle+Storm+Medium+Duffle+Bag,Under Armour Hustle Storm Medium Duffle Bag,34.99000168,0,4/9/2016 6:53,Second Class
55559,PAYMENT,2,1,-129.1900024,189.9900055,Late delivery,1,48,Water Sports,San Jose,EE. UU.,XXXXXXXXX,Samantha,7140,Anderson,XXXXXXXXX,Corporate,CA,6715 Blue Run,95124.0,7,Fan Shop,37.26665497,-121.9148026,LATAM,Managua,Nicaragua,7140,4/2/2017 12:51,56348,1073,10.0,0.050000001,140936,199.9900055,-0.680000007,1,199.9900055,189.9900055,-129.1900024,Central America,Managua,PENDING_PAYMENT,,1073,48,,http://images.acmesports.sports/Pelican+Sunstream+100+Kayak,Pelican Sunstream 100 Kayak,199.9900055,0,4/4/2017 12:51,First Class
33495,CASH,3,4,24.19000053,128.6900024,Advance shipping,0,18,Men's Footwear,Strongsville,EE. UU.,XXXXXXXXX,Mary,11833,Weaver,XXXXXXXXX,Consumer,OH,2210 Merry Leaf Row,44136.0,4,Apparel,41.3469696,-81.82631683,LATAM,Portmore,Jamaica,11833,2/3/2017 20:39,52397,403,1.299999952,0.01,130950,129.9900055,0.189999998,1,129.9900055,128.6900024,24.19000053,Caribbean,Santa Caterina,CLOSED,,403,18,,http://images.acmesports.sports/Nike+Men%27s+CJ+Elite+2+TD+Football+Cleat,Nike Men's CJ Elite 2 TD Football Cleat,129.9900055,0,2/6/2017 20:39,Standard Class
168841,TRANSFER,2,1,-117.8000031,190.0,Late delivery,1,24,Women's Apparel,New Haven,EE. UU.,XXXXXXXXX,David,11860,Smith,XXXXXXXXX,Home Office,CT,4543 Cinder Link,6511.0,5,Golf,38.79813385,-76.89474487,LATAM,Tegucigalpa,Honduras,11860,4/25/2017 2:29,57894,502,10.0,0.050000001,144860,50.0,-0.620000005,4,200.0,190.0,-117.8000031,Central America,Francisco Morazán,PENDING,,502,24,,http://images.acmesports.sports/Nike+Men%27s+Dri-FIT+Victory+Golf+Polo,Nike Men's Dri-FIT Victory Golf Polo,50.0,0,4/27/2017 2:29,First Class
64890,DEBIT,5,2,114.3099976,346.3900146,Late delivery,1,63,Children's Clothing,San Antonio,EE. UU.,XXXXXXXXX,Ora,17922,Burt,XXXXXXXXX,Consumer,TX,6496 Noble Fawn Heights,78228.0,4,Apparel,29.47656632,-98.579216,Pacific Asia,Patiala,India,17922,12/21/2017 14:25,74369,1350,10.71000004,0.029999999,177684,357.1000061,0.330000013,1,357.1000061,346.3900146,114.3099976,South Asia,Punyab,COMPLETE,,1350,63,,http://images.acmesports.sports/Children+heaters,Children's heaters,357.1000061,0,12/26/2017 14:25,Second Class
41134,DEBIT,5,4,112.8499985,296.980011,Late delivery,1,43,Camping & Hiking,Caguas,Puerto Rico,XXXXXXXXX,Barbara,11100,Tucker,XXXXXXXXX,Corporate,PR,3421 Harvest Glade,725.0,7,Fan Shop,18.25505447,-66.37055969,LATAM,Ciego de Ávila,Cuba,11100,3/16/2015 8:18,5094,957,3.0,0.01,12735,299.980011,0.379999995,1,299.980011,296.980011,112.8499985,Caribbean,Ciego de Ávila,COMPLETE,,957,43,,http://images.acmesports.sports/Diamondback+Women%27s+Serene+Classic+Comfort+Bike+2014,Diamondback Women's Serene Classic Comfort Bi,299.980011,0,3/21/2015 8:18,Standard Class
101305,DEBIT,2,1,-85.01999664,141.6900024,Late delivery,1,46,Indoor/Outdoor Games,Long Beach,EE. UU.,XXXXXXXXX,Lawrence,2462,Kent,XXXXXXXXX,Consumer,CA,8400 Sunny Quail Lookout,90806.0,7,Fan Shop,33.79627991,-118.1914597,USCA,New York City,Estados Unidos,2462,5/3/2016 1:25,33435,1014,8.25,0.059999999,83483,49.97999954,-0.600000024,3,149.9400024,141.6900024,-85.01999664,East of USA,Nueva York,COMPLETE,10009.0,1014,46,,http://images.acmesports.sports/O%27Brien+Men%27s+Neoprene+Life+Vest,O'Brien Men's Neoprene Life Vest,49.97999954,0,5/5/2016 1:25,First Class
82213,DEBIT,4,4,14.69999981,58.79000092,Shipping on time,0,17,Cleats,Philadelphia,EE. UU.,XXXXXXXXX,Jacqueline,5671,Lam,XXXXXXXXX,Consumer,PA,1507 Hazy Elk Path,19120.0,4,Apparel,40.03164673,-75.12759399,Europe,Redditch,Reino Unido,5671,8/25/2015 22:47,16233,365,1.200000048,0.02,40530,59.99000168,0.25,1,59.99000168,58.79000092,14.69999981,Northern Europe,Inglaterra,COMPLETE,,365,17,,http://images.acmesports.sports/Perfect+Fitness+Perfect+Rip+Deck,Perfect Fitness Perfect Rip Deck,59.99000168,0,8/29/2015 22:47,Standard Class
59428,DEBIT,4,4,52.86999893,107.8899994,Shipping on time,0,18,Men's Footwear,Lakewood,EE. UU.,XXXXXXXXX,Mary,6574,Smith,XXXXXXXXX,Corporate,NJ,4546 Golden Hills Ridge,8701.0,4,Apparel,40.09635925,-74.21524048,Europe,Gloucester,Reino Unido,6574,9/28/2017 17:20,68623,403,22.10000038,0.170000002,171562,129.9900055,0.49000001,1,129.9900055,107.8899994,52.86999893,Northern Europe,Inglaterra,COMPLETE,,403,18,,http://images.acmesports.sports/Nike+Men%27s+CJ+Elite+2+TD+Football+Cleat,Nike Men's CJ Elite 2 TD Football Cleat,129.9900055,0,10/2/2017 17:20,Standard Class
11006,TRANSFER,2,1,27.43000031,75.5699997,Late delivery,1,13,Electronics,Caguas,Puerto Rico,XXXXXXXXX,Timothy,8602,Gilbert,XXXXXXXXX,Home Office,PR,469 Middle Berry Abbey,725.0,3,Footwear,18.29161835,-66.37057495,Europe,Salzburgo,Austria,8602,12/13/2016 16:10,48822,273,8.399999619,0.100000001,122101,27.98999977,0.360000014,3,83.97000122,75.5699997,27.43000031,Western Europe,Salzburgo,PROCESSING,,273,13,,http://images.acmesports.sports/Under+Armour+Kids%27+Mercenary+Slide,Under Armour Kids' Mercenary Slide,27.98999977,0,12/15/2016 16:10,First Class
130259,DEBIT,5,4,-185.8999939,331.9700012,Late delivery,1,9,Cardio Equipment,Madison,EE. UU.,XXXXXXXXX,Willie,9324,Parker,XXXXXXXXX,Consumer,WI,4388 Burning Goose Ridge,53704.0,3,Footwear,43.09559631,-89.35118866,Pacific Asia,Canberra,Australia,9324,11/10/2015 16:12,21489,191,67.98999786,0.170000002,53735,99.98999786,-0.560000002,4,399.9599915,331.9700012,-185.8999939,Oceania,Territorio de la Capital Australiana,COMPLETE,,191,9,,http://images.acmesports.sports/Nike+Men%27s+Free+5.0%2B+Running+Shoe,Nike Men's Free 5.0+ Running Shoe,99.98999786,0,11/15/2015 16:12,Standard Class
145212,PAYMENT,2,1,117.5899963,391.980011,Late delivery,1,45,Fishing,Caguas,Puerto Rico,XXXXXXXXX,Mary,2229,Hunt,XXXXXXXXX,Corporate,PR,5257 Umber Field,725.0,7,Fan Shop,18.2539711,-66.37059784,LATAM,Cúcuta,Colombia,2229,2/1/2017 9:05,52227,1004,8.0,0.02,130474,399.980011,0.300000012,1,399.980011,391.980011,117.5899963,South America,Norte de Santander,PENDING_PAYMENT,,1004,45,,http://images.acmesports.sports/Field+%26+Stream+Sportsman+16+Gun+Fire+Safe,Field & Stream Sportsman 16 Gun Fire Safe,399.980011,0,2/3/2017 9:05,First Class
48453,DEBIT,6,2,82.63999939,284.980011,Late delivery,1,43,Camping & Hiking,Far Rockaway,EE. UU.,XXXXXXXXX,Mary,10164,Parsons,XXXXXXXXX,Corporate,NY,2 Foggy Corners,11691.0,7,Fan Shop,42.08857727,-76.88853455,Europe,La Spezia,Italia,10164,7/10/2015 23:54,13085,957,15.0,0.050000001,32731,299.980011,0.289999992,1,299.980011,284.980011,82.63999939,Southern Europe,Liguria,COMPLETE,,957,43,,http://images.acmesports.sports/Diamondback+Women%27s+Serene+Classic+Comfort+Bike+2014,Diamondback Women's Serene Classic Comfort Bi,299.980011,0,7/16/2015 23:54,Second Class
3442,DEBIT,4,2,37.97000122,335.980011,Late delivery,1,45,Fishing,Bayamon,Puerto Rico,XXXXXXXXX,Mary,8398,Williams,XXXXXXXXX,Consumer,PR,3253 Colonial Embers Vista,957.0,7,Fan Shop,18.38011932,-66.18312836,LATAM,Pirapora,Brasil,8398,5/30/2015 15:43,10253,1004,64.0,0.159999996,25658,399.980011,0.109999999,1,399.980011,335.980011,37.97000122,South America,Minas Gerais,COMPLETE,,1004,45,,http://images.acmesports.sports/Field+%26+Stream+Sportsman+16+Gun+Fire+Safe,Field & Stream Sportsman 16 Gun Fire Safe,399.980011,0,6/3/2015 15:43,Second Class
137832,TRANSFER,5,4,106.5899963,327.980011,Late delivery,1,45,Fishing,Staten Island,EE. UU.,XXXXXXXXX,Nicholas,12226,Smith,XXXXXXXXX,Consumer,NY,3612 Silver Autumn Extension,10314.0,7,Fan Shop,40.58441544,-74.15991974,LATAM,Guadalajara,México,12226,5/5/2017 4:14,58584,1004,72.0,0.180000007,146614,399.980011,0.330000013,1,399.980011,327.980011,106.5899963,Central America,Jalisco,PENDING,,1004,45,,http://images.acmesports.sports/Field+%26+Stream+Sportsman+16+Gun+Fire+Safe,Field & Stream Sportsman 16 Gun Fire Safe,399.980011,0,5/10/2017 4:14,Standard Class
60921,DEBIT,6,4,54.49000168,207.1900024,Late delivery,1,76,Women's Clothing,Westerville,EE. UU.,XXXXXXXXX,Kay,17413,Sims,XXXXXXXXX,Corporate,OH,650 Quiet Spring Autoroute,43081.0,4,Apparel,40.11835098,-82.92810822,Pacific Asia,Coimbatore,India,17413,12/14/2017 4:05,73860,1363,8.630000114,0.039999999,177175,215.8200073,0.25999999,1,215.8200073,207.1900024,54.49000168,South Asia,Tamil Nadu,COMPLETE,,1363,76,,http://images.acmesports.sports/Summer+dresses,Summer dresses,215.8200073,0,12/20/2017 4:05,Standard Class
145521,TRANSFER,2,1,-569.9699707,379.980011,Late delivery,1,45,Fishing,Caguas,Puerto Rico,XXXXXXXXX,Judy,3688,Smith,XXXXXXXXX,Corporate,PR,236 Hidden Round,725.0,7,Fan Shop,18.26833916,-66.37060547,Pacific Asia,Dzhezkazgan,Kazajistán,3688,1/13/2017 9:38,50927,1004,20.0,0.050000001,127273,399.980011,-1.5,1,399.980011,379.980011,-569.9699707,Central Asia,Karagandá,PROCESSING,,1004,45,,http://images.acmesports.sports/Field+%26+Stream+Sportsman+16+Gun+Fire+Safe,Field & Stream Sportsman 16 Gun Fire Safe,399.980011,0,1/15/2017 9:38,First Class
37910,PAYMENT,4,2,53.29999924,164.0,Late delivery,1,24,Women's Apparel,Westerville,EE. UU.,XXXXXXXXX,Mary,10111,Garcia,XXXXXXXXX,Consumer,OH,5865 Colonial Glen,43081.0,5,Golf,40.09212112,-82.92552948,LATAM,Pinar del Río,Cuba,10111,1/21/2017 1:55,51453,502,36.0,0.180000007,128595,50.0,0.330000013,4,200.0,164.0,53.29999924,Caribbean,Pinar del Río,PENDING_PAYMENT,,502,24,,http://images.acmesports.sports/Nike+Men%27s+Dri-FIT+Victory+Golf+Polo,Nike Men's Dri-FIT Victory Golf Polo,50.0,0,1/25/2017 1:55,Second Class
158843,TRANSFER,3,4,4.900000095,39.18999863,Advance shipping,0,29,Shop By Sport,Caguas,Puerto Rico,XXXXXXXXX,James,7005,Carpenter,XXXXXXXXX,Consumer,PR,8307 Merry Pointe,725.0,5,Golf,18.20364761,-66.37063599,Africa,Bamako,Mali,7005,1/5/2017 3:42,50362,627,0.800000012,0.02,125847,39.99000168,0.129999995,1,39.99000168,39.18999863,4.900000095,West Africa,Bamako,PENDING,,627,29,,http://images.acmesports.sports/Under+Armour+Girls%27+Toddler+Spine+Surge+Running+Shoe,Under Armour Girls' Toddler Spine Surge Runni,39.99000168,0,1/8/2017 3:42,Standard Class
10256,TRANSFER,2,4,72.09999847,230.3600006,Advance shipping,0,17,Cleats,Harlingen,EE. UU.,XXXXXXXXX,Mary,6963,Smith,XXXXXXXXX,Corporate,TX,5723 Emerald Downs,78550.0,4,Apparel,26.19086266,-97.69604492,USCA,New York City,Estados Unidos,6963,4/15/2016 22:06,32261,365,9.600000381,0.039999999,80683,59.99000168,0.310000002,4,239.9600067,230.3600006,72.09999847,East of USA,Nueva York,PENDING,10011.0,365,17,,http://images.acmesports.sports/Perfect+Fitness+Perfect+Rip+Deck,Perfect Fitness Perfect Rip Deck,59.99000168,0,4/17/2016 22:06,Standard Class
156699,TRANSFER,2,1,-105.6399994,158.3699951,Late delivery,1,17,Cleats,Caguas,Puerto Rico,XXXXXXXXX,Mary,997,Price,XXXXXXXXX,Consumer,PR,2556 Wishing Zephyr Turnabout,725.0,4,Apparel,18.1464901,-66.54896545,Europe,Ravenna,Italia,997,10/3/2015 8:53,18865,365,21.60000038,0.119999997,47185,59.99000168,-0.670000017,3,179.9700012,158.3699951,-105.6399994,Southern Europe,Emilia-Romaña,PENDING,,365,17,,http://images.acmesports.sports/Perfect+Fitness+Perfect+Rip+Deck,Perfect Fitness Perfect Rip Deck,59.99000168,0,10/5/2015 8:53,First Class
7947,CASH,4,4,43.65000153,290.980011,Shipping on time,0,43,Camping & Hiking,Caguas,Puerto Rico,XXXXXXXXX,James,8915,Grant,XXXXXXXXX,Corporate,PR,6667 Harvest Pioneer Downs,725.0,7,Fan Shop,18.21690559,-66.37051392,Africa,Laghouat,Argelia,8915,1/18/2017 7:21,51263,957,9.0,0.029999999,128099,299.980011,0.150000006,1,299.980011,290.980011,43.65000153,North Africa,Laghouat,CLOSED,,957,43,,http://images.acmesports.sports/Diamondback+Women%27s+Serene+Classic+Comfort+Bike+2014,Diamondback Women's Serene Classic Comfort Bi,299.980011,0,1/22/2017 7:21,Standard Class
157446,TRANSFER,0,0,48.70999908,139.1699982,Shipping canceled,0,29,Shop By Sport,Caguas,Puerto Rico,XXXXXXXXX,Mary,9283,Smith,XXXXXXXXX,Consumer,PR,650 Thunder Rise Arbor,725.0,5,Golf,18.22296333,-66.37062836,LATAM,Las Tunas,Cuba,9283,5/17/2015 3:18,9327,627,20.79000092,0.129999995,23272,39.99000168,0.349999994,4,159.9600067,139.1699982,48.70999908,Caribbean,Las Tunas,CANCELED,,627,29,,http://images.acmesports.sports/Under+Armour+Girls%27+Toddler+Spine+Surge+Running+Shoe,Under Armour Girls' Toddler Spine Surge Runni,39.99000168,0,5/17/2015 15:18,Same Day
148536,DEBIT,2,4,-81.20999908,97.48999786,Advance shipping,0,18,Men's Footwear,Caguas,Puerto Rico,XXXXXXXXX,Mary,3576,Smith,XXXXXXXXX,Home Office,PR,1102 Pleasant Maze,725.0,4,Apparel,18.26465988,-66.37062836,Europe,Kingswood,Reino Unido,3576,7/16/2015 1:07,13431,403,32.5,0.25,33650,129.9900055,-0.829999983,1,129.9900055,97.48999786,-81.20999908,Northern Europe,Inglaterra,COMPLETE,,403,18,,http://images.acmesports.sports/Nike+Men%27s+CJ+Elite+2+TD+Football+Cleat,Nike Men's CJ Elite 2 TD Football Cleat,129.9900055,0,7/18/2015 1:07,Standard Class
70712,TRANSFER,2,1,-274.3900146,391.980011,Late delivery,1,45,Fishing,College Station,EE. UU.,XXXXXXXXX,Mary,4698,Collier,XXXXXXXXX,Corporate,TX,7947 Sunny Pathway,77840.0,7,Fan Shop,30.60759926,-96.31684876,Pacific Asia,Medan,Indonesia,4698,12/3/2015 6:53,23038,1004,8.0,0.02,57684,399.980011,-0.699999988,1,399.980011,391.980011,-274.3900146,Southeast Asia,Sumatra Septentrional,PROCESSING,,1004,45,,http://images.acmesports.sports/Field+%26+Stream+Sportsman+16+Gun+Fire+Safe,Field & Stream Sportsman 16 Gun Fire Safe,399.980011,0,12/5/2015 6:53,First Class
55239,DEBIT,5,2,48.59999847,179.9900055,Late delivery,1,48,Water Sports,Visalia,EE. UU.,XXXXXXXXX,Martha,216,Davis,XXXXXXXXX,Home Office,CA,7469 Misty Log Estates,93277.0,7,Fan Shop,36.2913971,-119.3086929,LATAM,Mexico City,México,216,4/23/2017 3:12,57759,1073,20.0,0.100000001,144510,199.9900055,0.270000011,1,199.9900055,179.9900055,48.59999847,Central America,Distrito Federal,ON_HOLD,,1073,48,,http://images.acmesports.sports/Pelican+Sunstream+100+Kayak,Pelican Sunstream 100 Kayak,199.9900055,0,4/28/2017 3:12,Second Class
62593,CASH,2,1,161.9900055,359.980011,Late delivery,1,45,Fishing,Brooklyn,EE. UU.,XXXXXXXXX,Laura,4959,Baldwin,XXXXXXXXX,Home Office,NY,226 Rustic Highlands,11218.0,7,Fan Shop,40.67176056,-73.94520569,Europe,Palma de Mallorca,España,4959,8/5/2015 5:18,14813,1004,40.0,0.100000001,37087,399.980011,0.449999988,1,399.980011,359.980011,161.9900055,Southern Europe,Islas Baleares,CLOSED,,1004,45,,http://images.acmesports.sports/Field+%26+Stream+Sportsman+16+Gun+Fire+Safe,Field & Stream Sportsman 16 Gun Fire Safe,399.980011,0,8/7/2015 5:18,First Class
107814,PAYMENT,2,4,42.20000076,145.5,Advance shipping,0,24,Women's Apparel,Antioch,EE. UU.,XXXXXXXXX,Joseph,165,Ewing,XXXXXXXXX,Consumer,CA,7129 Fallen Trace,94509.0,5,Golf,38.01698685,-121.7537537,LATAM,Maracaibo,Venezuela,165,2/8/2015 4:09,2616,502,4.5,0.029999999,6562,50.0,0.289999992,3,150.0,145.5,42.20000076,South America,Zulia,PAYMENT_REVIEW,,502,24,,http://images.acmesports.sports/Nike+Men%27s+Dri-FIT+Victory+Golf+Polo,Nike Men's Dri-FIT Victory Golf Polo,50.0,0,2/10/2015 4:09,Standard Class
106115,TRANSFER,3,4,17.43000031,46.47999954,Advance shipping,0,46,Indoor/Outdoor Games,Caguas,Puerto Rico,XXXXXXXXX,Mary,174,Perez,XXXXXXXXX,Home Office,PR,6332 Round Range,725.0,7,Fan Shop,18.1464901,-66.54896545,LATAM,Saltillo,México,174,4/28/2017 15:37,58137,1014,3.5,0.07,145481,49.97999954,0.379999995,1,49.97999954,46.47999954,17.43000031,Central America,Coahuila,PROCESSING,,1014,46,,http://images.acmesports.sports/O%27Brien+Men%27s+Neoprene+Life+Vest,O'Brien Men's Neoprene Life Vest,49.97999954,0,5/1/2017 15:37,Standard Class
12173,DEBIT,4,2,28.12000084,224.9600067,Late delivery,1,17,Cleats,Caguas,Puerto Rico,XXXXXXXXX,Mary,2723,Brady,XXXXXXXXX,Consumer,PR,7231 Grand Turnabout,725.0,4,Apparel,18.27003861,-66.37052918,Europe,Berlín,Alemania,2723,8/21/2017 14:56,66013,365,74.98999786,0.25,164993,59.99000168,0.129999995,5,299.9500122,224.9600067,28.12000084,Western Europe,Berlín,COMPLETE,,365,17,,http://images.acmesports.sports/Perfect+Fitness+Perfect+Rip+Deck,Perfect Fitness Perfect Rip Deck,59.99000168,0,8/25/2017 14:56,Second Class
83604,DEBIT,6,4,-95.70999908,124.7900009,Late delivery,1,18,Men's Footwear,Passaic,EE. UU.,XXXXXXXXX,Mary,4752,Smith,XXXXXXXXX,Consumer,NJ,9391 Old Branch Court,7055.0,4,Apparel,40.86001587,-74.12454987,LATAM,Chaguanas,Trinidad y Tobago,4752,5/14/2015 18:33,9165,403,5.199999809,0.039999999,22881,129.9900055,-0.769999981,1,129.9900055,124.7900009,-95.70999908,Caribbean,Chaguanas,COMPLETE,,403,18,,http://images.acmesports.sports/Nike+Men%27s+CJ+Elite+2+TD+Football+Cleat,Nike Men's CJ Elite 2 TD Football Cleat,129.9900055,0,5/20/2015 18:33,Standard Class
91604,PAYMENT,3,4,-6.599999905,75.0,Advance shipping,0,24,Women's Apparel,Ponce,Puerto Rico,XXXXXXXXX,Mary,6414,Smith,XXXXXXXXX,Corporate,PR,9095 Amber Pioneer Path,728.0,5,Golf,18.00682068,-66.63586426,LATAM,Valinhos,Brasil,6414,6/7/2017 17:19,60882,502,25.0,0.25,152339,50.0,-0.090000004,2,100.0,75.0,-6.599999905,South America,São Paulo,PENDING_PAYMENT,,502,24,,http://images.acmesports.sports/Nike+Men%27s+Dri-FIT+Victory+Golf+Polo,Nike Men's Dri-FIT Victory Golf Polo,50.0,0,6/10/2017 17:19,Standard Class
159250,TRANSFER,2,4,42.93999863,118.2900009,Advance shipping,0,18,Men's Footwear,Caguas,Puerto Rico,XXXXXXXXX,Jerry,1840,Smith,XXXXXXXXX,Consumer,PR,427 Grand Branch Hill,725.0,4,Apparel,18.26737404,-66.37062836,Europe,Worms,Alemania,1840,7/10/2017 22:00,63156,403,11.69999981,0.090000004,157881,129.9900055,0.360000014,1,129.9900055,118.2900009,42.93999863,Western Europe,Renania-Palatinado,PROCESSING,,403,18,,http://images.acmesports.sports/Nike+Men%27s+CJ+Elite+2+TD+Football+Cleat,Nike Men's CJ Elite 2 TD Football Cleat,129.9900055,0,7/12/2017 22:00,Standard Class
160367,TRANSFER,2,4,10.63000011,39.34999847,Advance shipping,0,75,Video Games,Caguas,Puerto Rico,XXXXXXXXX,Heather,20314,Jennings,XXXXXXXXX,Consumer,PR,6734 Grand Leaf Pathway,725.0,9,Discs Shop,18.29040718,-66.03704834,Pacific Asia,Bihar Sharif,India,20314,1/25/2018 12:26,76761,1362,0.400000006,0.01,180076,39.75,0.270000011,1,39.75,39.34999847,10.63000011,South Asia,Bihar,PENDING,,1362,75,,http://images.acmesports.sports/Fighting+video+games,Fighting video games,39.75,0,1/27/2018 12:26,Standard Class
160687,TRANSFER,2,4,13.85999966,49.5,Shipping canceled,0,24,Women's Apparel,Caguas,Puerto Rico,XXXXXXXXX,Robert,4425,Gibson,XXXXXXXXX,Consumer,PR,7004 Hazy Lake Townline,725.0,5,Golf,18.25473404,-66.37059784,Pacific Asia,Caloocan,Filipinas,4425,1/1/2016 0:21,25006,502,0.5,0.01,62654,50.0,0.280000001,1,50.0,49.5,13.85999966,Southeast Asia,Capital Nacional,SUSPECTED_FRAUD,,502,24,,http://images.acmesports.sports/Nike+Men%27s+Dri-FIT+Victory+Golf+Polo,Nike Men's Dri-FIT Victory Golf Polo,50.0,0,1/3/2016 0:21,Standard Class
24570,DEBIT,2,1,76.54000092,283.480011,Late delivery,1,43,Camping & Hiking,Hayward,EE. UU.,XXXXXXXXX,Mary,4199,Smith,XXXXXXXXX,Corporate,CA,4720 Noble Hills Wynd,94544.0,7,Fan Shop,37.67551041,-122.0496826,Africa,Alexandria,Egipto,4199,12/27/2016 14:02,49775,957,16.5,0.059999999,124426,299.980011,0.270000011,1,299.980011,283.480011,76.54000092,North Africa,Alejandría,COMPLETE,,957,43,,http://images.acmesports.sports/Diamondback+Women%27s+Serene+Classic+Comfort+Bike+2014,Diamondback Women's Serene Classic Comfort Bi,299.980011,0,12/29/2016 14:02,First Class
98976,DEBIT,3,2,4.96999979,43.97999954,Late delivery,1,46,Indoor/Outdoor Games,Caguas,Puerto Rico,XXXXXXXXX,Evelyn,2203,Davenport,XXXXXXXXX,Corporate,PR,9922 Umber Promenade,725.0,7,Fan Shop,18.28977585,-66.37056732,Pacific Asia,Nevsehir,Turquía,2203,9/5/2016 1:04,41997,1014,6.0,0.119999997,104840,49.97999954,0.109999999,1,49.97999954,43.97999954,4.96999979,West Asia,Nevsehir,COMPLETE,,1014,46,,http://images.acmesports.sports/O%27Brien+Men%27s+Neoprene+Life+Vest,O'Brien Men's Neoprene Life Vest,49.97999954,0,9/8/2016 1:04,Second Class
47621,PAYMENT,3,4,18.75,150.0,Advance shipping,0,24,Women's Apparel,Jamaica,EE. UU.,XXXXXXXXX,Rebecca,5803,Stewart,XXXXXXXXX,Corporate,NY,3225 Dusty Autumn Meadow,11434.0,5,Golf,40.70177841,-73.80841827,Europe,London,Reino Unido,5803,7/14/2015 21:27,13352,502,50.0,0.25,33439,50.0,0.129999995,4,200.0,150.0,18.75,Northern Europe,Inglaterra,PENDING_PAYMENT,,502,24,,http://images.acmesports.sports/Nike+Men%27s+Dri-FIT+Victory+Golf+Polo,Nike Men's Dri-FIT Victory Golf Polo,50.0,0,7/17/2015 21:27,Standard Class
122595,TRANSFER,2,2,-282.730011,113.0899963,Shipping on time,0,18,Men's Footwear,Caguas,Puerto Rico,XXXXXXXXX,Mary,5660,Maldonado,XXXXXXXXX,Corporate,PR,8984 Dewy Arbor,725.0,4,Apparel,18.26923561,-66.37052155,LATAM,Bezerros,Brasil,5660,5/31/2015 1:32,10281,403,16.89999962,0.129999995,25735,129.9900055,-2.5,1,129.9900055,113.0899963,-282.730011,South America,Pernambuco,PROCESSING,,403,18,,http://images.acmesports.sports/Nike+Men%27s+CJ+Elite+2+TD+Football+Cleat,Nike Men's CJ Elite 2 TD Football Cleat,129.9900055,0,6/2/2015 1:32,Second Class
109399,PAYMENT,2,4,5.099999905,127.5,Advance shipping,0,9,Cardio Equipment,Wichita,EE. UU.,XXXXXXXXX,Elizabeth,2001,Smith,XXXXXXXXX,Consumer,KS,4148 Round Parkway,67212.0,3,Footwear,37.61977005,-97.33959961,Pacific Asia,Ahvaz,Irán,2001,10/1/2016 3:50,43786,172,22.5,0.150000006,109353,30.0,0.039999999,5,150.0,127.5,5.099999905,South Asia,Juzestán,PENDING_PAYMENT,,172,9,,http://images.acmesports.sports/Nike+Women%27s+Tempo+Shorts,Nike Women's Tempo Shorts,30.0,0,10/3/2016 3:50,Standard Class
167125,PAYMENT,2,4,26.20000076,54.59000015,Advance shipping,0,17,Cleats,Brooklyn,EE. UU.,XXXXXXXXX,Rebecca,1200,Parker,XXXXXXXXX,Home Office,NY,6818 Middle Zephyr Forest,11238.0,4,Apparel,40.67771912,-73.96311951,Pacific Asia,Surabaya,Indonesia,1200,12/29/2015 19:48,24856,365,5.400000095,0.090000004,62267,59.99000168,0.479999989,1,59.99000168,54.59000015,26.20000076,Southeast Asia,Java Oriental,PENDING_PAYMENT,,365,17,,http://images.acmesports.sports/Perfect+Fitness+Perfect+Rip+Deck,Perfect Fitness Perfect Rip Deck,59.99000168,0,12/31/2015 19:48,Standard Class
59661,DEBIT,4,4,102.0500031,377.980011,Shipping on time,0,45,Fishing,Wichita,EE. UU.,XXXXXXXXX,Amber,7185,Smith,XXXXXXXXX,Corporate,KS,4047 Green Stead,67212.0,7,Fan Shop,37.69120026,-97.42577362,Europe,Bordeaux,Francia,7185,7/7/2015 19:53,12868,1004,22.0,0.059999999,32173,399.980011,0.270000011,1,399.980011,377.980011,102.0500031,Western Europe,Aquitania-Lemosín-Poitou-Charentes,COMPLETE,,1004,45,,http://images.acmesports.sports/Field+%26+Stream+Sportsman+16+Gun+Fire+Safe,Field & Stream Sportsman 16 Gun Fire Safe,399.980011,0,7/11/2015 19:53,Standard Class
146596,DEBIT,5,4,111.9899979,399.980011,Late delivery,1,45,Fishing,Caguas,Puerto Rico,XXXXXXXXX,Matthew,1826,Smith,XXXXXXXXX,Corporate,PR,3150 Noble Walk,725.0,7,Fan Shop,18.22408104,-66.37049866,Africa,Mbandaka,República Democrática del Congo,1826,11/12/2016 12:53,46689,1004,0.0,0.0,116733,399.980011,0.280000001,1,399.980011,399.980011,111.9899979,Central Africa,Équateur,COMPLETE,,1004,45,,http://images.acmesports.sports/Field+%26+Stream+Sportsman+16+Gun+Fire+Safe,Field & Stream Sportsman 16 Gun Fire Safe,399.980011,0,11/17/2016 12:53,Standard Class
64894,DEBIT,4,2,45.29999924,124.7900009,Late delivery,1,18,Men's Footwear,Chicago,EE. UU.,XXXXXXXXX,Brittany,2303,Smith,XXXXXXXXX,Consumer,IL,8368 Wishing Mountain,60615.0,4,Apparel,41.79980087,-87.58843994,Pacific Asia,Dubbo,Australia,2303,3/18/2016 2:53,30288,403,5.199999809,0.039999999,75685,129.9900055,0.360000014,1,129.9900055,124.7900009,45.29999924,Oceania,Nueva Gales del Sur,COMPLETE,,403,18,,http://images.acmesports.sports/Nike+Men%27s+CJ+Elite+2+TD+Football+Cleat,Nike Men's CJ Elite 2 TD Football Cleat,129.9900055,0,3/22/2016 2:53,Second Class
155222,PAYMENT,3,4,48.5699997,155.1600037,Advance shipping,0,29,Shop By Sport,Caguas,Puerto Rico,XXXXXXXXX,Catherine,867,Smith,XXXXXXXXX,Consumer,PR,5032 Crystal Rabbit Private,725.0,5,Golf,18.23534012,-66.05788422,LATAM,Guayaquil,Ecuador,867,4/7/2017 1:07,56657,627,4.800000191,0.029999999,141696,39.99000168,0.310000002,4,159.9600067,155.1600037,48.5699997,South America,Guayas,PAYMENT_REVIEW,,627,29,,http://images.acmesports.sports/Under+Armour+Girls%27+Toddler+Spine+Surge+Running+Shoe,Under Armour Girls' Toddler Spine Surge Runni,39.99000168,0,4/10/2017 1:07,Standard Class
82110,DEBIT,5,4,39.33000183,85.48999786,Late delivery,1,12,Boxing & MMA,Los Angeles,EE. UU.,XXXXXXXXX,Joyce,11558,Camacho,XXXXXXXXX,Consumer,CA,5951 Broad Crescent,90066.0,3,Footwear,33.95998383,-118.3873672,Europe,Leeds,Reino Unido,11558,8/22/2017 19:19,66094,251,4.5,0.050000001,165203,89.98999786,0.460000008,1,89.98999786,85.48999786,39.33000183,Northern Europe,Inglaterra,COMPLETE,,251,12,,http://images.acmesports.sports/Brooks+Women%27s+Ghost+6+Running+Shoe,Brooks Women's Ghost 6 Running Shoe,89.98999786,0,8/27/2017 19:19,Standard Class
77655,TRANSFER,3,2,49.25999832,175.9299927,Late delivery,1,46,Indoor/Outdoor Games,Greensburg,EE. UU.,XXXXXXXXX,Dorothy,859,Hawkins,XXXXXXXXX,Home Office,PA,9460 Hidden Landing,15601.0,7,Fan Shop,40.42652893,-79.84751892,Europe,Recklinghausen,Alemania,859,8/30/2017 14:03,66627,1014,23.98999977,0.119999997,166542,49.97999954,0.280000001,4,199.9199982,175.9299927,49.25999832,Western Europe,Renania del Norte-Westfalia,PENDING,,1014,46,,http://images.acmesports.sports/O%27Brien+Men%27s+Neoprene+Life+Vest,O'Brien Men's Neoprene Life Vest,49.97999954,0,9/2/2017 14:03,Second Class
64524,DEBIT,4,2,39.54000092,116.9899979,Late delivery,1,18,Men's Footwear,Lompoc,EE. UU.,XXXXXXXXX,Mary,11095,Smith,XXXXXXXXX,Consumer,CA,490 Sleepy Circuit,93436.0,4,Apparel,34.63889694,-120.453064,LATAM,Paço do Lumiar,Brasil,11095,5/11/2017 7:01,59003,403,13.0,0.100000001,147696,129.9900055,0.340000004,1,129.9900055,116.9899979,39.54000092,South America,Marañón,COMPLETE,,403,18,,http://images.acmesports.sports/Nike+Men%27s+CJ+Elite+2+TD+Football+Cleat,Nike Men's CJ Elite 2 TD Football Cleat,129.9900055,0,5/15/2017 7:01,Second Class
147960,TRANSFER,2,2,116.1900024,331.980011,Shipping canceled,0,45,Fishing,Caguas,Puerto Rico,XXXXXXXXX,Betty,6878,Smith,XXXXXXXXX,Corporate,PR,1656 Gentle Leaf Ledge,725.0,7,Fan Shop,18.2357502,-66.37052918,USCA,Milwaukee,Estados Unidos,6878,8/24/2016 6:41,41191,1004,68.0,0.170000002,102816,399.980011,0.349999994,1,399.980011,331.980011,116.1900024,US Center ,Wisconsin,CANCELED,53209.0,1004,45,,http://images.acmesports.sports/Field+%26+Stream+Sportsman+16+Gun+Fire+Safe,Field & Stream Sportsman 16 Gun Fire Safe,399.980011,0,8/26/2016 6:41,Second Class
37041,PAYMENT,3,2,49.13999939,109.1900024,Late delivery,1,18,Men's Footwear,Los Angeles,EE. UU.,XXXXXXXXX,Philip,4609,Smith,XXXXXXXXX,Consumer,CA,3099 Easy Embers Parade,90003.0,4,Apparel,33.96860123,-118.2747421,Pacific Asia,Gold Coast,Australia,4609,3/30/2016 3:34,31112,403,20.79999924,0.159999996,77744,129.9900055,0.449999988,1,129.9900055,109.1900024,49.13999939,Oceania,Queensland,PENDING_PAYMENT,,403,18,,http://images.acmesports.sports/Nike+Men%27s+CJ+Elite+2+TD+Football+Cleat,Nike Men's CJ Elite 2 TD Football Cleat,129.9900055,0,4/2/2016 3:34,Second Class
141982,DEBIT,4,2,43.5,128.6900024,Late delivery,1,18,Men's Footwear,Caguas,Puerto Rico,XXXXXXXXX,Zachary,3464,Smith,XXXXXXXXX,Home Office,PR,1510 Silent Inlet,725.0,4,Apparel,18.24515915,-66.37058258,LATAM,Spanish Town,Jamaica,3464,4/21/2017 14:03,57653,403,1.299999952,0.01,144231,129.9900055,0.340000004,1,129.9900055,128.6900024,43.5,Caribbean,Santa Caterina,COMPLETE,,403,18,,http://images.acmesports.sports/Nike+Men%27s+CJ+Elite+2+TD+Football+Cleat,Nike Men's CJ Elite 2 TD Football Cleat,129.9900055,0,4/25/2017 14:03,Second Class
107495,TRANSFER,4,4,5.25,41.97999954,Shipping on time,0,46,Indoor/Outdoor Games,Caguas,Puerto Rico,XXXXXXXXX,Mary,7831,Smith,XXXXXXXXX,Consumer,PR,6439 Quiet Lagoon Parkway,725.0,7,Fan Shop,18.28678513,-66.37063599,LATAM,Avellaneda,Argentina,7831,2/18/2017 7:50,53388,1014,8.0,0.159999996,133394,49.97999954,0.129999995,1,49.97999954,41.97999954,5.25,South America,Santa Fe,PROCESSING,,1014,46,,http://images.acmesports.sports/O%27Brien+Men%27s+Neoprene+Life+Vest,O'Brien Men's Neoprene Life Vest,49.97999954,0,2/22/2017 7:50,Standard Class
174647,CASH,4,4,58.20000076,118.7699966,Shipping on time,0,29,Shop By Sport,Caguas,Puerto Rico,XXXXXXXXX,Marie,2152,Rodriguez,XXXXXXXXX,Consumer,PR,8777 Old Arbor,725.0,5,Golf,18.23753929,-66.37059021,USCA,New Rochelle,Estados Unidos,2152,6/4/2016 6:58,35643,627,1.200000048,0.01,89012,39.99000168,0.49000001,3,119.9700012,118.7699966,58.20000076,East of USA,Nueva York,CLOSED,10801.0,627,29,,http://images.acmesports.sports/Under+Armour+Girls%27+Toddler+Spine+Surge+Running+Shoe,Under Armour Girls' Toddler Spine Surge Runni,39.99000168,0,6/8/2016 6:58,Standard Class
50280,DEBIT,4,4,39.38000107,447.519989,Shipping on time,0,62,Cameras ,Hilliard,EE. UU.,XXXXXXXXX,Ivory,13346,Mclean,XXXXXXXXX,Corporate,OH,4616 Thunder View Link,43026.0,10,Technology,40.04463959,-83.16507721,Europe,Castrop-Rauxel,Alemania,13346,10/15/2017 19:14,69793,1349,4.519999981,0.01,173108,452.0400085,0.090000004,1,452.0400085,447.519989,39.38000107,Western Europe,Renania del Norte-Westfalia,COMPLETE,,1349,62,,http://images.acmesports.sports/Web+Camera,Web Camera,452.0400085,0,10/19/2017 19:14,Standard Class
92616,TRANSFER,2,1,31.20000076,124.7900009,Late delivery,1,18,Men's Footwear,Caguas,Puerto Rico,XXXXXXXXX,William,1023,Morgan,XXXXXXXXX,Corporate,PR,3632 Emerald Robin Glen,725.0,4,Apparel,18.29649925,-66.04867554,Pacific Asia,Shenyang,China,1023,2/18/2016 11:30,28326,403,5.199999809,0.039999999,70876,129.9900055,0.25,1,129.9900055,124.7900009,31.20000076,Eastern Asia,Liaoning,PENDING,,403,18,,http://images.acmesports.sports/Nike+Men%27s+CJ+Elite+2+TD+Football+Cleat,Nike Men's CJ Elite 2 TD Football Cleat,129.9900055,0,2/20/2016 11:30,First Class
103444,PAYMENT,6,4,1.940000057,193.9900055,Late delivery,1,48,Water Sports,Astoria,EE. UU.,XXXXXXXXX,Mary,5046,Smith,XXXXXXXXX,Consumer,NY,7191 Sunny Loop,11103.0,7,Fan Shop,40.76861954,-73.90949249,Europe,Berlín,Alemania,5046,9/10/2015 7:21,17285,1073,6.0,0.029999999,43212,199.9900055,0.01,1,199.9900055,193.9900055,1.940000057,Western Europe,Berlín,PENDING_PAYMENT,,1073,48,,http://images.acmesports.sports/Pelican+Sunstream+100+Kayak,Pelican Sunstream 100 Kayak,199.9900055,0,9/16/2015 7:21,Standard Class
98988,DEBIT,6,4,35.06000137,209.9199982,Late delivery,1,46,Indoor/Outdoor Games,Caguas,Puerto Rico,XXXXXXXXX,Karen,4528,Smith,XXXXXXXXX,Consumer,PR,8172 Jagged Pond Vale,725.0,7,Fan Shop,18.28007317,-66.37052918,USCA,London,Canada,4528,9/4/2016 10:21,41955,1014,39.97999954,0.159999996,104728,49.97999954,0.170000002,5,249.8999939,209.9199982,35.06000137,Canada,Ontario,COMPLETE,,1014,46,,http://images.acmesports.sports/O%27Brien+Men%27s+Neoprene+Life+Vest,O'Brien Men's Neoprene Life Vest,49.97999954,0,9/10/2016 10:21,Standard Class
141576,DEBIT,2,1,19.73999977,174.6900024,Late delivery,1,37,Electronics,Caguas,Puerto Rico,XXXXXXXXX,Mary,2851,Huffman,XXXXXXXXX,Home Office,PR,1795 Thunder Ramp,725.0,6,Outdoors,18.2979908,-66.37057495,Europe,Galati,Rumania,2851,12/27/2016 22:06,49798,823,33.27000046,0.159999996,124492,51.99000168,0.109999999,4,207.9600067,174.6900024,19.73999977,Eastern Europe,Galati,ON_HOLD,,823,37,,http://images.acmesports.sports/Titleist+Pro+V1x+High+Numbers+Personalized+Golf+Balls,Titleist Pro V1x High Numbers Personalized Go,51.99000168,0,12/29/2016 22:06,First Class
150791,PAYMENT,2,1,-149.9900055,374.9599915,Late delivery,1,9,Cardio Equipment,Caguas,Puerto Rico,XXXXXXXXX,David,11513,Smith,XXXXXXXXX,Home Office,PR,9494 Harvest Turnabout,725.0,3,Footwear,18.25243187,-66.37056732,Pacific Asia,Wuzhou,China,11513,3/6/2016 4:39,29471,191,124.9899979,0.25,73738,99.98999786,-0.400000006,5,499.9500122,374.9599915,-149.9900055,Eastern Asia,Guangxi,PENDING_PAYMENT,,191,9,,http://images.acmesports.sports/Nike+Men%27s+Free+5.0%2B+Running+Shoe,Nike Men's Free 5.0+ Running Shoe,99.98999786,0,3/8/2016 4:39,First Class
154353,PAYMENT,4,4,55.29000092,115.1800003,Shipping on time,0,17,Cleats,Aguadilla,Puerto Rico,XXXXXXXXX,Mary,11906,Mendoza,XXXXXXXXX,Consumer,PR,2264 Silent Freeway,603.0,4,Apparel,18.44935989,-67.15180206,LATAM,Huixquilucan,México,11906,4/10/2017 20:33,56918,365,4.800000191,0.039999999,142363,59.99000168,0.479999989,2,119.9800034,115.1800003,55.29000092,Central America,México,PENDING_PAYMENT,,365,17,,http://images.acmesports.sports/Perfect+Fitness+Perfect+Rip+Deck,Perfect Fitness Perfect Rip Deck,59.99000168,0,4/14/2017 20:33,Standard Class
152487,DEBIT,4,2,-282.0899963,363.980011,Late delivery,1,45,Fishing,Irving,EE. UU.,XXXXXXXXX,Deborah,6143,Barber,XXXXXXXXX,Consumer,TX,593 Silent Dale Pointe,75061.0,7,Fan Shop,32.82715988,-97.00611877,USCA,Chicago,Estados Unidos,6143,5/20/2016 11:22,34628,1004,36.0,0.090000004,86482,399.980011,-0.779999971,1,399.980011,363.980011,-282.0899963,US Center ,Illinois,COMPLETE,60653.0,1004,45,,http://images.acmesports.sports/Field+%26+Stream+Sportsman+16+Gun+Fire+Safe,Field & Stream Sportsman 16 Gun Fire Safe,399.980011,0,5/24/2016 11:22,Second Class
144636,TRANSFER,4,2,63.33000183,175.9299927,Late delivery,1,46,Indoor/Outdoor Games,New York,EE. UU.,XXXXXXXXX,Tyler,827,Smith,XXXXXXXXX,Consumer,NY,5505 Grand Cloud Farm,10031.0,7,Fan Shop,40.79077148,-74.00852203,Europe,Hagen,Alemania,827,7/15/2015 3:03,13368,1014,23.98999977,0.119999997,33489,49.97999954,0.360000014,4,199.9199982,175.9299927,63.33000183,Western Europe,Renania del Norte-Westfalia,PROCESSING,,1014,46,,http://images.acmesports.sports/O%27Brien+Men%27s+Neoprene+Life+Vest,O'Brien Men's Neoprene Life Vest,49.97999954,0,7/19/2015 3:03,Second Class
107430,PAYMENT,6,4,5.25,41.97999954,Late delivery,1,46,Indoor/Outdoor Games,Marietta,EE. UU.,XXXXXXXXX,Steven,10758,Hardin,XXXXXXXXX,Home Office,GA,7988 High Jetty,30067.0,7,Fan Shop,34.0723114,-84.30237579,LATAM,Puerto Montt,Chile,10758,2/21/2017 10:07,53600,1014,8.0,0.159999996,133973,49.97999954,0.129999995,1,49.97999954,41.97999954,5.25,South America,Los Lagos,PENDING_PAYMENT,,1014,46,,http://images.acmesports.sports/O%27Brien+Men%27s+Neoprene+Life+Vest,O'Brien Men's Neoprene Life Vest,49.97999954,0,2/27/2017 10:07,Standard Class
97548,DEBIT,5,2,10.51000023,92.98999786,Late delivery,1,9,Cardio Equipment,Hanover,EE. UU.,XXXXXXXXX,Emma,6108,Smith,XXXXXXXXX,Home Office,PA,3722 Red Hickory Path,17331.0,3,Footwear,39.72228622,-76.91753388,LATAM,Les Abymes,Guadalupe,6108,2/24/2017 20:05,53834,191,7.0,0.07,134583,99.98999786,0.109999999,1,99.98999786,92.98999786,10.51000023,Caribbean,Guadalupe,COMPLETE,,191,9,,http://images.acmesports.sports/Nike+Men%27s+Free+5.0%2B+Running+Shoe,Nike Men's Free 5.0+ Running Shoe,99.98999786,0,3/1/2017 20:05,Second Class
125029,PAYMENT,1,0,66.29000092,254.9700012,Late delivery,1,9,Cardio Equipment,Caguas,Puerto Rico,XXXXXXXXX,Phillip,12345,Hancock,XXXXXXXXX,Consumer,PR,3323 Old Willow Mall ,725.0,3,Footwear,18.24866104,-66.3706131,Pacific Asia,Suzhou,China,12345,11/9/2015 21:59,21437,191,45.0,0.150000006,53631,99.98999786,0.25999999,3,299.9700012,254.9700012,66.29000092,Eastern Asia,Gansu,PENDING_PAYMENT,,191,9,,http://images.acmesports.sports/Nike+Men%27s+Free+5.0%2B+Running+Shoe,Nike Men's Free 5.0+ Running Shoe,99.98999786,0,11/10/2015 9:59,Same Day
92913,TRANSFER,2,1,171.0599976,363.9599915,Late delivery,1,9,Cardio Equipment,Caguas,Puerto Rico,XXXXXXXXX,Robert,5688,Smith,XXXXXXXXX,Corporate,PR,586 Golden Hickory Valley,725.0,3,Footwear,18.21355248,-66.37058258,Europe,London,Reino Unido,5688,7/29/2015 21:36,14380,191,36.0,0.090000004,35990,99.98999786,0.469999999,4,399.9599915,363.9599915,171.0599976,Northern Europe,Inglaterra,PROCESSING,,191,9,,http://images.acmesports.sports/Nike+Men%27s+Free+5.0%2B+Running+Shoe,Nike Men's Free 5.0+ Running Shoe,99.98999786,0,7/31/2015 21:36,First Class
148741,DEBIT,5,4,5.150000095,128.6900024,Late delivery,1,18,Men's Footwear,Caguas,Puerto Rico,XXXXXXXXX,Christina,1934,James,XXXXXXXXX,Home Office,PR,6728 Wishing Parkway,725.0,4,Apparel,18.24614906,-66.37051392,LATAM,Pelotas,Brasil,1934,2/24/2015 6:34,3719,403,1.299999952,0.01,9249,129.9900055,0.039999999,1,129.9900055,128.6900024,5.150000095,South America,Rio Grande do Sul,COMPLETE,,403,18,,http://images.acmesports.sports/Nike+Men%27s+CJ+Elite+2+TD+Football+Cleat,Nike Men's CJ Elite 2 TD Football Cleat,129.9900055,0,3/1/2015 6:34,Standard Class
172626,CASH,2,1,65.83999634,134.3699951,Late delivery,1,29,Shop By Sport,Caguas,Puerto Rico,XXXXXXXXX,Alan,6750,Smith,XXXXXXXXX,Consumer,PR,454 Cozy Bluff Hill,725.0,5,Golf,18.24964714,-66.37058258,LATAM,San Pedro Sula,Honduras,6750,5/28/2017 14:11,60188,627,25.59000015,0.159999996,150599,39.99000168,0.49000001,4,159.9600067,134.3699951,65.83999634,Central America,Cortés,CLOSED,,627,29,,http://images.acmesports.sports/Under+Armour+Girls%27+Toddler+Spine+Surge+Running+Shoe,Under Armour Girls' Toddler Spine Surge Runni,39.99000168,0,5/30/2017 14:11,First Class
135433,TRANSFER,2,4,24.79999924,80.0,Advance shipping,0,24,Women's Apparel,Bridgeton,EE. UU.,XXXXXXXXX,Frank,1496,Davis,XXXXXXXXX,Consumer,NJ,4402 Burning Timber Ridge,8302.0,5,Golf,39.44585037,-75.22688294,LATAM,Chetumal,México,1496,5/14/2017 6:08,59206,502,20.0,0.200000003,148194,50.0,0.310000002,2,100.0,80.0,24.79999924,Central America,Quintana Roo,PENDING,,502,24,,http://images.acmesports.sports/Nike+Men%27s+Dri-FIT+Victory+Golf+Polo,Nike Men's Dri-FIT Victory Golf Polo,50.0,0,5/16/2017 6:08,Standard Class
97241,DEBIT,1,0,22.17000008,79.18000031,Late delivery,1,29,Shop By Sport,Algonquin,EE. UU.,XXXXXXXXX,Amanda,2744,Fitzgerald,XXXXXXXXX,Home Office,IL,4114 Indian Thicket,60102.0,5,Golf,42.17570114,-88.36767578,Europe,Piotrkow Trybunalski,Polonia,2744,12/12/2016 22:39,48772,627,0.800000012,0.01,121977,39.99000168,0.280000001,2,79.98000336,79.18000031,22.17000008,Eastern Europe,Lodz,ON_HOLD,,627,29,,http://images.acmesports.sports/Under+Armour+Girls%27+Toddler+Spine+Surge+Running+Shoe,Under Armour Girls' Toddler Spine Surge Runni,39.99000168,0,12/13/2016 10:39,Same Day
150478,DEBIT,3,4,-44.0,220.0,Advance shipping,0,24,Women's Apparel,Caguas,Puerto Rico,XXXXXXXXX,Kimberly,10863,Holmes,XXXXXXXXX,Home Office,PR,1293 Pleasant Bank,725.0,5,Golf,18.25967407,-66.37052918,USCA,New York City,Estados Unidos,10863,4/23/2016 14:23,32787,502,30.0,0.119999997,82018,50.0,-0.200000003,5,250.0,220.0,-44.0,East of USA,Nueva York,COMPLETE,10024.0,502,24,,http://images.acmesports.sports/Nike+Men%27s+Dri-FIT+Victory+Golf+Polo,Nike Men's Dri-FIT Victory Golf Polo,50.0,0,4/26/2016 14:23,Standard Class
157763,TRANSFER,2,2,57.95999908,118.2900009,Shipping on time,0,18,Men's Footwear,Caguas,Puerto Rico,XXXXXXXXX,Aaron,6529,Smith,XXXXXXXXX,Consumer,PR,9439 Sleepy Pony Concession,725.0,4,Apparel,18.23189735,-66.3706131,LATAM,Soyapango,El Salvador,6529,3/29/2015 1:48,5966,403,11.69999981,0.090000004,14856,129.9900055,0.49000001,1,129.9900055,118.2900009,57.95999908,Central America,San Salvador,PENDING,,403,18,,http://images.acmesports.sports/Nike+Men%27s+CJ+Elite+2+TD+Football+Cleat,Nike Men's CJ Elite 2 TD Football Cleat,129.9900055,0,3/31/2015 1:48,Second Class
25215,DEBIT,2,1,-53.93000031,34.79000092,Late delivery,1,29,Shop By Sport,Brooklyn,EE. UU.,XXXXXXXXX,Mary,11405,Smith,XXXXXXXXX,Corporate,NY,1325 Noble Pike,11218.0,5,Golf,40.64086914,-73.94238281,USCA,Los Angeles,Estados Unidos,11405,7/3/2016 8:30,37634,627,5.199999809,0.129999995,93922,39.99000168,-1.549999952,1,39.99000168,34.79000092,-53.93000031,West of USA ,California,COMPLETE,90008.0,627,29,,http://images.acmesports.sports/Under+Armour+Girls%27+Toddler+Spine+Surge+Running+Shoe,Under Armour Girls' Toddler Spine Surge Runni,39.99000168,0,7/5/2016 8:30,First Class
122032,TRANSFER,2,1,12.30000019,98.37000275,Shipping canceled,0,44,Hunting & Shooting,Caguas,Puerto Rico,XXXXXXXXX,Pamela,7527,Smith,XXXXXXXXX,Corporate,PR,9100 Golden Panda Key,725.0,7,Fan Shop,18.2885437,-66.37052155,USCA,Camarillo,Estados Unidos,7527,7/18/2016 22:41,38702,977,21.59000015,0.180000007,96632,29.98999977,0.129999995,4,119.9599991,98.37000275,12.30000019,West of USA ,California,SUSPECTED_FRAUD,93010.0,977,44,,http://images.acmesports.sports/ENO+Atlas+Hammock+Straps,ENO Atlas Hammock Straps,29.98999977,0,7/20/2016 22:41,First Class
54894,PAYMENT,5,4,71.87000275,197.9900055,Late delivery,1,48,Water Sports,Caguas,Puerto Rico,XXXXXXXXX,Anna,3670,Smith,XXXXXXXXX,Corporate,PR,8172 Jagged Pond Vale,725.0,7,Fan Shop,18.29984665,-66.37060547,LATAM,San Lorenzo,Paraguay,3670,5/14/2017 3:41,59199,1073,2.0,0.01,148166,199.9900055,0.360000014,1,199.9900055,197.9900055,71.87000275,South America,Central,PENDING_PAYMENT,,1073,48,,http://images.acmesports.sports/Pelican+Sunstream+100+Kayak,Pelican Sunstream 100 Kayak,199.9900055,0,5/19/2017 3:41,Standard Class
98586,DEBIT,2,4,4.25,56.68999863,Advance shipping,0,17,Cleats,Watsonville,EE. UU.,XXXXXXXXX,Mary,11147,Smith,XXXXXXXXX,Home Office,CA,46 Heather Nook,95076.0,4,Apparel,37.05044556,-121.7598801,Europe,Chelles,Francia,11147,10/7/2015 13:05,19151,365,3.299999952,0.059999999,47863,59.99000168,0.079999998,1,59.99000168,56.68999863,4.25,Western Europe,Isla de Francia,COMPLETE,,365,17,,http://images.acmesports.sports/Perfect+Fitness+Perfect+Rip+Deck,Perfect Fitness Perfect Rip Deck,59.99000168,0,10/9/2015 13:05,Standard Class
145907,DEBIT,2,1,125.9899979,335.980011,Late delivery,1,45,Fishing,Fort Lauderdale,EE. UU.,XXXXXXXXX,Timothy,1788,Smith,XXXXXXXXX,Consumer,FL,7516 Hidden Valley,33324.0,7,Fan Shop,26.0984993,-80.27095032,Africa,Ugep,Nigeria,1788,12/22/2016 7:13,49413,1004,64.0,0.159999996,123513,399.980011,0.379999995,1,399.980011,335.980011,125.9899979,West Africa,Cross River,COMPLETE,,1004,45,,http://images.acmesports.sports/Field+%26+Stream+Sportsman+16+Gun+Fire+Safe,Field & Stream Sportsman 16 Gun Fire Safe,399.980011,0,12/24/2016 7:13,First Class
170211,TRANSFER,6,4,53.75999832,114.3899994,Late delivery,1,18,Men's Footwear,Philadelphia,EE. UU.,XXXXXXXXX,Andrew,11013,Nguyen,XXXXXXXXX,Home Office,PA,2863 Crystal Barn End,19139.0,4,Apparel,39.95856094,-75.21888733,Europe,Bayeux,Francia,11013,7/24/2017 18:29,64105,403,15.60000038,0.119999997,160278,129.9900055,0.469999999,1,129.9900055,114.3899994,53.75999832,Western Europe,Normandía,PROCESSING,,403,18,,http://images.acmesports.sports/Nike+Men%27s+CJ+Elite+2+TD+Football+Cleat,Nike Men's CJ Elite 2 TD Football Cleat,129.9900055,0,7/30/2017 18:29,Standard Class
168249,PAYMENT,2,4,134.8600006,414.9599915,Advance shipping,0,9,Cardio Equipment,Fairfield,EE. UU.,XXXXXXXXX,Mary,1433,Turner,XXXXXXXXX,Home Office,CA,9612 Cozy Line,94533.0,3,Footwear,38.25131607,-122.0456543,LATAM,São Miguel dos Campos,Brasil,1433,5/29/2015 5:44,10156,191,84.98999786,0.170000002,25374,99.98999786,0.330000013,5,499.9500122,414.9599915,134.8600006,South America,Alagoas,PENDING_PAYMENT,,191,9,,http://images.acmesports.sports/Nike+Men%27s+Free+5.0%2B+Running+Shoe,Nike Men's Free 5.0+ Running Shoe,99.98999786,0,5/31/2015 5:44,Standard Class
114180,TRANSFER,5,4,61.47999954,163.9299927,Late delivery,1,46,Indoor/Outdoor Games,Washington,EE. UU.,XXXXXXXXX,Debra,5814,Smith,XXXXXXXXX,Corporate,DC,9551 Blue Pond Downs,20020.0,7,Fan Shop,38.96872711,-76.84075928,LATAM,Panama City,Panamá,5814,2/7/2015 22:11,2599,1014,35.99000168,0.180000007,6516,49.97999954,0.379999995,4,199.9199982,163.9299927,61.47999954,Central America,Panamá,PENDING,,1014,46,,http://images.acmesports.sports/O%27Brien+Men%27s+Neoprene+Life+Vest,O'Brien Men's Neoprene Life Vest,49.97999954,0,2/12/2015 22:11,Standard Class
2785,DEBIT,2,2,0.870000005,87.12000275,Shipping on time,0,7,Hockey,Fort Washington,EE. UU.,XXXXXXXXX,Mary,6766,Smith,XXXXXXXXX,Consumer,MD,6179 Silent View Trail,20744.0,2,Fitness,38.74266434,-76.9917984,Europe,Toulouse,Francia,6766,8/25/2015 18:35,16221,135,0.879999995,0.01,40497,22.0,0.01,4,88.0,87.12000275,0.870000005,Western Europe,Languedoc-Rosellón-Mediodía-Pirineos,COMPLETE,,135,7,,http://images.acmesports.sports/Nike+Dri-FIT+Crew+Sock+6+Pack,Nike Dri-FIT Crew Sock 6 Pack,22.0,0,8/27/2015 18:35,Second Class
68252,DEBIT,5,4,126.0899963,484.9500122,Late delivery,1,9,Cardio Equipment,Caguas,Puerto Rico,XXXXXXXXX,Ralph,10608,Kidd,XXXXXXXXX,Corporate,PR,5767 Gentle Mews,725.0,3,Footwear,18.27859879,-66.37058258,LATAM,Cagua,Venezuela,10608,2/11/2015 22:32,2874,191,15.0,0.029999999,7200,99.98999786,0.25999999,5,499.9500122,484.9500122,126.0899963,South America,Aragua,COMPLETE,,191,9,,http://images.acmesports.sports/Nike+Men%27s+Free+5.0%2B+Running+Shoe,Nike Men's Free 5.0+ Running Shoe,99.98999786,0,2/16/2015 22:32,Standard Class
12125,DEBIT,4,2,179.6699982,494.9500122,Late delivery,1,9,Cardio Equipment,Caguas,Puerto Rico,XXXXXXXXX,Shirley,660,Baker,XXXXXXXXX,Consumer,PR,7312 Wishing Forest Highway,725.0,3,Footwear,18.2256279,-66.04746246,Africa,Johannesburg,SudAfrica,660,11/23/2016 18:18,47458,191,5.0,0.01,118634,99.98999786,0.360000014,5,499.9500122,494.9500122,179.6699982,Southern Africa,Gauteng,COMPLETE,,191,9,,http://images.acmesports.sports/Nike+Men%27s+Free+5.0%2B+Running+Shoe,Nike Men's Free 5.0+ Running Shoe,99.98999786,0,11/27/2016 18:18,Second Class
114720,PAYMENT,5,4,51.31000137,163.9299927,Late delivery,1,46,Indoor/Outdoor Games,Caguas,Puerto Rico,XXXXXXXXX,Mary,9270,Moses,XXXXXXXXX,Home Office,PR,5393 Silent Landing,725.0,7,Fan Shop,18.22278404,-66.37059021,LATAM,Mexico City,México,9270,1/11/2015 22:03,749,1014,35.99000168,0.180000007,1843,49.97999954,0.310000002,4,199.9199982,163.9299927,51.31000137,Central America,Distrito Federal,PENDING_PAYMENT,,1014,46,,http://images.acmesports.sports/O%27Brien+Men%27s+Neoprene+Life+Vest,O'Brien Men's Neoprene Life Vest,49.97999954,0,1/16/2015 22:03,Standard Class
151115,TRANSFER,4,4,-575.9699707,383.980011,Shipping canceled,0,45,Fishing,Caguas,Puerto Rico,XXXXXXXXX,Mary,7635,Bridges,XXXXXXXXX,Consumer,PR,3611 Crystal Pony Park,725.0,7,Fan Shop,18.26856232,-66.37062073,USCA,San Francisco,Estados Unidos,7635,8/8/2016 21:46,40138,1004,16.0,0.039999999,100153,399.980011,-1.5,1,399.980011,383.980011,-575.9699707,West of USA ,California,CANCELED,94110.0,1004,45,,http://images.acmesports.sports/Field+%26+Stream+Sportsman+16+Gun+Fire+Safe,Field & Stream Sportsman 16 Gun Fire Safe,399.980011,0,8/12/2016 21:46,Standard Class
73600,DEBIT,0,0,-260.9899902,173.9900055,Shipping on time,0,48,Water Sports,New Orleans,EE. UU.,XXXXXXXXX,Gerald,2476,Smith,XXXXXXXXX,Consumer,LA,9375 Honey Gate,70117.0,7,Fan Shop,29.96774292,-90.03494263,Africa,Mombasa,Kenia,2476,11/20/2016 8:19,47224,1073,26.0,0.129999995,118040,199.9900055,-1.5,1,199.9900055,173.9900055,-260.9899902,East Africa,Costa,COMPLETE,,1073,48,,http://images.acmesports.sports/Pelican+Sunstream+100+Kayak,Pelican Sunstream 100 Kayak,199.9900055,0,11/20/2016 20:19,Same Day
175636,DEBIT,2,1,82.62000275,187.7599945,Late delivery,1,76,Women's Clothing,Caguas,Puerto Rico,XXXXXXXXX,Orli,20453,Hardin,XXXXXXXXX,Consumer,PR,4645 Colonial Hickory Grounds,725.0,4,Apparel,18.29574776,-66.0370636,Pacific Asia,Cainta,Filipinas,20453,1/27/2018 13:08,76900,1363,28.05999947,0.129999995,180215,215.8200073,0.439999998,1,215.8200073,187.7599945,82.62000275,Southeast Asia,Calabarzón,COMPLETE,,1363,76,,http://images.acmesports.sports/Summer+dresses,Summer dresses,215.8200073,0,1/29/2018 13:08,First Class
30255,TRANSFER,5,4,36.61999893,116.9899979,Late delivery,1,18,Men's Footwear,Caguas,Puerto Rico,XXXXXXXXX,Mary,11776,Smith,XXXXXXXXX,Home Office,PR,7962 Thunder Zephyr Bend,725.0,4,Apparel,18.2077198,-66.37060547,LATAM,Montevideo,Uruguay,11776,1/7/2015 0:41,414,403,13.0,0.100000001,1028,129.9900055,0.310000002,1,129.9900055,116.9899979,36.61999893,South America,Montevideo,PENDING,,403,18,,http://images.acmesports.sports/Nike+Men%27s+CJ+Elite+2+TD+Football+Cleat,Nike Men's CJ Elite 2 TD Football Cleat,129.9900055,0,1/12/2015 0:41,Standard Class
157139,TRANSFER,1,0,22.40999985,49.79000092,Late delivery,1,3,Baseball & Softball,Caguas,Puerto Rico,XXXXXXXXX,Mary,4063,Robinson,XXXXXXXXX,Consumer,PR,5553 Cinder Harbour,725.0,2,Fitness,18.28277206,-66.37052918,Europe,Reims,Francia,4063,10/13/2015 19:02,19579,44,10.19999981,0.170000002,48946,59.99000168,0.449999988,1,59.99000168,49.79000092,22.40999985,Western Europe,Alsacia-Champaña-Ardenas-Lorena,PENDING,,44,3,,http://images.acmesports.sports/adidas+Men%27s+F10+Messi+TRX+FG+Soccer+Cleat,adidas Men's F10 Messi TRX FG Soccer Cleat,59.99000168,0,10/14/2015 7:02,Same Day
155350,PAYMENT,4,4,-197.8899994,237.5599976,Shipping on time,0,17,Cleats,Caguas,Puerto Rico,XXXXXXXXX,Grace,8401,Smith,XXXXXXXXX,Consumer,PR,5292 Misty Goose Street,725.0,4,Apparel,18.28842545,-66.37063599,Pacific Asia,Estambul,Turquía,8401,11/8/2016 8:41,46403,365,2.400000095,0.01,116019,59.99000168,-0.829999983,4,239.9600067,237.5599976,-197.8899994,West Asia,Estambul,PAYMENT_REVIEW,,365,17,,http://images.acmesports.sports/Perfect+Fitness+Perfect+Rip+Deck,Perfect Fitness Perfect Rip Deck,59.99000168,0,11/12/2016 8:41,Standard Class
137302,DEBIT,5,4,-58.40000153,371.980011,Late delivery,1,45,Fishing,Orlando,EE. UU.,XXXXXXXXX,Ashley,4575,Whitaker,XXXXXXXXX,Home Office,FL,8399 Hidden Goose By-pass,32825.0,7,Fan Shop,28.55625916,-81.27587128,LATAM,Sancti Spíritus,Cuba,4575,6/6/2017 1:44,60769,1004,28.0,0.07,152073,399.980011,-0.159999996,1,399.980011,371.980011,-58.40000153,Caribbean,Sancti Spíritus,COMPLETE,,1004,45,,http://images.acmesports.sports/Field+%26+Stream+Sportsman+16+Gun+Fire+Safe,Field & Stream Sportsman 16 Gun Fire Safe,399.980011,0,6/11/2017 1:44,Standard Class
97703,DEBIT,4,2,44.59000015,127.3899994,Late delivery,1,18,Men's Footwear,Toms River,EE. UU.,XXXXXXXXX,Mary,2877,Ramirez,XXXXXXXXX,Home Office,NJ,2805 Silver Glade,8753.0,4,Apparel,39.95728302,-74.19393158,Pacific Asia,Raipur,India,2877,2/19/2016 9:13,28388,403,2.599999905,0.02,71037,129.9900055,0.349999994,1,129.9900055,127.3899994,44.59000015,South Asia,Uttarakhand,COMPLETE,,403,18,,http://images.acmesports.sports/Nike+Men%27s+CJ+Elite+2+TD+Football+Cleat,Nike Men's CJ Elite 2 TD Football Cleat,129.9900055,0,2/23/2016 9:13,Second Class
177333,TRANSFER,4,4,-83.51999664,130.5,Shipping on time,0,24,Women's Apparel,Opa Locka,EE. UU.,XXXXXXXXX,Heather,142,Smith,XXXXXXXXX,Consumer,FL,814 Jagged Cape,33055.0,5,Golf,25.89972687,-80.25153351,Pacific Asia,Mumbai,India,142,2/11/2016 15:32,27858,502,19.5,0.129999995,69739,50.0,-0.639999986,3,150.0,130.5,-83.51999664,South Asia,Maharashtra,PENDING,,502,24,,http://images.acmesports.sports/Nike+Men%27s+Dri-FIT+Victory+Golf+Polo,Nike Men's Dri-FIT Victory Golf Polo,50.0,0,2/15/2016 15:32,Standard Class
115905,DEBIT,6,4,185.2100067,377.980011,Late delivery,1,45,Fishing,Bakersfield,EE. UU.,XXXXXXXXX,Thomas,11212,Smith,XXXXXXXXX,Consumer,CA,2409 Misty Acres,93304.0,7,Fan Shop,35.36254501,-119.0186996,Europe,Gera,Alemania,11212,8/9/2017 14:36,65190,1004,22.0,0.059999999,162922,399.980011,0.49000001,1,399.980011,377.980011,185.2100067,Western Europe,Turingia,COMPLETE,,1004,45,,http://images.acmesports.sports/Field+%26+Stream+Sportsman+16+Gun+Fire+Safe,Field & Stream Sportsman 16 Gun Fire Safe,399.980011,0,8/15/2017 14:36,Standard Class
2379,TRANSFER,2,4,16.12999916,57.59999847,Shipping canceled,0,9,Cardio Equipment,Aurora,EE. UU.,XXXXXXXXX,Carolyn,5614,Adams,XXXXXXXXX,Corporate,IL,6460 Amber Dell,60506.0,3,Footwear,39.70932007,-104.8145828,Pacific Asia,Bandar Abbas,Irán,5614,10/3/2016 20:38,43971,172,2.400000095,0.039999999,109829,30.0,0.280000001,2,60.0,57.59999847,16.12999916,South Asia,Hormozgán,SUSPECTED_FRAUD,,172,9,,http://images.acmesports.sports/Nike+Women%27s+Tempo+Shorts,Nike Women's Tempo Shorts,30.0,0,10/5/2016 20:38,Standard Class
96790,DEBIT,2,1,71.98999786,143.9799957,Late delivery,1,17,Cleats,Brighton,EE. UU.,XXXXXXXXX,Jennifer,8267,Smith,XXXXXXXXX,Home Office,MA,4806 Sleepy Pike,2135.0,4,Apparel,32.74827194,-117.2449112,Europe,Champigny-sur-Marne,Francia,8267,9/9/2015 22:35,17260,365,35.99000168,0.200000003,43165,59.99000168,0.5,3,179.9700012,143.9799957,71.98999786,Western Europe,Isla de Francia,COMPLETE,,365,17,,http://images.acmesports.sports/Perfect+Fitness+Perfect+Rip+Deck,Perfect Fitness Perfect Rip Deck,59.99000168,0,9/11/2015 22:35,First Class
125715,PAYMENT,5,2,12.60999966,111.5800018,Late delivery,1,17,Cleats,Caguas,Puerto Rico,XXXXXXXXX,Mary,9905,Ramsey,XXXXXXXXX,Consumer,PR,3422 Jagged Willow Way,725.0,4,Apparel,18.23766708,-66.3705368,Africa,Benguela,Angola,9905,9/15/2016 22:46,42744,365,8.399999619,0.07,106688,59.99000168,0.109999999,2,119.9800034,111.5800018,12.60999966,Central Africa,Benguela,PENDING_PAYMENT,,365,17,,http://images.acmesports.sports/Perfect+Fitness+Perfect+Rip+Deck,Perfect Fitness Perfect Rip Deck,59.99000168,0,9/20/2016 22:46,Second Class
2393,TRANSFER,2,4,61.34000015,195.9799957,Advance shipping,0,9,Cardio Equipment,Brooklyn,EE. UU.,XXXXXXXXX,Anna,7707,Smith,XXXXXXXXX,Corporate,NY,5721 Iron Willow Hollow,11216.0,3,Footwear,40.67913818,-73.94405365,USCA,San Francisco,Estados Unidos,7707,4/26/2016 19:07,33006,191,4.0,0.02,82537,99.98999786,0.310000002,2,199.9799957,195.9799957,61.34000015,West of USA ,California,PENDING,94122.0,191,9,,http://images.acmesports.sports/Nike+Men%27s+Free+5.0%2B+Running+Shoe,Nike Men's Free 5.0+ Running Shoe,99.98999786,0,4/28/2016 19:07,Standard Class
161840,TRANSFER,6,4,42.59999847,161.9700012,Late delivery,1,17,Cleats,Caguas,Puerto Rico,XXXXXXXXX,Sandra,849,Barker,XXXXXXXXX,Consumer,PR,9611 Lost Parade,725.0,4,Apparel,25.85214233,-97.53455353,Pacific Asia,Zanyán,Irán,849,11/26/2016 13:34,47650,365,18.0,0.100000001,119138,59.99000168,0.25999999,3,179.9700012,161.9700012,42.59999847,South Asia,Zanyán,PENDING,,365,17,,http://images.acmesports.sports/Perfect+Fitness+Perfect+Rip+Deck,Perfect Fitness Perfect Rip Deck,59.99000168,0,12/2/2016 13:34,Standard Class
10334,TRANSFER,5,4,67.59999847,200.0,Shipping canceled,0,24,Women's Apparel,Broomfield,EE. UU.,XXXXXXXXX,Cheryl,783,Kent,XXXXXXXXX,Corporate,CO,2299 Merry Bear Vista,80020.0,5,Golf,39.93554306,-105.0457459,Africa,Kano,Nigeria,783,10/2/2016 10:39,43874,502,50.0,0.200000003,109577,50.0,0.340000004,5,250.0,200.0,67.59999847,West Africa,Kano,SUSPECTED_FRAUD,,502,24,,http://images.acmesports.sports/Nike+Men%27s+Dri-FIT+Victory+Golf+Polo,Nike Men's Dri-FIT Victory Golf Polo,50.0,0,10/7/2016 10:39,Standard Class
3896,CASH,1,0,98.27999878,363.980011,Late delivery,1,45,Fishing,Caguas,Puerto Rico,XXXXXXXXX,Kenneth,7731,Dominguez,XXXXXXXXX,Corporate,PR,223 Round Hollow,725.0,7,Fan Shop,18.25471306,-66.37059784,Europe,Gothenburg,Suecia,7731,8/12/2015 22:59,15343,1004,36.0,0.090000004,38369,399.980011,0.270000011,1,399.980011,363.980011,98.27999878,Northern Europe,Västra Götaland,CLOSED,,1004,45,,http://images.acmesports.sports/Field+%26+Stream+Sportsman+16+Gun+Fire+Safe,Field & Stream Sportsman 16 Gun Fire Safe,399.980011,0,8/13/2015 10:59,Same Day
40383,DEBIT,3,4,68.37999725,202.3000031,Advance shipping,0,65,Consumer Electronics,Caguas,Puerto Rico,XXXXXXXXX,Carla,14650,Guzman,XXXXXXXXX,Corporate,PR,6567 Red Sky Gate,725.0,10,Technology,18.20376015,-66.03705597,Europe,London,Reino Unido,14650,11/3/2017 20:05,71097,1352,50.58000183,0.200000003,174412,252.8800049,0.340000004,1,252.8800049,202.3000031,68.37999725,Northern Europe,Inglaterra,COMPLETE,,1352,65,,http://images.acmesports.sports/Industrial+consumer+electronics,Industrial consumer electronics,252.8800049,0,11/6/2017 20:05,Standard Class
71648,TRANSFER,1,0,160.6999969,391.9599915,Late delivery,1,9,Cardio Equipment,Fort Lauderdale,EE. UU.,XXXXXXXXX,Kathleen,405,Smith,XXXXXXXXX,Corporate,FL,7349 Silent Isle,33313.0,3,Footwear,25.72820282,-80.25786591,LATAM,San José de las Lajas,Cuba,405,2/23/2017 22:43,53773,191,8.0,0.02,134432,99.98999786,0.409999996,4,399.9599915,391.9599915,160.6999969,Caribbean,Mayabeque,PROCESSING,,191,9,,http://images.acmesports.sports/Nike+Men%27s+Free+5.0%2B+Running+Shoe,Nike Men's Free 5.0+ Running Shoe,99.98999786,0,2/24/2017 10:43,Same Day
56486,DEBIT,2,1,78.01999664,165.9900055,Late delivery,1,48,Water Sports,Caguas,Puerto Rico,XXXXXXXXX,Mary,9177,Nelson,XXXXXXXXX,Consumer,PR,1509 Burning Spring Vista,725.0,7,Fan Shop,18.22169304,-66.37058258,LATAM,Punta Arenas,Chile,9177,2/3/2017 4:32,52351,1073,34.0,0.170000002,130823,199.9900055,0.469999999,1,199.9900055,165.9900055,78.01999664,South America,Magallanes y Antártica Chilena,COMPLETE,,1073,48,,http://images.acmesports.sports/Pelican+Sunstream+100+Kayak,Pelican Sunstream 100 Kayak,199.9900055,0,2/5/2017 4:32,First Class
119005,TRANSFER,6,2,15.02000046,48.0,Shipping canceled,0,26,Girls' Apparel,New Orleans,EE. UU.,XXXXXXXXX,Lori,1542,Mccarthy,XXXXXXXXX,Consumer,LA,7017 Clear Bay,70117.0,5,Golf,29.96774292,-90.03494263,LATAM,Tijuana,México,1542,2/12/2015 12:54,2915,564,12.0,0.200000003,7282,30.0,0.310000002,2,60.0,48.0,15.02000046,Central America,Baja California,CANCELED,,564,26,,http://images.acmesports.sports/Nike+Men%27s+Deutschland+Weltmeister+Winners+Black+T-Shirt,Nike Men's Deutschland Weltmeister Winners Bl,30.0,0,2/18/2015 12:54,Second Class
106194,PAYMENT,5,4,43.97999954,99.95999908,Late delivery,1,46,Indoor/Outdoor Games,Merced,EE. UU.,XXXXXXXXX,Mary,1034,Smith,XXXXXXXXX,Consumer,CA,8355 Lazy Anchor Pines,95340.0,7,Fan Shop,37.41038895,-120.7961731,LATAM,Tupã,Brasil,1034,4/24/2017 22:59,57884,1014,0.0,0.0,144826,49.97999954,0.439999998,2,99.95999908,99.95999908,43.97999954,South America,São Paulo,PENDING_PAYMENT,,1014,46,,http://images.acmesports.sports/O%27Brien+Men%27s+Neoprene+Life+Vest,O'Brien Men's Neoprene Life Vest,49.97999954,0,4/29/2017 22:59,Standard Class
17749,CASH,2,1,-224.9600067,299.9500122,Late delivery,1,17,Cleats,Chicago,EE. UU.,XXXXXXXXX,Mary,7109,Torres,XXXXXXXXX,Corporate,IL,8344 Dewy Fawn Farms,60625.0,4,Apparel,41.74334717,-87.57434082,Europe,Langen,Alemania,7109,10/14/2015 20:37,19652,365,0.0,0.0,49130,59.99000168,-0.75,5,299.9500122,299.9500122,-224.9600067,Western Europe,Baja Sajonia,CLOSED,,365,17,,http://images.acmesports.sports/Perfect+Fitness+Perfect+Rip+Deck,Perfect Fitness Perfect Rip Deck,59.99000168,0,10/16/2015 20:37,First Class
5866,CASH,2,1,94.08000183,335.980011,Late delivery,1,45,Fishing,Chicago,EE. UU.,XXXXXXXXX,Mary,10145,Lester,XXXXXXXXX,Consumer,IL,5630 Tawny Circuit,60644.0,7,Fan Shop,41.89487457,-87.76678467,Europe,Langen,Alemania,10145,6/15/2015 22:43,11369,1004,64.0,0.159999996,28433,399.980011,0.280000001,1,399.980011,335.980011,94.08000183,Western Europe,Hesse,CLOSED,,1004,45,,http://images.acmesports.sports/Field+%26+Stream+Sportsman+16+Gun+Fire+Safe,Field & Stream Sportsman 16 Gun Fire Safe,399.980011,0,6/17/2015 22:43,First Class
49244,DEBIT,4,2,-25.51000023,113.3799973,Late delivery,1,17,Cleats,Apex,EE. UU.,XXXXXXXXX,Mary,2562,Anderson,XXXXXXXXX,Corporate,NC,8259 Colonial Heights,27502.0,4,Apparel,35.73103714,-78.85575104,Europe,Palaiseau,Francia,2562,7/18/2017 2:22,63648,365,6.599999905,0.059999999,159097,59.99000168,-0.230000004,2,119.9800034,113.3799973,-25.51000023,Western Europe,Isla de Francia,ON_HOLD,,365,17,,http://images.acmesports.sports/Perfect+Fitness+Perfect+Rip+Deck,Perfect Fitness Perfect Rip Deck,59.99000168,0,7/22/2017 2:22,Second Class
18693,PAYMENT,2,1,93.88999939,299.980011,Late delivery,1,43,Camping & Hiking,Honolulu,EE. UU.,XXXXXXXXX,Mary,4303,Smith,XXXXXXXXX,Consumer,HI,7136 Cozy Bear Mountain,96818.0,7,Fan Shop,21.343153,-157.906601,LATAM,Petapa,Guatemala,4303,1/30/2015 10:38,2018,957,0.0,0.0,5058,299.980011,0.310000002,1,299.980011,299.980011,93.88999939,Central America,Guatemala,PENDING_PAYMENT,,957,43,,http://images.acmesports.sports/Diamondback+Women%27s+Serene+Classic+Comfort+Bike+2014,Diamondback Women's Serene Classic Comfort Bi,299.980011,0,2/1/2015 10:38,First Class
106623,PAYMENT,5,2,71.75,247.3999939,Late delivery,1,46,Indoor/Outdoor Games,Caguas,Puerto Rico,XXXXXXXXX,James,8320,Smith,XXXXXXXXX,Consumer,PR,6940 Lost Butterfly Crossing,725.0,7,Fan Shop,18.26099014,-66.37050629,LATAM,Santiago de los Caballeros,República Dominicana,8320,4/3/2017 10:14,56409,1014,2.5,0.01,141097,49.97999954,0.289999992,5,249.8999939,247.3999939,71.75,Caribbean,Santiago de Chile,PENDING_PAYMENT,,1014,46,,http://images.acmesports.sports/O%27Brien+Men%27s+Neoprene+Life+Vest,O'Brien Men's Neoprene Life Vest,49.97999954,0,4/8/2017 10:14,Second Class
4848,TRANSFER,4,4,64.05999756,363.9599915,Shipping on time,0,9,Cardio Equipment,Los Angeles,EE. UU.,XXXXXXXXX,Mary,4460,Smith,XXXXXXXXX,Consumer,CA,3200 Amber Bend,90027.0,3,Footwear,34.12594605,-118.2910156,LATAM,Tegucigalpa,Honduras,4460,4/25/2017 0:23,57888,191,36.0,0.090000004,144840,99.98999786,0.180000007,4,399.9599915,363.9599915,64.05999756,Central America,Francisco Morazán,PROCESSING,,191,9,,http://images.acmesports.sports/Nike+Men%27s+Free+5.0%2B+Running+Shoe,Nike Men's Free 5.0+ Running Shoe,99.98999786,0,4/29/2017 0:23,Standard Class
159979,TRANSFER,2,4,12.18999958,97.48999786,Advance shipping,0,18,Men's Footwear,Caguas,Puerto Rico,XXXXXXXXX,Mary,7693,Walsh,XXXXXXXXX,Consumer,PR,4074 Burning River Corners,725.0,4,Apparel,18.24526024,-66.37051392,LATAM,Villa Nueva,Guatemala,7693,2/2/2015 2:45,2201,403,32.5,0.25,5521,129.9900055,0.129999995,1,129.9900055,97.48999786,12.18999958,Central America,Guatemala,PROCESSING,,403,18,,http://images.acmesports.sports/Nike+Men%27s+CJ+Elite+2+TD+Football+Cleat,Nike Men's CJ Elite 2 TD Football Cleat,129.9900055,0,2/4/2015 2:45,Standard Class
141093,CASH,6,4,-145.5,242.5,Late delivery,1,24,Women's Apparel,Caguas,Puerto Rico,XXXXXXXXX,Mary,4633,Smith,XXXXXXXXX,Home Office,PR,9768 Indian Lake Pathway,725.0,5,Golf,18.2732029,-66.37055969,USCA,Seattle,Estados Unidos,4633,4/25/2016 19:59,32940,502,7.5,0.029999999,82401,50.0,-0.600000024,5,250.0,242.5,-145.5,West of USA ,Washington,CLOSED,98115.0,502,24,,http://images.acmesports.sports/Nike+Men%27s+Dri-FIT+Victory+Golf+Polo,Nike Men's Dri-FIT Victory Golf Polo,50.0,0,5/1/2016 19:59,Standard Class
86444,TRANSFER,3,4,58.0,126.0899963,Advance shipping,0,18,Men's Footwear,La Habra,EE. UU.,XXXXXXXXX,Charles,3699,Walker,XXXXXXXXX,Corporate,CA,5163 Velvet Private,90631.0,4,Apparel,33.92438507,-117.9593506,Pacific Asia,Kupang,Indonesia,3699,3/5/2016 18:29,29442,403,3.900000095,0.029999999,73656,129.9900055,0.460000008,1,129.9900055,126.0899963,58.0,Southeast Asia,Nusa Tenggara Oriental,PROCESSING,,403,18,,http://images.acmesports.sports/Nike+Men%27s+CJ+Elite+2+TD+Football+Cleat,Nike Men's CJ Elite 2 TD Football Cleat,129.9900055,0,3/8/2016 18:29,Standard Class
73680,DEBIT,2,1,41.58000183,197.9900055,Late delivery,1,48,Water Sports,North Las Vegas,EE. UU.,XXXXXXXXX,Samantha,907,Kline,XXXXXXXXX,Corporate,NV,6396 Blue Gate Parkway,89030.0,7,Fan Shop,36.22515869,-115.1951828,Africa,Jartum,Sudán,907,11/15/2016 5:41,46874,1073,2.0,0.01,117188,199.9900055,0.209999993,1,199.9900055,197.9900055,41.58000183,North Africa,Jartum,COMPLETE,,1073,48,,http://images.acmesports.sports/Pelican+Sunstream+100+Kayak,Pelican Sunstream 100 Kayak,199.9900055,0,11/17/2016 5:41,First Class
98036,DEBIT,3,2,-119.9899979,299.9700012,Late delivery,1,9,Cardio Equipment,Lake Forest,EE. UU.,XXXXXXXXX,Ann,5557,Smith,XXXXXXXXX,Home Office,CA,2792 Stony Range,92630.0,3,Footwear,39.18449783,-120.1139069,Europe,Cavaillon,Francia,5557,8/23/2015 10:53,16062,191,0.0,0.0,40121,99.98999786,-0.400000006,3,299.9700012,299.9700012,-119.9899979,Western Europe,Provenza-Alpes-Costa Azul,COMPLETE,,191,9,,http://images.acmesports.sports/Nike+Men%27s+Free+5.0%2B+Running+Shoe,Nike Men's Free 5.0+ Running Shoe,99.98999786,0,8/26/2015 10:53,Second Class
91048,PAYMENT,6,4,109.6399994,254.9799957,Late delivery,1,43,Camping & Hiking,Caguas,Puerto Rico,XXXXXXXXX,Kelly,8580,Smith,XXXXXXXXX,Corporate,PR,4590 Red Treasure Loop,725.0,7,Fan Shop,18.26570511,-66.37058258,LATAM,San Salvador,El Salvador,8580,5/14/2017 5:47,59205,957,45.0,0.150000006,148192,299.980011,0.430000007,1,299.980011,254.9799957,109.6399994,Central America,San Salvador,PENDING_PAYMENT,,957,43,,http://images.acmesports.sports/Diamondback+Women%27s+Serene+Classic+Comfort+Bike+2014,Diamondback Women's Serene Classic Comfort Bi,299.980011,0,5/20/2017 5:47,Standard Class
163346,DEBIT,5,4,184.3099976,383.980011,Late delivery,1,45,Fishing,Chicago,EE. UU.,XXXXXXXXX,Michael,6974,Smith,XXXXXXXXX,Home Office,IL,1531 Jagged Dale Heath,60613.0,7,Fan Shop,41.89580154,-87.6660614,Pacific Asia,Ninghai,China,6974,12/13/2015 5:28,23719,1004,16.0,0.039999999,59342,399.980011,0.479999989,1,399.980011,383.980011,184.3099976,Eastern Asia,Shandong,COMPLETE,,1004,45,,http://images.acmesports.sports/Field+%26+Stream+Sportsman+16+Gun+Fire+Safe,Field & Stream Sportsman 16 Gun Fire Safe,399.980011,0,12/18/2015 5:28,Standard Class
6393,PAYMENT,6,4,13.22999954,75.58000183,Late delivery,1,13,Electronics,Caguas,Puerto Rico,XXXXXXXXX,Mary,10679,Smith,XXXXXXXXX,Home Office,PR,331 Grand Orchard,725.0,3,Footwear,18.29108048,-66.37050629,Europe,Velbert,Alemania,10679,10/5/2015 20:27,19035,278,14.39999962,0.159999996,47580,44.99000168,0.180000007,2,89.98000336,75.58000183,13.22999954,Western Europe,Renania del Norte-Westfalia,PENDING_PAYMENT,,278,13,,http://images.acmesports.sports/Under+Armour+Men%27s+Compression+EV+SL+Slide,Under Armour Men's Compression EV SL Slide,44.99000168,0,10/11/2015 20:27,Standard Class
70253,PAYMENT,2,4,-100.8000031,210.0,Advance shipping,0,24,Women's Apparel,Lansdale,EE. UU.,XXXXXXXXX,Sarah,2075,Smith,XXXXXXXXX,Corporate,PA,3888 Quaking Via,19446.0,5,Golf,40.24383545,-75.28388214,USCA,Costa Mesa,Estados Unidos,2075,4/22/2016 11:46,32711,502,40.0,0.159999996,81838,50.0,-0.479999989,5,250.0,210.0,-100.8000031,West of USA ,California,PENDING_PAYMENT,92627.0,502,24,,http://images.acmesports.sports/Nike+Men%27s+Dri-FIT+Victory+Golf+Polo,Nike Men's Dri-FIT Victory Golf Polo,50.0,0,4/24/2016 11:46,Standard Class
108661,PAYMENT,6,4,66.80000305,139.1699982,Late delivery,1,29,Shop By Sport,Findlay,EE. UU.,XXXXXXXXX,Mary,8472,Heath,XXXXXXXXX,Consumer,OH,8546 Thunder Goose Inlet,45840.0,5,Golf,41.04621124,-83.78955841,LATAM,Santa Clara,Cuba,8472,5/23/2015 19:46,9785,627,20.79000092,0.129999995,24435,39.99000168,0.479999989,4,159.9600067,139.1699982,66.80000305,Caribbean,Villa Clara,PENDING_PAYMENT,,627,29,,http://images.acmesports.sports/Under+Armour+Girls%27+Toddler+Spine+Surge+Running+Shoe,Under Armour Girls' Toddler Spine Surge Runni,39.99000168,0,5/29/2015 19:46,Standard Class
98783,PAYMENT,0,0,71.25,148.4400024,Shipping on time,0,46,Indoor/Outdoor Games,San Sebastian,Puerto Rico,XXXXXXXXX,Mary,11111,Elliott,XXXXXXXXX,Consumer,PR,3543 Crystal Bear Forest,685.0,7,Fan Shop,39.49591446,-98.98998261,Pacific Asia,Bagdad,Irak,11111,9/15/2016 2:06,42685,1014,1.5,0.01,106535,49.97999954,0.479999989,3,149.9400024,148.4400024,71.25,West Asia,Bagdad,PAYMENT_REVIEW,,1014,46,,http://images.acmesports.sports/O%27Brien+Men%27s+Neoprene+Life+Vest,O'Brien Men's Neoprene Life Vest,49.97999954,0,9/15/2016 14:06,Same Day
173829,CASH,4,4,7.5,299.980011,Shipping on time,0,43,Camping & Hiking,Caguas,Puerto Rico,XXXXXXXXX,Karen,5074,Smith,XXXXXXXXX,Consumer,PR,1063 Fallen Subdivision,725.0,7,Fan Shop,18.20542717,-66.37052918,LATAM,Amatitlán,Guatemala,5074,5/29/2017 9:27,60243,957,0.0,0.0,150727,299.980011,0.029999999,1,299.980011,299.980011,7.5,Central America,Guatemala,CLOSED,,957,43,,http://images.acmesports.sports/Diamondback+Women%27s+Serene+Classic+Comfort+Bike+2014,Diamondback Women's Serene Classic Comfort Bi,299.980011,0,6/2/2017 9:27,Standard Class
65159,DEBIT,5,2,83.98999786,239.9799957,Late delivery,1,43,Camping & Hiking,Palmdale,EE. UU.,XXXXXXXXX,Nathan,5678,Smith,XXXXXXXXX,Consumer,CA,4900 Crystal Fawn Isle,93550.0,7,Fan Shop,34.54700089,-118.0638199,Pacific Asia,Kowloon,Hong Kong,5678,1/11/2016 17:10,25739,957,60.0,0.200000003,64459,299.980011,0.349999994,1,299.980011,239.9799957,83.98999786,Eastern Asia,Hong Kong,COMPLETE,,957,43,,http://images.acmesports.sports/Diamondback+Women%27s+Serene+Classic+Comfort+Bike+2014,Diamondback Women's Serene Classic Comfort Bi,299.980011,0,1/16/2016 17:10,Second Class
138431,DEBIT,4,4,4.699999809,391.980011,Shipping on time,0,45,Fishing,Staten Island,EE. UU.,XXXXXXXXX,Mary,5919,Santiago,XXXXXXXXX,Home Office,NY,9632 Wishing Bend,10306.0,7,Fan Shop,40.56678009,-74.11734772,LATAM,Sancti Spíritus,Cuba,5919,3/31/2017 18:49,56228,1004,8.0,0.02,140647,399.980011,0.01,1,399.980011,391.980011,4.699999809,Caribbean,Sancti Spíritus,ON_HOLD,,1004,45,,http://images.acmesports.sports/Field+%26+Stream+Sportsman+16+Gun+Fire+Safe,Field & Stream Sportsman 16 Gun Fire Safe,399.980011,0,4/4/2017 18:49,Standard Class
49309,DEBIT,5,2,37.22999954,75.98000336,Late delivery,1,29,Shop By Sport,Pittsfield,EE. UU.,XXXXXXXXX,Andrew,1846,Harper,XXXXXXXXX,Corporate,MA,3520 Grand Edge,1201.0,5,Golf,42.45938873,-73.22673035,LATAM,Madero,México,1846,4/18/2015 6:19,7349,627,4.0,0.050000001,18404,39.99000168,0.49000001,2,79.98000336,75.98000336,37.22999954,Central America,Tamaulipas,ON_HOLD,,627,29,,http://images.acmesports.sports/Under+Armour+Girls%27+Toddler+Spine+Surge+Running+Shoe,Under Armour Girls' Toddler Spine Surge Runni,39.99000168,0,4/23/2015 6:19,Second Class
3448,DEBIT,6,2,117.0199966,248.9799957,Late delivery,1,43,Camping & Hiking,Caguas,Puerto Rico,XXXXXXXXX,Grace,8401,Smith,XXXXXXXXX,Consumer,PR,5292 Misty Goose Street,725.0,7,Fan Shop,18.28842545,-66.37063599,LATAM,Guasave,México,8401,2/15/2017 22:44,53225,957,51.0,0.170000002,132999,299.980011,0.469999999,1,299.980011,248.9799957,117.0199966,Central America,Sinaloa,COMPLETE,,957,43,,http://images.acmesports.sports/Diamondback+Women%27s+Serene+Classic+Comfort+Bike+2014,Diamondback Women's Serene Classic Comfort Bi,299.980011,0,2/21/2017 22:44,Second Class
20445,DEBIT,3,4,16.12999916,37.5,Advance shipping,0,24,Women's Apparel,Caguas,Puerto Rico,XXXXXXXXX,Brenda,10044,Hall,XXXXXXXXX,Consumer,PR,2924 Velvet Dale Corners,725.0,5,Golf,18.25662994,-66.37059021,LATAM,Carrefour,Haití,10044,4/3/2015 10:01,6332,502,12.5,0.25,15846,50.0,0.430000007,1,50.0,37.5,16.12999916,Caribbean,Ouest,COMPLETE,,502,24,,http://images.acmesports.sports/Nike+Men%27s+Dri-FIT+Victory+Golf+Polo,Nike Men's Dri-FIT Victory Golf Polo,50.0,0,4/6/2015 10:01,Standard Class
35843,DEBIT,2,1,40.45999908,107.8899994,Late delivery,1,18,Men's Footwear,San Bernardino,EE. UU.,XXXXXXXXX,Jacqueline,8286,Butler,XXXXXXXXX,Consumer,CA,4699 Quiet Mall ,92404.0,4,Apparel,34.17030335,-117.349678,Europe,Dublín,Irlanda,8286,7/19/2017 3:57,63721,403,22.10000038,0.170000002,159285,129.9900055,0.379999995,1,129.9900055,107.8899994,40.45999908,Northern Europe,Dublín,COMPLETE,,403,18,,http://images.acmesports.sports/Nike+Men%27s+CJ+Elite+2+TD+Football+Cleat,Nike Men's CJ Elite 2 TD Football Cleat,129.9900055,0,7/21/2017 3:57,First Class
124633,TRANSFER,3,4,-7.840000153,78.37999725,Advance shipping,0,29,Shop By Sport,Caguas,Puerto Rico,XXXXXXXXX,Shirley,3119,Hinton,XXXXXXXXX,Corporate,PR,1927 Harvest Lane,725.0,5,Golf,18.24463272,-66.37051392,LATAM,Santo Domingo,República Dominicana,3119,3/17/2017 21:38,55277,627,1.600000024,0.02,138248,39.99000168,-0.100000001,2,79.98000336,78.37999725,-7.840000153,Caribbean,Santo Domingo,PENDING,,627,29,,http://images.acmesports.sports/Under+Armour+Girls%27+Toddler+Spine+Surge+Running+Shoe,Under Armour Girls' Toddler Spine Surge Runni,39.99000168,0,3/20/2017 21:38,Standard Class
93894,DEBIT,2,4,-29.52000046,172.6600037,Advance shipping,0,76,Women's Clothing,New Haven,EE. UU.,XXXXXXXXX,Naida,20394,Chang,XXXXXXXXX,Consumer,CT,2291 Thunder Leaf Corners,6511.0,4,Apparel,37.78180695,-85.49245453,Pacific Asia,Canberra,Australia,20394,1/26/2018 16:28,76841,1363,43.15999985,0.200000003,180156,215.8200073,-0.170000002,1,215.8200073,172.6600037,-29.52000046,Oceania,Territorio de la Capital Australiana,COMPLETE,,1363,76,,http://images.acmesports.sports/Summer+dresses,Summer dresses,215.8200073,0,1/28/2018 16:28,Standard Class
37353,PAYMENT,4,2,3.839999914,95.98000336,Late delivery,1,17,Cleats,Watsonville,EE. UU.,XXXXXXXXX,Mary,6862,Taylor,XXXXXXXXX,Consumer,CA,8830 Honey Fawn Bend,95076.0,4,Apparel,37.05044556,-121.7598801,Europe,Porto,Portugal,6862,6/27/2017 8:53,62228,365,24.0,0.200000003,155594,59.99000168,0.039999999,2,119.9800034,95.98000336,3.839999914,Southern Europe,Porto,PENDING_PAYMENT,,365,17,,http://images.acmesports.sports/Perfect+Fitness+Perfect+Rip+Deck,Perfect Fitness Perfect Rip Deck,59.99000168,0,7/1/2017 8:53,Second Class
58221,DEBIT,6,4,-307.9700012,439.9599915,Late delivery,1,9,Cardio Equipment,Caguas,Puerto Rico,XXXXXXXXX,Mary,9754,Matthews,XXXXXXXXX,Consumer,PR,6127 Pleasant Wagon  Campus,725.0,3,Footwear,18.23230934,-66.37049866,Pacific Asia,Denpasar,Indonesia,9754,11/23/2015 5:51,22350,191,59.99000168,0.119999997,55949,99.98999786,-0.699999988,5,499.9500122,439.9599915,-307.9700012,Southeast Asia,Bali,COMPLETE,,191,9,,http://images.acmesports.sports/Nike+Men%27s+Free+5.0%2B+Running+Shoe,Nike Men's Free 5.0+ Running Shoe,99.98999786,0,11/29/2015 5:51,Standard Class
96210,DEBIT,2,1,2.700000048,43.5,Late delivery,1,24,Women's Apparel,San Francisco,EE. UU.,XXXXXXXXX,Jeffrey,11877,Krueger,XXXXXXXXX,Home Office,CA,7778 Silver Turnabout,94122.0,5,Golf,37.75547028,-122.4765244,Africa,Maputo,Mozambique,11877,1/8/2017 15:05,50600,502,6.5,0.129999995,126454,50.0,0.059999999,1,50.0,43.5,2.700000048,East Africa,Cidade De Maputo,COMPLETE,,502,24,,http://images.acmesports.sports/Nike+Men%27s+Dri-FIT+Victory+Golf+Polo,Nike Men's Dri-FIT Victory Golf Polo,50.0,0,1/10/2017 15:05,First Class
58391,DEBIT,4,4,48.49000168,193.9499969,Shipping on time,0,29,Shop By Sport,Caguas,Puerto Rico,XXXXXXXXX,Christopher,2332,Hart,XXXXXXXXX,Consumer,PR,7814 Old Glen,725.0,5,Golf,18.27273178,-66.37056732,USCA,Troy,Estados Unidos,2332,4/2/2016 16:00,31353,627,6.0,0.029999999,78374,39.99000168,0.25,5,199.9499969,193.9499969,48.49000168,East of USA,Nueva York,COMPLETE,12180.0,627,29,,http://images.acmesports.sports/Under+Armour+Girls%27+Toddler+Spine+Surge+Running+Shoe,Under Armour Girls' Toddler Spine Surge Runni,39.99000168,0,4/6/2016 16:00,Standard Class
119666,TRANSFER,2,2,-240.1000061,359.9599915,Shipping on time,0,9,Cardio Equipment,Hampton,EE. UU.,XXXXXXXXX,Andrea,5772,Smith,XXXXXXXXX,Consumer,VA,4353 Velvet Treasure Island,23666.0,3,Footwear,37.047966,-76.39997101,Pacific Asia,Orange,Australia,5772,12/15/2015 19:28,23896,191,40.0,0.100000001,59812,99.98999786,-0.670000017,4,399.9599915,359.9599915,-240.1000061,Oceania,Nueva Gales del Sur,PROCESSING,,191,9,,http://images.acmesports.sports/Nike+Men%27s+Free+5.0%2B+Running+Shoe,Nike Men's Free 5.0+ Running Shoe,99.98999786,0,12/17/2015 19:28,Second Class
35731,DEBIT,2,1,27.0,59.99000168,Late delivery,1,17,Cleats,Orlando,EE. UU.,XXXXXXXXX,Mary,7099,Smith,XXXXXXXXX,Consumer,FL,2757 Green Spring Concession,32822.0,4,Apparel,28.51333046,-81.31015778,Europe,Meudon,Francia,7099,7/31/2017 14:47,64574,365,0.0,0.0,161413,59.99000168,0.449999988,1,59.99000168,59.99000168,27.0,Western Europe,Isla de Francia,COMPLETE,,365,17,,http://images.acmesports.sports/Perfect+Fitness+Perfect+Rip+Deck,Perfect Fitness Perfect Rip Deck,59.99000168,0,8/2/2017 14:47,First Class
120559,TRANSFER,2,4,28.79999924,287.980011,Advance shipping,0,43,Camping & Hiking,Carmichael,EE. UU.,XXXXXXXXX,Michael,7358,Simpson,XXXXXXXXX,Consumer,CA,7723 Lazy Mount,95608.0,7,Fan Shop,38.61899185,-121.3215637,Europe,Huelva,España,7358,10/18/2015 13:36,19906,957,12.0,0.039999999,49751,299.980011,0.100000001,1,299.980011,287.980011,28.79999924,Southern Europe,Andalucía,PENDING,,957,43,,http://images.acmesports.sports/Diamondback+Women%27s+Serene+Classic+Comfort+Bike+2014,Diamondback Women's Serene Classic Comfort Bi,299.980011,0,10/20/2015 13:36,Standard Class
116138,CASH,1,0,151.9900055,379.980011,Late delivery,1,45,Fishing,Edison,EE. UU.,XXXXXXXXX,Janet,3248,Ochoa,XXXXXXXXX,Consumer,NJ,2337 Indian Inlet,8817.0,7,Fan Shop,40.5020752,-74.40885162,Europe,Marsala,Italia,3248,7/27/2017 20:45,64317,1004,20.0,0.050000001,160775,399.980011,0.400000006,1,399.980011,379.980011,151.9900055,Southern Europe,Sicilia,CLOSED,,1004,45,,http://images.acmesports.sports/Field+%26+Stream+Sportsman+16+Gun+Fire+Safe,Field & Stream Sportsman 16 Gun Fire Safe,399.980011,0,7/28/2017 8:45,Same Day
37634,PAYMENT,3,2,64.13999939,178.1699982,Late delivery,1,17,Cleats,Richmond,EE. UU.,XXXXXXXXX,Emma,560,Smith,XXXXXXXXX,Consumer,VA,6988 Easy Quail Swale,23223.0,4,Apparel,37.54056931,-77.41202545,LATAM,La Vega,República Dominicana,560,5/22/2015 9:26,9687,365,1.799999952,0.01,24197,59.99000168,0.360000014,3,179.9700012,178.1699982,64.13999939,Caribbean,La Vega,PENDING_PAYMENT,,365,17,,http://images.acmesports.sports/Perfect+Fitness+Perfect+Rip+Deck,Perfect Fitness Perfect Rip Deck,59.99000168,0,5/25/2015 9:26,Second Class
112823,DEBIT,2,2,-300.5799866,193.9199982,Shipping on time,0,46,Indoor/Outdoor Games,Caguas,Puerto Rico,XXXXXXXXX,Ashley,10842,Smith,XXXXXXXXX,Corporate,PR,1682 Amber Parade,725.0,7,Fan Shop,18.25410461,-66.37055969,Pacific Asia,Izmir,Turquía,10842,10/17/2016 8:43,44896,1014,6.0,0.029999999,112139,49.97999954,-1.549999952,4,199.9199982,193.9199982,-300.5799866,West Asia,Izmir,ON_HOLD,,1014,46,,http://images.acmesports.sports/O%27Brien+Men%27s+Neoprene+Life+Vest,O'Brien Men's Neoprene Life Vest,49.97999954,0,10/19/2016 8:43,Second Class
36856,PAYMENT,5,2,-441.7200012,284.980011,Late delivery,1,43,Camping & Hiking,Santa Cruz,EE. UU.,XXXXXXXXX,Amber,12111,Franco,XXXXXXXXX,Consumer,CA,8766 Clear Prairie Line,95060.0,7,Fan Shop,36.97051239,-122.0238266,LATAM,Tegucigalpa,Honduras,12111,4/7/2017 5:19,56669,957,15.0,0.050000001,141724,299.980011,-1.549999952,1,299.980011,284.980011,-441.7200012,Central America,Francisco Morazán,PENDING_PAYMENT,,957,43,,http://images.acmesports.sports/Diamondback+Women%27s+Serene+Classic+Comfort+Bike+2014,Diamondback Women's Serene Classic Comfort Bi,299.980011,0,4/12/2017 5:19,Second Class
127014,PAYMENT,3,4,40.86000061,120.8899994,Advance shipping,0,18,Men's Footwear,Caguas,Puerto Rico,XXXXXXXXX,Lauren,12140,Smith,XXXXXXXXX,Consumer,PR,724 Broad Trace,725.0,4,Apparel,18.24270439,-66.37049866,LATAM,Cárdenas,Cuba,12140,5/21/2015 15:55,9637,403,9.100000381,0.07,24067,129.9900055,0.340000004,1,129.9900055,120.8899994,40.86000061,Caribbean,Matanzas,PENDING_PAYMENT,,403,18,,http://images.acmesports.sports/Nike+Men%27s+CJ+Elite+2+TD+Football+Cleat,Nike Men's CJ Elite 2 TD Football Cleat,129.9900055,0,5/24/2015 15:55,Standard Class
46765,PAYMENT,3,4,25.5,101.9800034,Advance shipping,0,17,Cleats,Rancho Cucamonga,EE. UU.,XXXXXXXXX,Olivia,3232,Smith,XXXXXXXXX,Corporate,CA,8414 Wishing Horse Acres,91730.0,4,Apparel,34.10491943,-117.6226425,Europe,Narbonne,Francia,3232,9/20/2017 4:02,68037,365,18.0,0.150000006,170091,59.99000168,0.25,2,119.9800034,101.9800034,25.5,Western Europe,Languedoc-Rosellón-Mediodía-Pirineos,PENDING_PAYMENT,,365,17,,http://images.acmesports.sports/Perfect+Fitness+Perfect+Rip+Deck,Perfect Fitness Perfect Rip Deck,59.99000168,0,9/23/2017 4:02,Standard Class
94890,DEBIT,4,4,22.14999962,103.9899979,Shipping on time,0,18,Men's Footwear,Houston,EE. UU.,XXXXXXXXX,Mary,8084,Smith,XXXXXXXXX,Consumer,TX,3200 Honey Range,77036.0,4,Apparel,29.7872448,-95.37207031,USCA,Charlotte,Estados Unidos,8084,4/17/2016 20:21,32393,403,26.0,0.200000003,81009,129.9900055,0.209999993,1,129.9900055,103.9899979,22.14999962,South of  USA ,Carolina del Norte,COMPLETE,28205.0,403,18,,http://images.acmesports.sports/Nike+Men%27s+CJ+Elite+2+TD+Football+Cleat,Nike Men's CJ Elite 2 TD Football Cleat,129.9900055,0,4/21/2016 20:21,Standard Class
131925,CASH,4,2,17.13999939,97.95999908,Late delivery,1,46,Indoor/Outdoor Games,Caguas,Puerto Rico,XXXXXXXXX,Cheryl,4667,Gonzalez,XXXXXXXXX,Corporate,PR,5375 Iron Cloud Mews,725.0,7,Fan Shop,18.27949715,-66.37057495,Pacific Asia,Banjarmasin,Indonesia,4667,2/9/2016 21:30,27738,1014,2.0,0.02,69455,49.97999954,0.180000007,2,99.95999908,97.95999908,17.13999939,Southeast Asia,Borneo Meridional,CLOSED,,1014,46,,http://images.acmesports.sports/O%27Brien+Men%27s+Neoprene+Life+Vest,O'Brien Men's Neoprene Life Vest,49.97999954,0,2/13/2016 21:30,Second Class
128190,DEBIT,5,4,8.619999886,98.0,Late delivery,1,24,Women's Apparel,College Station,EE. UU.,XXXXXXXXX,Kimberly,11315,Campos,XXXXXXXXX,Consumer,TX,2407 Cozy Square,77840.0,5,Golf,30.62887001,-96.3033905,USCA,New York City,Estados Unidos,11315,7/24/2016 16:01,39094,502,2.0,0.02,97585,50.0,0.090000004,2,100.0,98.0,8.619999886,East of USA,Nueva York,COMPLETE,10035.0,502,24,,http://images.acmesports.sports/Nike+Men%27s+Dri-FIT+Victory+Golf+Polo,Nike Men's Dri-FIT Victory Golf Polo,50.0,0,7/29/2016 16:01,Standard Class
153448,DEBIT,5,4,157.4299927,327.980011,Late delivery,1,45,Fishing,Scottsdale,EE. UU.,XXXXXXXXX,Mary,2313,Forbes,XXXXXXXXX,Consumer,AZ,5452 Broad Mall ,85254.0,7,Fan Shop,33.5163269,-111.9261703,Pacific Asia,Porirua,Nueva Zelanda,2313,3/25/2016 10:24,30789,1004,72.0,0.180000007,76919,399.980011,0.479999989,1,399.980011,327.980011,157.4299927,Oceania,Wellington,COMPLETE,,1004,45,,http://images.acmesports.sports/Field+%26+Stream+Sportsman+16+Gun+Fire+Safe,Field & Stream Sportsman 16 Gun Fire Safe,399.980011,0,3/30/2016 10:24,Standard Class
154503,PAYMENT,2,4,43.18999863,89.98999786,Advance shipping,0,17,Cleats,Caguas,Puerto Rico,XXXXXXXXX,Julie,2819,Lin,XXXXXXXXX,Consumer,PR,7909 Golden Highway,725.0,4,Apparel,18.22317886,-66.37055206,Pacific Asia,Bandung,Indonesia,2819,11/14/2015 8:29,21741,365,30.0,0.25,54397,59.99000168,0.479999989,2,119.9800034,89.98999786,43.18999863,Southeast Asia,Java Occidental,PENDING_PAYMENT,,365,17,,http://images.acmesports.sports/Perfect+Fitness+Perfect+Rip+Deck,Perfect Fitness Perfect Rip Deck,59.99000168,0,11/16/2015 8:29,Standard Class
168478,TRANSFER,2,1,-9.720000267,58.18999863,Late delivery,1,17,Cleats,New Haven,EE. UU.,XXXXXXXXX,David,11860,Smith,XXXXXXXXX,Home Office,CT,4543 Cinder Link,6511.0,4,Apparel,38.79813385,-76.89474487,LATAM,Tegucigalpa,Honduras,11860,4/25/2017 2:29,57894,365,1.799999952,0.029999999,144857,59.99000168,-0.170000002,1,59.99000168,58.18999863,-9.720000267,Central America,Francisco Morazán,PENDING,,365,17,,http://images.acmesports.sports/Perfect+Fitness+Perfect+Rip+Deck,Perfect Fitness Perfect Rip Deck,59.99000168,0,4/27/2017 2:29,First Class
23544,CASH,2,4,83.15000153,296.980011,Advance shipping,0,43,Camping & Hiking,Saginaw,EE. UU.,XXXXXXXXX,Juan,11503,Curry,XXXXXXXXX,Corporate,MI,4355 Gentle Abbey,48601.0,7,Fan Shop,43.36036682,-84.13088989,Pacific Asia,Jinjiang,China,11503,11/2/2015 7:27,20916,957,3.0,0.01,52252,299.980011,0.280000001,1,299.980011,296.980011,83.15000153,Eastern Asia,Fujian,CLOSED,,957,43,,http://images.acmesports.sports/Diamondback+Women%27s+Serene+Classic+Comfort+Bike+2014,Diamondback Women's Serene Classic Comfort Bi,299.980011,0,11/4/2015 7:27,Standard Class
10189,TRANSFER,2,4,52.79000092,159.9600067,Advance shipping,0,29,Shop By Sport,Englewood,EE. UU.,XXXXXXXXX,Mary,11823,Wilkerson,XXXXXXXXX,Corporate,CO,8270 Tawny Butterfly Inlet,80110.0,5,Golf,42.73287964,-83.45014954,Pacific Asia,Bangkok,Tailandia,11823,10/28/2015 4:50,20566,627,0.0,0.0,51382,39.99000168,0.330000013,4,159.9600067,159.9600067,52.79000092,Southeast Asia,Bangkok,PENDING,,627,29,,http://images.acmesports.sports/Under+Armour+Girls%27+Toddler+Spine+Surge+Running+Shoe,Under Armour Girls' Toddler Spine Surge Runni,39.99000168,0,10/30/2015 4:50,Standard Class
15635,CASH,2,1,29.60000038,62.97000122,Late delivery,1,40,Accessories,Brooklyn,EE. UU.,XXXXXXXXX,Alexander,6030,Adams,XXXXXXXXX,Consumer,NY,2681 Cinder By-pass,11230.0,6,Outdoors,40.62810135,-73.96759033,LATAM,Apopa,El Salvador,6030,4/16/2017 7:14,57291,897,12.0,0.159999996,143313,24.98999977,0.469999999,3,74.97000122,62.97000122,29.60000038,Central America,San Salvador,CLOSED,,897,40,,http://images.acmesports.sports/Team+Golf+New+England+Patriots+Putter+Grip,Team Golf New England Patriots Putter Grip,24.98999977,0,4/18/2017 7:14,First Class
179276,PAYMENT,6,2,84.37999725,290.980011,Late delivery,1,43,Camping & Hiking,Caguas,Puerto Rico,XXXXXXXXX,Sarah,5728,Montoya,XXXXXXXXX,Home Office,PR,8736 Merry Extension,725.0,7,Fan Shop,18.23424339,-66.3706131,USCA,Lafayette,Estados Unidos,5728,6/15/2016 15:11,36420,957,9.0,0.029999999,90932,299.980011,0.289999992,1,299.980011,290.980011,84.37999725,South of  USA ,Luisiana,PENDING_PAYMENT,70506.0,957,43,,http://images.acmesports.sports/Diamondback+Women%27s+Serene+Classic+Comfort+Bike+2014,Diamondback Women's Serene Classic Comfort Bi,299.980011,0,6/21/2016 15:11,Second Class
47903,DEBIT,1,0,33.56000137,296.980011,Late delivery,1,43,Camping & Hiking,Livermore,EE. UU.,XXXXXXXXX,Lisa,5538,Smith,XXXXXXXXX,Corporate,CA,7740 Dusty Berry Quay,94550.0,7,Fan Shop,37.3900528,-121.4688492,Pacific Asia,Tarsus,Turquía,5538,12/26/2016 15:58,49712,957,3.0,0.01,124266,299.980011,0.109999999,1,299.980011,296.980011,33.56000137,West Asia,Mersin,COMPLETE,,957,43,,http://images.acmesports.sports/Diamondback+Women%27s+Serene+Classic+Comfort+Bike+2014,Diamondback Women's Serene Classic Comfort Bi,299.980011,0,12/27/2016 3:58,Same Day
68856,PAYMENT,2,1,73.69999695,272.9700012,Late delivery,1,9,Cardio Equipment,Caguas,Puerto Rico,XXXXXXXXX,Karen,622,Davies,XXXXXXXXX,Corporate,PR,4485 Noble Lake Place,725.0,3,Footwear,18.35909081,-66.07790375,Pacific Asia,Srinagar,India,622,3/10/2016 6:23,29750,191,27.0,0.090000004,74438,99.98999786,0.270000011,3,299.9700012,272.9700012,73.69999695,South Asia,Jammu y Cachemira,PENDING_PAYMENT,,191,9,,http://images.acmesports.sports/Nike+Men%27s+Free+5.0%2B+Running+Shoe,Nike Men's Free 5.0+ Running Shoe,99.98999786,0,3/12/2016 6:23,First Class
19639,PAYMENT,2,1,68.25,227.5,Late delivery,1,24,Women's Apparel,Fontana,EE. UU.,XXXXXXXXX,Mary,9397,Curry,XXXXXXXXX,Consumer,CA,4742 Hazy Street,92336.0,5,Golf,34.15697479,-117.4821548,Europe,Franconville,Francia,9397,7/24/2017 23:02,64118,502,22.5,0.090000004,160314,50.0,0.300000012,5,250.0,227.5,68.25,Western Europe,Isla de Francia,PENDING_PAYMENT,,502,24,,http://images.acmesports.sports/Nike+Men%27s+Dri-FIT+Victory+Golf+Polo,Nike Men's Dri-FIT Victory Golf Polo,50.0,0,7/26/2017 23:02,First Class
121319,TRANSFER,4,4,8.319999695,25.59000015,Shipping on time,0,13,Electronics,San Diego,EE. UU.,XXXXXXXXX,Mary,5206,Palmer,XXXXXXXXX,Consumer,CA,4212 Cozy Corners,92113.0,3,Footwear,32.69542313,-117.0990067,LATAM,Santiago de los Caballeros,República Dominicana,5206,4/5/2015 2:40,6448,276,6.400000095,0.200000003,16145,31.98999977,0.330000013,1,31.98999977,25.59000015,8.319999695,Caribbean,Santiago de Chile,PENDING,,276,13,,http://images.acmesports.sports/Under+Armour+Women%27s+Ignite+Slide,Under Armour Women's Ignite Slide,31.98999977,0,4/9/2015 2:40,Standard Class
170099,TRANSFER,6,4,-29.67000008,107.8899994,Late delivery,1,18,Men's Footwear,Roseville,EE. UU.,XXXXXXXXX,Theresa,8186,Smith,XXXXXXXXX,Home Office,MI,4103 Hidden Pioneer Gate,48066.0,4,Apparel,42.4993248,-82.93652344,Europe,Alphen aan den Rijn,Países Bajos,8186,7/18/2015 17:35,13615,403,22.10000038,0.170000002,34103,129.9900055,-0.280000001,1,129.9900055,107.8899994,-29.67000008,Western Europe,Holanda Meridional,PENDING,,403,18,,http://images.acmesports.sports/Nike+Men%27s+CJ+Elite+2+TD+Football+Cleat,Nike Men's CJ Elite 2 TD Football Cleat,129.9900055,0,7/24/2015 17:35,Standard Class
144960,TRANSFER,2,2,7.289999962,191.9199982,Shipping on time,0,46,Indoor/Outdoor Games,Irving,EE. UU.,XXXXXXXXX,Mary,12178,Mcgee,XXXXXXXXX,Consumer,TX,8736 Old Deer Trail,75061.0,7,Fan Shop,32.82715988,-97.00611877,Europe,Trento,Italia,12178,6/29/2015 11:29,12296,1014,8.0,0.039999999,30721,49.97999954,0.039999999,4,199.9199982,191.9199982,7.289999962,Southern Europe,Trentino-Alto Adigio,PENDING,,1014,46,,http://images.acmesports.sports/O%27Brien+Men%27s+Neoprene+Life+Vest,O'Brien Men's Neoprene Life Vest,49.97999954,0,7/1/2015 11:29,Second Class
81416,PAYMENT,2,1,44.0,175.9900055,Late delivery,1,48,Water Sports,Wyandotte,EE. UU.,XXXXXXXXX,Mary,1180,Martin,XXXXXXXXX,Corporate,MI,4839 Lazy View,48192.0,7,Fan Shop,42.20660782,-83.1534729,Pacific Asia,Kabul,Afganistán,1180,1/4/2016 7:32,25232,1073,24.0,0.119999997,63235,199.9900055,0.25,1,199.9900055,175.9900055,44.0,South Asia,Kabul,PENDING_PAYMENT,,1073,48,,http://images.acmesports.sports/Pelican+Sunstream+100+Kayak,Pelican Sunstream 100 Kayak,199.9900055,0,1/6/2016 7:32,First Class
50952,CASH,3,2,-24.28000069,107.9000015,Late delivery,1,33,Golf Shoes,Germantown,EE. UU.,XXXXXXXXX,Doris,4621,Smith,XXXXXXXXX,Consumer,MD,285 Crystal Circuit,20874.0,6,Outdoors,39.1836586,-77.26545715,Pacific Asia,Suzhou,China,4621,1/19/2016 17:09,26287,728,22.10000038,0.170000002,65811,65.0,-0.230000004,2,130.0,107.9000015,-24.28000069,Eastern Asia,Gansu,CLOSED,,728,33,,http://images.acmesports.sports/LIJA+Women%27s+Eyelet+Sleeveless+Golf+Polo,LIJA Women's Eyelet Sleeveless Golf Polo,65.0,0,1/22/2016 17:09,Second Class
13610,DEBIT,6,4,33.45999908,99.0,Late delivery,1,24,Women's Apparel,Fremont,EE. UU.,XXXXXXXXX,Steven,3275,Williams,XXXXXXXXX,Corporate,CA,7383 Broad Parkway,94539.0,5,Golf,37.49027634,-121.9271088,Pacific Asia,Bangkok,Tailandia,3275,11/27/2015 23:42,22675,502,1.0,0.01,56741,50.0,0.340000004,2,100.0,99.0,33.45999908,Southeast Asia,Bangkok,ON_HOLD,,502,24,,http://images.acmesports.sports/Nike+Men%27s+Dri-FIT+Victory+Golf+Polo,Nike Men's Dri-FIT Victory Golf Polo,50.0,0,12/3/2015 23:42,Standard Class
40062,DEBIT,3,2,22.79999924,84.44000244,Late delivery,1,41,Trade-In,Caguas,Puerto Rico,XXXXXXXXX,Mary,3611,Mitchell,XXXXXXXXX,Corporate,PR,4601 Dewy Creek Concession,725.0,6,Outdoors,18.2446003,-66.37054443,LATAM,Holguín,Cuba,3611,1/3/2015 4:54,152,917,3.519999981,0.039999999,361,21.98999977,0.270000011,4,87.95999908,84.44000244,22.79999924,Caribbean,Holguín,COMPLETE,,917,41,,http://images.acmesports.sports/Glove+It+Women%27s+Mod+Oval+3-Zip+Carry+All+Golf+Bag,Glove It Women's Mod Oval 3-Zip Carry All Gol,21.98999977,0,1/6/2015 4:54,Second Class
110029,TRANSFER,2,1,139.5800018,296.980011,Late delivery,1,43,Camping & Hiking,Rio Rancho,EE. UU.,XXXXXXXXX,Mary,2081,Williams,XXXXXXXXX,Consumer,NM,1188 Amber Alley,87124.0,7,Fan Shop,35.24817276,-106.6763763,LATAM,Querétaro,México,2081,2/21/2017 15:01,53614,957,3.0,0.01,134005,299.980011,0.469999999,1,299.980011,296.980011,139.5800018,Central America,Querétaro,PENDING,,957,43,,http://images.acmesports.sports/Diamondback+Women%27s+Serene+Classic+Comfort+Bike+2014,Diamondback Women's Serene Classic Comfort Bi,299.980011,0,2/23/2017 15:01,First Class
66871,DEBIT,5,4,0.850000024,85.0,Late delivery,1,24,Women's Apparel,Caguas,Puerto Rico,XXXXXXXXX,Mary,8796,Smith,XXXXXXXXX,Corporate,PR,2457 Easy Nectar Link,725.0,5,Golf,18.25227547,-66.37058258,Africa,Port Harcourt,Nigeria,8796,9/18/2016 12:05,42919,502,15.0,0.150000006,107202,50.0,0.01,2,100.0,85.0,0.850000024,West Africa,Ríos,ON_HOLD,,502,24,,http://images.acmesports.sports/Nike+Men%27s+Dri-FIT+Victory+Golf+Polo,Nike Men's Dri-FIT Victory Golf Polo,50.0,0,9/23/2016 12:05,Standard Class
1635,DEBIT,6,2,23.75,94.98999786,Late delivery,1,9,Cardio Equipment,Caguas,Puerto Rico,XXXXXXXXX,Mary,468,Stone,XXXXXXXXX,Consumer,PR,4791 Harvest Quail Limits,725.0,3,Footwear,18.22757721,-66.04562378,LATAM,Santo Domingo,República Dominicana,468,5/4/2015 9:48,8455,191,5.0,0.050000001,21107,99.98999786,0.25,1,99.98999786,94.98999786,23.75,Caribbean,Santo Domingo,COMPLETE,,191,9,,http://images.acmesports.sports/Nike+Men%27s+Free+5.0%2B+Running+Shoe,Nike Men's Free 5.0+ Running Shoe,99.98999786,0,5/10/2015 9:48,Second Class
109221,PAYMENT,6,4,28.35000038,449.9599915,Late delivery,1,9,Cardio Equipment,Rowland Heights,EE. UU.,XXXXXXXXX,Jane,8542,Rich,XXXXXXXXX,Consumer,CA,1254 Hazy Trail,91748.0,3,Footwear,34.00062561,-117.9077301,LATAM,Tegucigalpa,Honduras,8542,2/23/2017 14:40,53750,191,50.0,0.100000001,134368,99.98999786,0.059999999,5,499.9500122,449.9599915,28.35000038,Central America,Francisco Morazán,PENDING_PAYMENT,,191,9,,http://images.acmesports.sports/Nike+Men%27s+Free+5.0%2B+Running+Shoe,Nike Men's Free 5.0+ Running Shoe,99.98999786,0,3/1/2017 14:40,Standard Class
143047,DEBIT,4,4,-37.49000168,149.9400024,Shipping on time,0,46,Indoor/Outdoor Games,Las Vegas,EE. UU.,XXXXXXXXX,Mary,912,Roy,XXXXXXXXX,Corporate,NV,6886 Cotton Promenade,89119.0,7,Fan Shop,36.16392899,115.0497894,Europe,Blackpool,Reino Unido,912,10/8/2015 14:19,19223,1014,0.0,0.0,48031,49.97999954,-0.25,3,149.9400024,149.9400024,-37.49000168,Northern Europe,Inglaterra,COMPLETE,,1014,46,,http://images.acmesports.sports/O%27Brien+Men%27s+Neoprene+Life+Vest,O'Brien Men's Neoprene Life Vest,49.97999954,0,10/12/2015 14:19,Standard Class
81502,DEBIT,6,2,99.0,247.5,Late delivery,1,24,Women's Apparel,Kenner,EE. UU.,XXXXXXXXX,Diane,11229,Smith,XXXXXXXXX,Consumer,LA,8768 Shady Arbor,70065.0,5,Golf,30.0380249,-90.25691986,LATAM,San Salvador,El Salvador,11229,2/17/2017 8:01,53320,502,2.5,0.01,133225,50.0,0.400000006,5,250.0,247.5,99.0,Central America,San Salvador,COMPLETE,,502,24,,http://images.acmesports.sports/Nike+Men%27s+Dri-FIT+Victory+Golf+Polo,Nike Men's Dri-FIT Victory Golf Polo,50.0,0,2/23/2017 8:01,Second Class
30942,TRANSFER,5,4,80.33999634,167.3699951,Late delivery,1,17,Cleats,Caguas,Puerto Rico,XXXXXXXXX,Mary,3752,Vega,XXXXXXXXX,Home Office,PR,7840 Umber Sky Villas,725.0,4,Apparel,18.2105732,-66.37058258,LATAM,Ixtapaluca,México,3752,1/22/2015 13:48,1479,365,12.60000038,0.07,3687,59.99000168,0.479999989,3,179.9700012,167.3699951,80.33999634,Central America,México,PENDING,,365,17,,http://images.acmesports.sports/Perfect+Fitness+Perfect+Rip+Deck,Perfect Fitness Perfect Rip Deck,59.99000168,0,1/27/2015 13:48,Standard Class
47263,PAYMENT,3,4,46.79000092,179.9700012,Advance shipping,0,17,Cleats,Wyoming,EE. UU.,XXXXXXXXX,Eric,9348,Smith,XXXXXXXXX,Corporate,MI,10 Pleasant Prairie Link,49509.0,4,Apparel,42.90983582,-85.68525696,LATAM,Presidencia Roque Sáenz Peña,Argentina,9348,2/10/2015 3:47,2752,365,0.0,0.0,6900,59.99000168,0.25999999,3,179.9700012,179.9700012,46.79000092,South America,Chaco,PENDING_PAYMENT,,365,17,,http://images.acmesports.sports/Perfect+Fitness+Perfect+Rip+Deck,Perfect Fitness Perfect Rip Deck,59.99000168,0,2/13/2015 3:47,Standard Class
83412,DEBIT,2,4,86.08999634,245.9799957,Advance shipping,0,43,Camping & Hiking,Bountiful,EE. UU.,XXXXXXXXX,Mary,1403,Smith,XXXXXXXXX,Consumer,UT,7441 Cozy Autumn Trace,84010.0,7,Fan Shop,40.89128113,-111.8874054,Europe,Agrigento,Italia,1403,9/3/2017 3:32,66871,957,54.0,0.180000007,167163,299.980011,0.349999994,1,299.980011,245.9799957,86.08999634,Southern Europe,Sicilia,ON_HOLD,,957,43,,http://images.acmesports.sports/Diamondback+Women%27s+Serene+Classic+Comfort+Bike+2014,Diamondback Women's Serene Classic Comfort Bi,299.980011,0,9/5/2017 3:32,Standard Class
89282,PAYMENT,5,4,11.34000015,42.0,Late delivery,1,24,Women's Apparel,Philadelphia,EE. UU.,XXXXXXXXX,Madison,2608,Dunn,XXXXXXXXX,Consumer,PA,4616 Middle Cloud Corners,19131.0,5,Golf,40.0032196,-75.20815277,USCA,Lancaster,Estados Unidos,2608,6/22/2016 9:45,36884,502,8.0,0.159999996,92048,50.0,0.270000011,1,50.0,42.0,11.34000015,West of USA ,California,PENDING_PAYMENT,93534.0,502,24,,http://images.acmesports.sports/Nike+Men%27s+Dri-FIT+Victory+Golf+Polo,Nike Men's Dri-FIT Victory Golf Polo,50.0,0,6/27/2016 9:45,Standard Class
57411,DEBIT,4,4,-38.68000031,166.0,Shipping on time,0,24,Women's Apparel,Caguas,Puerto Rico,XXXXXXXXX,Cynthia,7570,Jimenez,XXXXXXXXX,Consumer,PR,1828 Clear Barn Cove,725.0,5,Golf,18.2380085,-66.37062836,LATAM,Managua,Nicaragua,7570,5/14/2017 5:05,59203,502,34.0,0.170000002,148180,50.0,-0.230000004,4,200.0,166.0,-38.68000031,Central America,Managua,COMPLETE,,502,24,,http://images.acmesports.sports/Nike+Men%27s+Dri-FIT+Victory+Golf+Polo,Nike Men's Dri-FIT Victory Golf Polo,50.0,0,5/18/2017 5:05,Standard Class
94250,DEBIT,5,4,-92.38999939,263.980011,Late delivery,1,43,Camping & Hiking,Lockport,EE. UU.,XXXXXXXXX,Amber,5693,Smith,XXXXXXXXX,Consumer,IL,3688 Colonial Pioneer Landing,60441.0,7,Fan Shop,41.55319595,-88.07259369,Pacific Asia,Ballarat,Australia,5693,3/30/2016 9:31,31129,957,36.0,0.119999997,77791,299.980011,-0.349999994,1,299.980011,263.980011,-92.38999939,Oceania,Victoria,COMPLETE,,957,43,,http://images.acmesports.sports/Diamondback+Women%27s+Serene+Classic+Comfort+Bike+2014,Diamondback Women's Serene Classic Comfort Bi,299.980011,0,4/4/2016 9:31,Standard Class
130776,DEBIT,1,0,14.23999977,189.9199982,Late delivery,1,46,Indoor/Outdoor Games,Caguas,Puerto Rico,XXXXXXXXX,Peter,8965,Smith,XXXXXXXXX,Home Office,PR,779 Golden View Glade,725.0,7,Fan Shop,18.2207737,-66.37057495,USCA,Grove City,Estados Unidos,8965,4/10/2016 19:50,31912,1014,10.0,0.050000001,79746,49.97999954,0.079999998,4,199.9199982,189.9199982,14.23999977,East of USA,Ohio,ON_HOLD,43123.0,1014,46,,http://images.acmesports.sports/O%27Brien+Men%27s+Neoprene+Life+Vest,O'Brien Men's Neoprene Life Vest,49.97999954,0,4/11/2016 7:50,Same Day
80721,CASH,4,4,73.5,149.9900055,Shipping on time,0,48,Water Sports,Long Beach,EE. UU.,XXXXXXXXX,Diana,4397,Wright,XXXXXXXXX,Consumer,CA,7735 Gentle Terrace,90813.0,7,Fan Shop,33.78245163,-118.1922455,Pacific Asia,Shanghái,China,4397,2/20/2016 15:00,28473,1073,50.0,0.25,71256,199.9900055,0.49000001,1,199.9900055,149.9900055,73.5,Eastern Asia,Shanghái,CLOSED,,1073,48,,http://images.acmesports.sports/Pelican+Sunstream+100+Kayak,Pelican Sunstream 100 Kayak,199.9900055,0,2/24/2016 15:00,Standard Class
30229,TRANSFER,4,4,28.20000076,59.99000168,Shipping on time,0,17,Cleats,Caguas,Puerto Rico,XXXXXXXXX,Kevin,6408,Cooper,XXXXXXXXX,Home Office,PR,5085 Iron Vale,725.0,4,Apparel,18.24714851,-66.3705368,LATAM,San Pedro Sula,Honduras,6408,1/14/2015 7:30,913,365,0.0,0.0,2272,59.99000168,0.469999999,1,59.99000168,59.99000168,28.20000076,Central America,Cortés,PENDING,,365,17,,http://images.acmesports.sports/Perfect+Fitness+Perfect+Rip+Deck,Perfect Fitness Perfect Rip Deck,59.99000168,0,1/18/2015 7:30,Standard Class
75383,TRANSFER,2,4,-131.7400055,169.9900055,Advance shipping,0,48,Water Sports,Florissant,EE. UU.,XXXXXXXXX,Mary,9639,Smith,XXXXXXXXX,Home Office,MO,6876 Lazy Wharf,63031.0,7,Fan Shop,38.79660034,-90.34640503,USCA,Denver,Estados Unidos,9639,7/27/2016 4:16,39266,1073,30.0,0.150000006,98030,199.9900055,-0.779999971,1,199.9900055,169.9900055,-131.7400055,West of USA ,Colorado,PENDING,80219.0,1073,48,,http://images.acmesports.sports/Pelican+Sunstream+100+Kayak,Pelican Sunstream 100 Kayak,199.9900055,0,7/29/2016 4:16,Standard Class
573,DEBIT,6,2,63.04999924,126.0899963,Late delivery,1,18,Men's Footwear,Caguas,Puerto Rico,XXXXXXXXX,Mary,2168,Reynolds,XXXXXXXXX,Consumer,PR,4854 Tawny Cove,725.0,4,Apparel,18.28342247,-66.37062836,Europe,Lowestoft,Reino Unido,2168,9/20/2015 19:36,18005,403,3.900000095,0.029999999,44994,129.9900055,0.5,1,129.9900055,126.0899963,63.04999924,Northern Europe,Inglaterra,COMPLETE,,403,18,,http://images.acmesports.sports/Nike+Men%27s+CJ+Elite+2+TD+Football+Cleat,Nike Men's CJ Elite 2 TD Football Cleat,129.9900055,0,9/26/2015 19:36,Second Class
42221,DEBIT,2,1,-45.11999893,239.9799957,Late delivery,1,43,Camping & Hiking,El Centro,EE. UU.,XXXXXXXXX,Ethan,8406,Smith,XXXXXXXXX,Consumer,CA,1098 Silent Mall ,92243.0,7,Fan Shop,32.79750443,-115.5654602,LATAM,Ribeirão Preto,Brasil,8406,2/16/2017 22:54,53294,957,60.0,0.200000003,133157,299.980011,-0.189999998,1,299.980011,239.9799957,-45.11999893,South America,São Paulo,ON_HOLD,,957,43,,http://images.acmesports.sports/Diamondback+Women%27s+Serene+Classic+Comfort+Bike+2014,Diamondback Women's Serene Classic Comfort Bi,299.980011,0,2/18/2017 22:54,First Class
53601,DEBIT,4,4,88.19999695,179.9900055,Shipping on time,0,48,Water Sports,Caguas,Puerto Rico,XXXXXXXXX,Mary,5777,Terry,XXXXXXXXX,Consumer,PR,2122 Crystal Mountain,725.0,7,Fan Shop,18.20679855,-66.37055206,Europe,Chelles,Francia,5777,8/5/2017 22:19,64938,1073,20.0,0.100000001,162343,199.9900055,0.49000001,1,199.9900055,179.9900055,88.19999695,Western Europe,Isla de Francia,COMPLETE,,1073,48,,http://images.acmesports.sports/Pelican+Sunstream+100+Kayak,Pelican Sunstream 100 Kayak,199.9900055,0,8/9/2017 22:19,Standard Class
137365,DEBIT,6,4,143.9900055,319.980011,Late delivery,1,45,Fishing,Caguas,Puerto Rico,XXXXXXXXX,Rachel,3501,Davila,XXXXXXXXX,Home Office,PR,9627 Sleepy Bend,725.0,7,Fan Shop,18.28172302,-66.37054443,LATAM,Villa Nueva,Guatemala,3501,6/1/2017 15:13,60465,1004,80.0,0.200000003,151306,399.980011,0.449999988,1,399.980011,319.980011,143.9900055,Central America,Guatemala,COMPLETE,,1004,45,,http://images.acmesports.sports/Field+%26+Stream+Sportsman+16+Gun+Fire+Safe,Field & Stream Sportsman 16 Gun Fire Safe,399.980011,0,6/7/2017 15:13,Standard Class
80534,PAYMENT,5,2,80.95999908,175.9900055,Late delivery,1,48,Water Sports,College Station,EE. UU.,XXXXXXXXX,Mary,7836,Herman,XXXXXXXXX,Consumer,TX,9870 Little Hickory Loop,77840.0,7,Fan Shop,30.60759926,-96.31684876,Pacific Asia,Islamabad,Pakistán,7836,3/5/2016 1:40,29394,1073,24.0,0.119999997,73543,199.9900055,0.460000008,1,199.9900055,175.9900055,80.95999908,South Asia,Territorio de la Capital Federal,PENDING_PAYMENT,,1073,48,,http://images.acmesports.sports/Pelican+Sunstream+100+Kayak,Pelican Sunstream 100 Kayak,199.9900055,0,3/10/2016 1:40,Second Class
161202,TRANSFER,5,4,20.39999962,101.9800034,Late delivery,1,17,Cleats,Caguas,Puerto Rico,XXXXXXXXX,Gregory,5506,Smith,XXXXXXXXX,Consumer,PR,1122 Old Fox Lookout,725.0,4,Apparel,18.22976875,-66.37052918,LATAM,San Pedro Sula,Honduras,5506,4/26/2017 15:16,57999,365,18.0,0.150000006,145120,59.99000168,0.200000003,2,119.9800034,101.9800034,20.39999962,Central America,Cortés,PENDING,,365,17,,http://images.acmesports.sports/Perfect+Fitness+Perfect+Rip+Deck,Perfect Fitness Perfect Rip Deck,59.99000168,0,5/1/2017 15:16,Standard Class
106987,CASH,3,4,-19.92000008,86.97000122,Advance shipping,0,46,Indoor/Outdoor Games,Dallas,EE. UU.,XXXXXXXXX,Mary,9018,Smith,XXXXXXXXX,Consumer,TX,6501 Emerald Crest,75240.0,7,Fan Shop,32.93148804,-96.81433868,LATAM,San Pedro Sula,Honduras,9018,3/16/2017 15:51,55192,1014,12.98999977,0.129999995,138029,49.97999954,-0.230000004,2,99.95999908,86.97000122,-19.92000008,Central America,Cortés,CLOSED,,1014,46,,http://images.acmesports.sports/O%27Brien+Men%27s+Neoprene+Life+Vest,O'Brien Men's Neoprene Life Vest,49.97999954,0,3/19/2017 15:51,Standard Class
32117,DEBIT,2,1,17.42000008,49.77000046,Late delivery,1,36,Golf Balls,Caguas,Puerto Rico,XXXXXXXXX,Joseph,7367,Smith,XXXXXXXXX,Consumer,PR,6718 Stony Gate Vale,725.0,6,Outdoors,18.2380867,-66.3705368,LATAM,Tegucigalpa,Honduras,7367,4/15/2015 16:19,7172,792,10.18999958,0.170000002,17956,14.98999977,0.349999994,4,59.95999908,49.77000046,17.42000008,Central America,Francisco Morazán,ON_HOLD,,792,36,,http://images.acmesports.sports/Hirzl+Men%27s+Hybrid+Golf+Glove,Hirzl Men's Hybrid Golf Glove,14.98999977,0,4/17/2015 16:19,First Class
173173,CASH,6,2,6.25,56.29999924,Late delivery,1,13,Electronics,Caguas,Puerto Rico,XXXXXXXXX,Melissa,10415,Griffith,XXXXXXXXX,Consumer,PR,6223 Cotton Forest Estates,725.0,3,Footwear,18.29986954,-66.37063599,USCA,Parker,Estados Unidos,10415,6/20/2016 17:49,36770,282,7.679999828,0.119999997,91767,31.98999977,0.109999999,2,63.97999954,56.29999924,6.25,West of USA ,Colorado,CLOSED,80134.0,282,13,,http://images.acmesports.sports/Under+Armour+Women%27s+Ignite+PIP+VI+Slide,Under Armour Women's Ignite PIP VI Slide,31.98999977,0,6/26/2016 17:49,Second Class
64851,DEBIT,3,2,28.12999916,234.4299927,Late delivery,1,69,Health and Beauty,Germantown,EE. UU.,XXXXXXXXX,Sage,18830,Edwards,XXXXXXXXX,Consumer,MD,5985 Silent Leaf Vale,20874.0,12,Health and Beauty ,39.1836586,-77.26545715,Pacific Asia,Depok,Indonesia,18830,1/3/2018 20:32,75277,1356,58.61000061,0.200000003,178592,293.0400085,0.119999997,1,293.0400085,234.4299927,28.12999916,Southeast Asia,Yogyakarta,COMPLETE,,1356,69,,http://images.acmesports.sports/First+aid+kit,First aid kit,293.0400085,0,1/6/2018 20:32,Second Class
91030,PAYMENT,5,4,113.3899994,269.980011,Late delivery,1,43,Camping & Hiking,Caguas,Puerto Rico,XXXXXXXXX,Mary,6493,Best,XXXXXXXXX,Corporate,PR,4896 Green Cider Park,725.0,7,Fan Shop,18.23876762,-66.37054443,LATAM,Juárez,México,6493,3/15/2017 19:32,55134,957,30.0,0.100000001,137869,299.980011,0.419999987,1,299.980011,269.980011,113.3899994,Central America,Chihuahua,PENDING_PAYMENT,,957,43,,http://images.acmesports.sports/Diamondback+Women%27s+Serene+Classic+Comfort+Bike+2014,Diamondback Women's Serene Classic Comfort Bi,299.980011,0,3/20/2017 19:32,Standard Class
161492,TRANSFER,6,4,13.64999962,181.9799957,Shipping canceled,0,9,Cardio Equipment,Caguas,Puerto Rico,XXXXXXXXX,Andrew,5834,Fernandez,XXXXXXXXX,Consumer,PR,6718 High Panda Dell,725.0,3,Footwear,18.27206993,-66.37055969,USCA,Houston,Estados Unidos,5834,7/10/2016 5:31,38105,191,18.0,0.090000004,95116,99.98999786,0.079999998,2,199.9799957,181.9799957,13.64999962,US Center ,Texas,SUSPECTED_FRAUD,77095.0,191,9,,http://images.acmesports.sports/Nike+Men%27s+Free+5.0%2B+Running+Shoe,Nike Men's Free 5.0+ Running Shoe,99.98999786,0,7/16/2016 5:31,Standard Class
45207,PAYMENT,4,4,23.45999908,123.4899979,Shipping on time,0,18,Men's Footwear,Clarksville,EE. UU.,XXXXXXXXX,Mary,8090,Martinez,XXXXXXXXX,Corporate,TN,6077 Heather Zephyr Estates,37042.0,4,Apparel,36.54824066,-87.37922669,Europe,Viena,Austria,8090,1/10/2017 20:41,50753,403,6.5,0.050000001,126833,129.9900055,0.189999998,1,129.9900055,123.4899979,23.45999908,Western Europe,Viena,PENDING_PAYMENT,,403,18,,http://images.acmesports.sports/Nike+Men%27s+CJ+Elite+2+TD+Football+Cleat,Nike Men's CJ Elite 2 TD Football Cleat,129.9900055,0,1/14/2017 20:41,Standard Class
17538,CASH,2,1,86.02999878,179.2200012,Late delivery,1,70,Men's Clothing,Aurora,EE. UU.,XXXXXXXXX,Heidi,18867,Bush,XXXXXXXXX,Corporate,CO,588 Silent Ledge,80010.0,4,Apparel,39.72524643,-104.8658752,Pacific Asia,Hanoi,Vietnam,18867,1/4/2018 9:29,75314,1357,31.62999916,0.150000006,178629,210.8500061,0.479999989,1,210.8500061,179.2200012,86.02999878,Southeast Asia,Th? Dô Hà N?i,CLOSED,,1357,70,,http://images.acmesports.sports/Men+gala+suit,Men's gala suit,210.8500061,0,1/6/2018 9:29,First Class
79588,CASH,5,4,58.0,199.9900055,Late delivery,1,48,Water Sports,Decatur,EE. UU.,XXXXXXXXX,Diana,5509,Smith,XXXXXXXXX,Corporate,GA,4463 Dewy Bear Point,30034.0,7,Fan Shop,33.70272064,-84.26963043,USCA,Seattle,Estados Unidos,5509,5/8/2016 1:56,33779,1073,0.0,0.0,84302,199.9900055,0.289999992,1,199.9900055,199.9900055,58.0,West of USA ,Washington,CLOSED,98105.0,1073,48,,http://images.acmesports.sports/Pelican+Sunstream+100+Kayak,Pelican Sunstream 100 Kayak,199.9900055,0,5/13/2016 1:56,Standard Class
3335,DEBIT,4,2,54.27999878,113.0899963,Late delivery,1,18,Men's Footwear,Caguas,Puerto Rico,XXXXXXXXX,Mary,11283,Morgan,XXXXXXXXX,Consumer,PR,3176 Colonial Quay,725.0,4,Apparel,18.22728348,-66.37052155,LATAM,Managua,Nicaragua,11283,4/22/2017 7:34,57703,403,16.89999962,0.129999995,144348,129.9900055,0.479999989,1,129.9900055,113.0899963,54.27999878,Central America,Managua,COMPLETE,,403,18,,http://images.acmesports.sports/Nike+Men%27s+CJ+Elite+2+TD+Football+Cleat,Nike Men's CJ Elite 2 TD Football Cleat,129.9900055,0,4/26/2017 7:34,Second Class
29496,PAYMENT,4,2,3.819999933,50.99000168,Late delivery,1,17,Cleats,Sugar Land,EE. UU.,XXXXXXXXX,Hannah,9432,Smith,XXXXXXXXX,Corporate,TX,5579 Quiet Nectar Circuit,77479.0,4,Apparel,26.23747635,-98.09152985,LATAM,Mejicanos,El Salvador,9432,1/27/2017 5:04,51873,365,9.0,0.150000006,129613,59.99000168,0.079999998,1,59.99000168,50.99000168,3.819999933,Central America,San Salvador,PENDING_PAYMENT,,365,17,,http://images.acmesports.sports/Perfect+Fitness+Perfect+Rip+Deck,Perfect Fitness Perfect Rip Deck,59.99000168,0,1/31/2017 5:04,Second Class
104546,CASH,2,2,55.97999954,159.9400024,Shipping on time,0,46,Indoor/Outdoor Games,Caguas,Puerto Rico,XXXXXXXXX,Debra,3715,Burnett,XXXXXXXXX,Consumer,PR,9889 Little Blossom Wood,725.0,7,Fan Shop,18.22509575,-66.37060547,LATAM,Puebla,México,3715,3/27/2015 20:01,5881,1014,39.97999954,0.200000003,14626,49.97999954,0.349999994,4,199.9199982,159.9400024,55.97999954,Central America,Puebla,CLOSED,,1014,46,,http://images.acmesports.sports/O%27Brien+Men%27s+Neoprene+Life+Vest,O'Brien Men's Neoprene Life Vest,49.97999954,0,3/29/2015 20:01,Second Class
99335,CASH,3,4,41.74000168,86.97000122,Advance shipping,0,46,Indoor/Outdoor Games,Philadelphia,EE. UU.,XXXXXXXXX,Paul,8086,Moon,XXXXXXXXX,Consumer,PA,2589 Silver Ridge,19140.0,7,Fan Shop,40.00958252,-75.15264893,USCA,Troy,Estados Unidos,8086,8/16/2016 6:21,40642,1014,12.98999977,0.129999995,101407,49.97999954,0.479999989,2,99.95999908,86.97000122,41.74000168,East of USA,Ohio,CLOSED,45373.0,1014,46,,http://images.acmesports.sports/O%27Brien+Men%27s+Neoprene+Life+Vest,O'Brien Men's Neoprene Life Vest,49.97999954,0,8/19/2016 6:21,Standard Class
28413,PAYMENT,2,1,4.980000019,49.79000092,Late delivery,1,17,Cleats,Cary,EE. UU.,XXXXXXXXX,Tiffany,10934,Walker,XXXXXXXXX,Corporate,NC,779 Jagged Branch Highlands,27511.0,4,Apparel,35.76636124,-78.78697205,Pacific Asia,Mecca,Arabia Saudí,10934,11/2/2016 12:11,46002,365,10.19999981,0.170000002,114975,59.99000168,0.100000001,1,59.99000168,49.79000092,4.980000019,West Asia,Meca,PENDING_PAYMENT,,365,17,,http://images.acmesports.sports/Perfect+Fitness+Perfect+Rip+Deck,Perfect Fitness Perfect Rip Deck,59.99000168,0,11/4/2016 12:11,First Class
102925,TRANSFER,2,2,73.70999908,188.9900055,Shipping on time,0,48,Water Sports,Caguas,Puerto Rico,XXXXXXXXX,Katherine,5468,Smith,XXXXXXXXX,Corporate,PR,7072 Thunder Apple Wood,725.0,7,Fan Shop,18.23109245,-66.37057495,Europe,Pessac,Francia,5468,10/14/2015 22:01,19656,1073,11.0,0.059999999,49140,199.9900055,0.389999986,1,199.9900055,188.9900055,73.70999908,Western Europe,Aquitania-Lemosín-Poitou-Charentes,PENDING,,1073,48,,http://images.acmesports.sports/Pelican+Sunstream+100+Kayak,Pelican Sunstream 100 Kayak,199.9900055,0,10/16/2015 22:01,Second Class
20851,DEBIT,4,4,114.7099991,238.9700012,Shipping on time,0,65,Consumer Electronics,Caguas,Puerto Rico,XXXXXXXXX,Cassady,18221,Dyer,XXXXXXXXX,Consumer,PR,3510 Red Deer Link,725.0,10,Technology,18.21775627,-66.0370636,Pacific Asia,Surabaya,Indonesia,18221,12/25/2017 23:10,74668,1352,13.90999985,0.059999999,177983,252.8800049,0.479999989,1,252.8800049,238.9700012,114.7099991,Southeast Asia,Java Oriental,COMPLETE,,1352,65,,http://images.acmesports.sports/Industrial+consumer+electronics,Industrial consumer electronics,252.8800049,0,12/29/2017 23:10,Standard Class
159893,TRANSFER,5,4,18.80999947,56.99000168,Late delivery,1,17,Cleats,Caguas,Puerto Rico,XXXXXXXXX,Mary,9384,Anderson,XXXXXXXXX,Consumer,PR,1969 High Embers Corner,725.0,4,Apparel,18.22830582,-66.37059021,LATAM,El Progreso,Honduras,9384,4/12/2015 4:56,6934,365,3.0,0.050000001,17370,59.99000168,0.330000013,1,59.99000168,56.99000168,18.80999947,Central America,Yoro,PROCESSING,,365,17,,http://images.acmesports.sports/Perfect+Fitness+Perfect+Rip+Deck,Perfect Fitness Perfect Rip Deck,59.99000168,0,4/17/2015 4:56,Standard Class
22086,DEBIT,6,4,6.550000191,72.77999878,Late delivery,1,29,Shop By Sport,Caguas,Puerto Rico,XXXXXXXXX,Jennifer,363,Obrien,XXXXXXXXX,Consumer,PR,9847 Wishing Ledge,725.0,5,Golf,18.24761581,-66.02522278,Europe,Zagreb,Croacia,363,11/8/2016 5:53,46395,627,7.199999809,0.090000004,115997,39.99000168,0.090000004,2,79.98000336,72.77999878,6.550000191,Southern Europe,Grad Zagreb,COMPLETE,,627,29,,http://images.acmesports.sports/Under+Armour+Girls%27+Toddler+Spine+Surge+Running+Shoe,Under Armour Girls' Toddler Spine Surge Runni,39.99000168,0,11/14/2016 5:53,Standard Class
86423,TRANSFER,6,4,118.6800003,263.7399902,Late delivery,1,69,Health and Beauty,Fresno,EE. UU.,XXXXXXXXX,Cameron,18783,Bradshaw,XXXXXXXXX,Corporate,CA,8470 Amber Street,93722.0,12,Health and Beauty ,36.85815048,-119.7859116,Pacific Asia,Newcastle,Australia,18783,1/3/2018 4:04,75230,1356,29.29999924,0.100000001,178545,293.0400085,0.449999988,1,293.0400085,263.7399902,118.6800003,Oceania,Nueva Gales del Sur,PROCESSING,,1356,69,,http://images.acmesports.sports/First+aid+kit,First aid kit,293.0400085,0,1/9/2018 4:04,Standard Class
72297,TRANSFER,5,2,37.43999863,124.7900009,Late delivery,1,18,Men's Footwear,Greenville,EE. UU.,XXXXXXXXX,Robert,2844,Smith,XXXXXXXXX,Corporate,NC,1483 Sunny Zephyr Range,27834.0,4,Apparel,35.80388641,-77.47067261,USCA,New York City,Estados Unidos,2844,4/30/2016 8:15,33249,403,5.199999809,0.039999999,83071,129.9900055,0.300000012,1,129.9900055,124.7900009,37.43999863,East of USA,Nueva York,PENDING,10009.0,403,18,,http://images.acmesports.sports/Nike+Men%27s+CJ+Elite+2+TD+Football+Cleat,Nike Men's CJ Elite 2 TD Football Cleat,129.9900055,0,5/5/2016 8:15,Second Class
143798,DEBIT,3,2,41.74000168,143.9400024,Late delivery,1,46,Indoor/Outdoor Games,Wayne,EE. UU.,XXXXXXXXX,Mary,10506,Smith,XXXXXXXXX,Consumer,NJ,9767 Tawny Nook,7470.0,7,Fan Shop,40.95141602,-74.22407532,Europe,Gelsenkirchen,Alemania,10506,8/31/2015 8:04,16602,1014,6.0,0.039999999,41492,49.97999954,0.289999992,3,149.9400024,143.9400024,41.74000168,Western Europe,Renania del Norte-Westfalia,COMPLETE,,1014,46,,http://images.acmesports.sports/O%27Brien+Men%27s+Neoprene+Life+Vest,O'Brien Men's Neoprene Life Vest,49.97999954,0,9/3/2015 8:04,Second Class
34445,CASH,5,4,-5.900000095,52.20000076,Late delivery,1,29,Shop By Sport,Chicago,EE. UU.,XXXXXXXXX,Mary,10523,Rose,XXXXXXXXX,Consumer,IL,4472 Dewy Campus,60634.0,5,Golf,41.939991,-87.78713989,Europe,Frankfurt,Alemania,10523,10/9/2015 18:42,19304,642,7.800000191,0.129999995,48257,30.0,-0.109999999,2,60.0,52.20000076,-5.900000095,Western Europe,Hesse,CLOSED,,642,29,,http://images.acmesports.sports/Columbia+Men%27s+PFG+Anchor+Tough+T-Shirt,Columbia Men's PFG Anchor Tough T-Shirt,30.0,0,10/14/2015 18:42,Standard Class
31294,TRANSFER,6,4,25.51000023,283.4500122,Late delivery,1,17,Cleats,Caguas,Puerto Rico,XXXXXXXXX,Rose,6496,Smith,XXXXXXXXX,Home Office,PR,8013 Wishing Freeway,725.0,4,Apparel,18.29485703,-66.3705368,Europe,Genk,Bélgica,6496,9/26/2017 16:59,68485,365,16.5,0.059999999,171247,59.99000168,0.090000004,5,299.9500122,283.4500122,25.51000023,Western Europe,Limburgo,PROCESSING,,365,17,,http://images.acmesports.sports/Perfect+Fitness+Perfect+Rip+Deck,Perfect Fitness Perfect Rip Deck,59.99000168,0,10/2/2017 16:59,Standard Class
16590,CASH,2,2,8.590000153,75.98000336,Shipping on time,0,29,Shop By Sport,Simi Valley,EE. UU.,XXXXXXXXX,Vincent,7492,Smith,XXXXXXXXX,Consumer,CA,8237 Silent Pioneer Heights,93063.0,5,Golf,34.26791382,-118.6712112,LATAM,Fort-de-France,Martinica,7492,5/10/2017 23:19,58981,627,4.0,0.050000001,147644,39.99000168,0.109999999,2,79.98000336,75.98000336,8.590000153,Caribbean,Martinica,CLOSED,,627,29,,http://images.acmesports.sports/Under+Armour+Girls%27+Toddler+Spine+Surge+Running+Shoe,Under Armour Girls' Toddler Spine Surge Runni,39.99000168,0,5/12/2017 23:19,Second Class
131670,CASH,2,1,57.38000107,163.9299927,Late delivery,1,46,Indoor/Outdoor Games,Vega Baja,Puerto Rico,XXXXXXXXX,Austin,6648,Ho,XXXXXXXXX,Corporate,PR,7885 Colonial Mount,693.0,7,Fan Shop,18.44484711,-66.38641357,Pacific Asia,Nagpur,India,6648,2/22/2016 7:38,28589,1014,35.99000168,0.180000007,71547,49.97999954,0.349999994,4,199.9199982,163.9299927,57.38000107,South Asia,Maharashtra,CLOSED,,1014,46,,http://images.acmesports.sports/O%27Brien+Men%27s+Neoprene+Life+Vest,O'Brien Men's Neoprene Life Vest,49.97999954,0,2/24/2016 7:38,First Class
1498,DEBIT,6,2,21.14999962,45.0,Late delivery,1,24,Women's Apparel,Caguas,Puerto Rico,XXXXXXXXX,Mary,4293,Stanley,XXXXXXXXX,Consumer,PR,9686 Stony Zephyr Ledge,725.0,5,Golf,18.24878883,-66.37060547,Europe,Ajaccio,Francia,4293,9/12/2015 22:25,17465,502,5.0,0.100000001,43660,50.0,0.469999999,1,50.0,45.0,21.14999962,Western Europe,Corse,COMPLETE,,502,24,,http://images.acmesports.sports/Nike+Men%27s+Dri-FIT+Victory+Golf+Polo,Nike Men's Dri-FIT Victory Golf Polo,50.0,0,9/18/2015 22:25,Second Class
27917,DEBIT,4,4,100.7799988,239.9600067,Shipping on time,0,17,Cleats,Chesapeake,EE. UU.,XXXXXXXXX,Ryan,11960,Allen,XXXXXXXXX,Corporate,VA,3151 Rocky Gate Limits,23322.0,4,Apparel,36.8747406,-76.25379944,Pacific Asia,Lahore,Pakistán,11960,2/27/2016 9:55,28938,365,59.99000168,0.200000003,72408,59.99000168,0.419999987,5,299.9500122,239.9600067,100.7799988,South Asia,Punyab,COMPLETE,,365,17,,http://images.acmesports.sports/Perfect+Fitness+Perfect+Rip+Deck,Perfect Fitness Perfect Rip Deck,59.99000168,0,3/2/2016 9:55,Standard Class
32578,DEBIT,3,4,-0.409999996,9.590000153,Advance shipping,0,35,Golf Gloves,Brooklyn,EE. UU.,XXXXXXXXX,Mary,5725,Smith,XXXXXXXXX,Consumer,NY,3882 Golden Maze,11219.0,6,Outdoors,40.64524078,-73.94316101,LATAM,Las Tunas,Cuba,5725,3/9/2017 5:11,54682,775,0.400000006,0.039999999,136754,9.989999771,-0.039999999,1,9.989999771,9.590000153,-0.409999996,Caribbean,Las Tunas,COMPLETE,,775,35,,http://images.acmesports.sports/Clicgear+8.0+Shoe+Brush,Clicgear 8.0 Shoe Brush,9.989999771,0,3/12/2017 5:11,Standard Class
166163,PAYMENT,2,2,92.80000305,319.980011,Shipping on time,0,45,Fishing,Catonsville,EE. UU.,XXXXXXXXX,Maria,7520,Smith,XXXXXXXXX,Home Office,MD,7953 Sunny Panda Place,21228.0,7,Fan Shop,39.27961731,-76.71038055,Pacific Asia,Depok,Indonesia,7520,11/11/2015 20:55,21571,1004,80.0,0.200000003,53934,399.980011,0.289999992,1,399.980011,319.980011,92.80000305,Southeast Asia,Yogyakarta,PENDING_PAYMENT,,1004,45,,http://images.acmesports.sports/Field+%26+Stream+Sportsman+16+Gun+Fire+Safe,Field & Stream Sportsman 16 Gun Fire Safe,399.980011,0,11/13/2015 20:55,Second Class
172392,CASH,2,1,35.06000137,120.8899994,Late delivery,1,18,Men's Footwear,Caguas,Puerto Rico,XXXXXXXXX,Mary,4614,Smith,XXXXXXXXX,Consumer,PR,3892 Emerald Mountain Corner,725.0,4,Apparel,18.27383995,-66.37052918,LATAM,Panama City,Panamá,4614,4/6/2015 15:06,6552,403,9.100000381,0.07,16377,129.9900055,0.289999992,1,129.9900055,120.8899994,35.06000137,Central America,Panamá,CLOSED,,403,18,,http://images.acmesports.sports/Nike+Men%27s+CJ+Elite+2+TD+Football+Cleat,Nike Men's CJ Elite 2 TD Football Cleat,129.9900055,0,4/8/2015 15:06,First Class
17683,CASH,2,1,90.37999725,248.9799957,Late delivery,1,9,Cardio Equipment,Rancho Cucamonga,EE. UU.,XXXXXXXXX,Brenda,6603,Gonzalez,XXXXXXXXX,Corporate,CA,5206 Foggy Pathway,91730.0,3,Footwear,34.15362549,-117.5797577,USCA,Fort Worth,Estados Unidos,6603,4/27/2016 11:14,33052,191,50.99000168,0.170000002,82628,99.98999786,0.360000014,3,299.9700012,248.9799957,90.37999725,US Center ,Texas,CLOSED,76106.0,191,9,,http://images.acmesports.sports/Nike+Men%27s+Free+5.0%2B+Running+Shoe,Nike Men's Free 5.0+ Running Shoe,99.98999786,0,4/29/2016 11:14,First Class
19526,PAYMENT,2,1,31.90999985,227.9600067,Late delivery,1,17,Cleats,Jackson,EE. UU.,XXXXXXXXX,Mary,11713,Frost,XXXXXXXXX,Consumer,MI,8398 Cinder Brook Cape,49201.0,4,Apparel,42.10625076,-84.4058075,Pacific Asia,Padang,Indonesia,11713,2/17/2016 23:56,28293,365,12.0,0.050000001,70776,59.99000168,0.140000001,4,239.9600067,227.9600067,31.90999985,Southeast Asia,Sumatra Occidental,PENDING_PAYMENT,,365,17,,http://images.acmesports.sports/Perfect+Fitness+Perfect+Rip+Deck,Perfect Fitness Perfect Rip Deck,59.99000168,0,2/19/2016 23:56,First Class
114354,DEBIT,6,4,49.29000092,187.4299927,Late delivery,1,46,Indoor/Outdoor Games,New Orleans,EE. UU.,XXXXXXXXX,Mary,5637,Wong,XXXXXXXXX,Corporate,LA,6449 Harvest Apple Freeway,70117.0,7,Fan Shop,29.96774292,-90.03494263,LATAM,Estelí,Nicaragua,5637,1/29/2015 16:04,1965,1014,62.47999954,0.25,4910,49.97999954,0.25999999,5,249.8999939,187.4299927,49.29000092,Central America,Estelí,COMPLETE,,1014,46,,http://images.acmesports.sports/O%27Brien+Men%27s+Neoprene+Life+Vest,O'Brien Men's Neoprene Life Vest,49.97999954,0,2/4/2015 16:04,Standard Class
39301,DEBIT,4,2,92.55999756,254.9799957,Late delivery,1,43,Camping & Hiking,Caguas,Puerto Rico,XXXXXXXXX,Christine,6155,Smith,XXXXXXXXX,Corporate,PR,7795 Golden Sky Carrefour,725.0,7,Fan Shop,18.20797157,-66.3706131,Europe,Las Rozas de Madrid,España,6155,9/18/2017 5:05,67903,957,45.0,0.150000006,169777,299.980011,0.360000014,1,299.980011,254.9799957,92.55999756,Southern Europe,Madrid,COMPLETE,,957,43,,http://images.acmesports.sports/Diamondback+Women%27s+Serene+Classic+Comfort+Bike+2014,Diamondback Women's Serene Classic Comfort Bi,299.980011,0,9/22/2017 5:05,Second Class
73954,DEBIT,4,2,32.29999924,189.9900055,Late delivery,1,48,Water Sports,Fayetteville,EE. UU.,XXXXXXXXX,Jennifer,10604,Smith,XXXXXXXXX,Home Office,NC,2905 Sleepy Route,28314.0,7,Fan Shop,35.06275177,-79.00574493,Pacific Asia,Bagdad,Irak,10604,10/28/2016 20:26,45683,1073,10.0,0.050000001,114187,199.9900055,0.170000002,1,199.9900055,189.9900055,32.29999924,West Asia,Bagdad,COMPLETE,,1073,48,,http://images.acmesports.sports/Pelican+Sunstream+100+Kayak,Pelican Sunstream 100 Kayak,199.9900055,0,11/1/2016 20:26,Second Class
136833,CASH,4,4,113.3899994,377.980011,Shipping on time,0,45,Fishing,Ewa Beach,EE. UU.,XXXXXXXXX,Mary,3986,Smith,XXXXXXXXX,Corporate,HI,9550 Lazy Pine Chase,96706.0,7,Fan Shop,21.33713913,-158.0259857,Europe,Barcelona,España,3986,7/1/2017 21:29,62538,1004,22.0,0.059999999,156295,399.980011,0.300000012,1,399.980011,377.980011,113.3899994,Southern Europe,Cataluña,CLOSED,,1004,45,,http://images.acmesports.sports/Field+%26+Stream+Sportsman+16+Gun+Fire+Safe,Field & Stream Sportsman 16 Gun Fire Safe,399.980011,0,7/5/2017 21:29,Standard Class
89322,PAYMENT,4,4,-69.08999634,293.980011,Shipping on time,0,43,Camping & Hiking,Glenview,EE. UU.,XXXXXXXXX,Anna,3035,Gutierrez,XXXXXXXXX,Consumer,IL,1865 Bright Dale Walk,60025.0,7,Fan Shop,42.07277679,-87.80484772,USCA,Thousand Oaks,Estados Unidos,3035,7/16/2016 20:14,38558,957,6.0,0.02,96227,299.980011,-0.239999995,1,299.980011,293.980011,-69.08999634,West of USA ,California,PENDING_PAYMENT,91360.0,957,43,,http://images.acmesports.sports/Diamondback+Women%27s+Serene+Classic+Comfort+Bike+2014,Diamondback Women's Serene Classic Comfort Bi,299.980011,0,7/20/2016 20:14,Standard Class
127533,PAYMENT,6,4,3.089999914,123.4899979,Late delivery,1,18,Men's Footwear,Caguas,Puerto Rico,XXXXXXXXX,Mary,9777,Reynolds,XXXXXXXXX,Consumer,PR,3751 Shady Pike,725.0,4,Apparel,18.26331139,-66.37060547,Pacific Asia,Manila,Filipinas,9777,1/26/2016 18:22,26770,403,6.5,0.050000001,67068,129.9900055,0.029999999,1,129.9900055,123.4899979,3.089999914,Southeast Asia,Capital Nacional,PENDING_PAYMENT,,403,18,,http://images.acmesports.sports/Nike+Men%27s+CJ+Elite+2+TD+Football+Cleat,Nike Men's CJ Elite 2 TD Football Cleat,129.9900055,0,2/1/2016 18:22,Standard Class
70989,TRANSFER,2,1,16.87999916,135.0,Late delivery,1,24,Women's Apparel,New Orleans,EE. UU.,XXXXXXXXX,Tiffany,9256,Parks,XXXXXXXXX,Corporate,LA,4924 Little Apple Ramp,70117.0,5,Golf,29.96774292,-90.03494263,LATAM,San Pedro de Macorís,República Dominicana,9256,2/15/2017 7:40,53182,502,15.0,0.100000001,132877,50.0,0.129999995,3,150.0,135.0,16.87999916,Caribbean,San Pedro de Macorís,PENDING,,502,24,,http://images.acmesports.sports/Nike+Men%27s+Dri-FIT+Victory+Golf+Polo,Nike Men's Dri-FIT Victory Golf Polo,50.0,0,2/17/2017 7:40,First Class
34981,CASH,3,4,49.38000107,137.1600037,Advance shipping,0,3,Baseball & Softball,Phoenix,EE. UU.,XXXXXXXXX,Janet,8177,Parker,XXXXXXXXX,Consumer,AZ,6281 Sunny View Cove,85009.0,2,Fitness,33.45198822,-112.1262131,Europe,Potsdam,Alemania,8177,9/13/2015 13:07,17507,37,2.799999952,0.02,43764,34.99000168,0.360000014,4,139.9600067,137.1600037,49.38000107,Western Europe,Brandenburgo,CLOSED,,37,3,,http://images.acmesports.sports/adidas+Kids%27+F5+Messi+FG+Soccer+Cleat,adidas Kids' F5 Messi FG Soccer Cleat,34.99000168,0,9/16/2015 13:07,Standard Class
85907,TRANSFER,2,4,56.77999878,118.2900009,Advance shipping,0,18,Men's Footwear,Dallas,EE. UU.,XXXXXXXXX,Jose,3022,Smith,XXXXXXXXX,Corporate,TX,4560 Thunder Rise,75216.0,4,Apparel,32.71627045,-96.76869202,LATAM,Celaya,México,3022,4/27/2015 8:14,7971,403,11.69999981,0.090000004,19924,129.9900055,0.479999989,1,129.9900055,118.2900009,56.77999878,Central America,Guanajuato,PROCESSING,,403,18,,http://images.acmesports.sports/Nike+Men%27s+CJ+Elite+2+TD+Football+Cleat,Nike Men's CJ Elite 2 TD Football Cleat,129.9900055,0,4/29/2015 8:14,Standard Class
28131,PAYMENT,2,1,45.5,129.9900055,Late delivery,1,18,Men's Footwear,Huntington Beach,EE. UU.,XXXXXXXXX,Richard,11382,Gordon,XXXXXXXXX,Corporate,CA,7681 Quaking Pines,92647.0,4,Apparel,33.70994186,-117.9904709,Europe,Narbonne,Francia,11382,9/2/2015 10:52,16747,403,0.0,0.0,41851,129.9900055,0.349999994,1,129.9900055,129.9900055,45.5,Western Europe,Languedoc-Rosellón-Mediodía-Pirineos,PENDING_PAYMENT,,403,18,,http://images.acmesports.sports/Nike+Men%27s+CJ+Elite+2+TD+Football+Cleat,Nike Men's CJ Elite 2 TD Football Cleat,129.9900055,0,9/4/2015 10:52,First Class
152841,TRANSFER,2,1,-49.0,391.980011,Late delivery,1,45,Fishing,Los Angeles,EE. UU.,XXXXXXXXX,Keith,11326,Lowe,XXXXXXXXX,Consumer,CA,4813 Red Wagon  Farms,90023.0,7,Fan Shop,34.02769089,-118.2007599,USCA,Los Angeles,Estados Unidos,11326,4/28/2016 22:16,33152,1004,8.0,0.02,82878,399.980011,-0.129999995,1,399.980011,391.980011,-49.0,West of USA ,California,PENDING,90032.0,1004,45,,http://images.acmesports.sports/Field+%26+Stream+Sportsman+16+Gun+Fire+Safe,Field & Stream Sportsman 16 Gun Fire Safe,399.980011,0,4/30/2016 22:16,First Class
136267,TRANSFER,5,4,1.429999948,142.5,Late delivery,1,24,Women's Apparel,Rio Rancho,EE. UU.,XXXXXXXXX,Hannah,5554,Ferguson,XXXXXXXXX,Consumer,NM,9217 Quiet Acres,87124.0,5,Golf,35.24817276,-106.6763763,LATAM,Dos Quebradas,Colombia,5554,1/18/2017 18:13,51294,502,7.5,0.050000001,128188,50.0,0.01,3,150.0,142.5,1.429999948,South America,Risaralda,PENDING,,502,24,,http://images.acmesports.sports/Nike+Men%27s+Dri-FIT+Victory+Golf+Polo,Nike Men's Dri-FIT Victory Golf Polo,50.0,0,1/23/2017 18:13,Standard Class
78557,DEBIT,4,4,-64.33999634,167.9900055,Shipping on time,0,48,Water Sports,Elgin,EE. UU.,XXXXXXXXX,Mary,12210,Smith,XXXXXXXXX,Home Office,IL,7000 Merry Nectar Parkway,60120.0,7,Fan Shop,41.97670364,-88.26086426,USCA,Rockford,Estados Unidos,12210,7/12/2016 23:23,38293,1073,32.0,0.159999996,95589,199.9900055,-0.379999995,1,199.9900055,167.9900055,-64.33999634,US Center ,Illinois,COMPLETE,61107.0,1073,48,,http://images.acmesports.sports/Pelican+Sunstream+100+Kayak,Pelican Sunstream 100 Kayak,199.9900055,0,7/16/2016 23:23,Standard Class
60572,DEBIT,4,4,124.9400024,254.9799957,Shipping on time,0,43,Camping & Hiking,Brooklyn,EE. UU.,XXXXXXXXX,Donald,8325,Smith,XXXXXXXXX,Corporate,NY,698 Blue Deer Farms,11218.0,7,Fan Shop,40.65780258,-73.94520569,LATAM,Santa Ana,El Salvador,8325,5/17/2017 1:24,59398,957,45.0,0.150000006,148704,299.980011,0.49000001,1,299.980011,254.9799957,124.9400024,Central America,Santa Ana,COMPLETE,,957,43,,http://images.acmesports.sports/Diamondback+Women%27s+Serene+Classic+Comfort+Bike+2014,Diamondback Women's Serene Classic Comfort Bi,299.980011,0,5/21/2017 1:24,Standard Class
159063,TRANSFER,2,4,22.79999924,48.5,Advance shipping,0,24,Women's Apparel,Caguas,Puerto Rico,XXXXXXXXX,Victoria,1353,Rocha,XXXXXXXXX,Consumer,PR,6135 Silver Oak Gate,725.0,5,Golf,18.25086021,-66.3705368,Europe,Berlín,Alemania,1353,6/15/2015 2:23,11311,502,1.5,0.029999999,28279,50.0,0.469999999,1,50.0,48.5,22.79999924,Western Europe,Berlín,PENDING,,502,24,,http://images.acmesports.sports/Nike+Men%27s+Dri-FIT+Victory+Golf+Polo,Nike Men's Dri-FIT Victory Golf Polo,50.0,0,6/17/2015 2:23,Standard Class
65571,DEBIT,4,2,5.690000057,45.47999954,Late delivery,1,40,Accessories,Carrollton,EE. UU.,XXXXXXXXX,Mary,4288,Avery,XXXXXXXXX,Consumer,TX,8094 Noble Heights,75007.0,6,Outdoors,33.03649902,-96.92692566,Europe,Angers,Francia,4288,9/2/2015 23:28,16783,885,4.5,0.090000004,41939,24.98999977,0.129999995,2,49.97999954,45.47999954,5.690000057,Western Europe,Países del Loira,COMPLETE,,885,40,,http://images.acmesports.sports/Team+Golf+St.+Louis+Cardinals+Putter+Grip,Team Golf St. Louis Cardinals Putter Grip,24.98999977,0,9/6/2015 23:28,Second Class
144604,PAYMENT,6,4,5.079999924,44.97999954,Late delivery,1,46,Indoor/Outdoor Games,Irwin,EE. UU.,XXXXXXXXX,Mary,12387,Archer,XXXXXXXXX,Consumer,PA,981 Dewy Cove,15642.0,7,Fan Shop,40.32811356,-79.70446014,Europe,Gothenburg,Suecia,12387,7/16/2015 20:02,13485,1014,5.0,0.100000001,33791,49.97999954,0.109999999,1,49.97999954,44.97999954,5.079999924,Northern Europe,Västra Götaland,PENDING_PAYMENT,,1014,46,,http://images.acmesports.sports/O%27Brien+Men%27s+Neoprene+Life+Vest,O'Brien Men's Neoprene Life Vest,49.97999954,0,7/22/2015 20:02,Standard Class
127421,PAYMENT,2,4,79.72000122,245.2899933,Advance shipping,0,65,Consumer Electronics,Caguas,Puerto Rico,XXXXXXXXX,Jaden,18224,Richards,XXXXXXXXX,Consumer,PR,4074 Sleepy Fox Estates,725.0,10,Technology,18.24244309,-66.03705597,Pacific Asia,Delhi,India,18224,12/26/2017 0:13,74671,1352,7.590000153,0.029999999,177986,252.8800049,0.330000013,1,252.8800049,245.2899933,79.72000122,South Asia,Delhi,PENDING_PAYMENT,,1352,65,,http://images.acmesports.sports/Industrial+consumer+electronics,Industrial consumer electronics,252.8800049,0,12/28/2017 0:13,Standard Class
48141,DEBIT,1,0,6.380000114,81.84999847,Late delivery,1,36,Golf Balls,Chicago,EE. UU.,XXXXXXXXX,Donald,6185,Smith,XXXXXXXXX,Corporate,IL,8663 Crystal Bluff Walk,60617.0,6,Outdoors,41.73297119,-87.54953003,Africa,Moshi,Tanzania,6185,10/23/2016 15:43,45327,797,8.100000381,0.090000004,113252,17.98999977,0.079999998,5,89.94999695,81.84999847,6.380000114,East Africa,Kilimanjaro,COMPLETE,,797,36,,http://images.acmesports.sports/Hirzl+Women%27s+Soffft+Flex+Golf+Glove,Hirzl Women's Soffft Flex Golf Glove,17.98999977,0,10/24/2016 3:43,Same Day
86530,TRANSFER,3,4,15.0,299.980011,Advance shipping,0,43,Camping & Hiking,College Station,EE. UU.,XXXXXXXXX,Gary,8765,Smith,XXXXXXXXX,Corporate,TX,8036 Lazy Autumn Park,77840.0,7,Fan Shop,30.60759926,-96.31684876,Pacific Asia,Tengzhou,China,8765,1/23/2016 1:44,26517,957,0.0,0.0,66391,299.980011,0.050000001,1,299.980011,299.980011,15.0,Eastern Asia,Shandong,PROCESSING,,957,43,,http://images.acmesports.sports/Diamondback+Women%27s+Serene+Classic+Comfort+Bike+2014,Diamondback Women's Serene Classic Comfort Bi,299.980011,0,1/26/2016 1:44,Standard Class
17819,CASH,0,0,-321.730011,128.6900024,Shipping on time,0,18,Men's Footwear,Edinburg,EE. UU.,XXXXXXXXX,Jesse,4500,Fields,XXXXXXXXX,Corporate,TX,3593 Blue Brook Acres,78539.0,4,Apparel,26.30719376,-98.20148468,LATAM,Buenos Aires,Argentina,4500,3/30/2015 4:04,6041,403,1.299999952,0.01,15064,129.9900055,-2.5,1,129.9900055,128.6900024,-321.730011,South America,Buenos Aires,CLOSED,,403,18,,http://images.acmesports.sports/Nike+Men%27s+CJ+Elite+2+TD+Football+Cleat,Nike Men's CJ Elite 2 TD Football Cleat,129.9900055,0,3/30/2015 16:04,Same Day
161003,TRANSFER,4,4,15.84000015,88.0,Shipping canceled,0,24,Women's Apparel,Humacao,Puerto Rico,XXXXXXXXX,Hannah,11556,Watson,XXXXXXXXX,Consumer,PR,5517 Harvest Centre,791.0,5,Golf,18.1501503,-65.82595062,Africa,Port Elizabeth,SudAfrica,11556,9/20/2016 14:32,43063,502,12.0,0.119999997,107571,50.0,0.180000007,2,100.0,88.0,15.84000015,Southern Africa,Cabo Oriental,SUSPECTED_FRAUD,,502,24,,http://images.acmesports.sports/Nike+Men%27s+Dri-FIT+Victory+Golf+Polo,Nike Men's Dri-FIT Victory Golf Polo,50.0,0,9/24/2016 14:32,Standard Class
117103,TRANSFER,2,1,3.299999952,299.9500122,Late delivery,1,17,Cleats,Tonawanda,EE. UU.,XXXXXXXXX,Mary,11073,Smith,XXXXXXXXX,Consumer,NY,475 Colonial Autoroute,14150.0,4,Apparel,42.9422493,-78.89958954,Pacific Asia,Brisbane,Australia,11073,3/1/2016 7:59,29138,365,0.0,0.0,72920,59.99000168,0.01,5,299.9500122,299.9500122,3.299999952,Oceania,Queensland,PROCESSING,,365,17,,http://images.acmesports.sports/Perfect+Fitness+Perfect+Rip+Deck,Perfect Fitness Perfect Rip Deck,59.99000168,0,3/3/2016 7:59,First Class
136481,TRANSFER,0,0,53.11999893,331.980011,Shipping on time,0,45,Fishing,Dallas,EE. UU.,XXXXXXXXX,Mary,9939,Singleton,XXXXXXXXX,Consumer,TX,6025 Clear Deer Swale,75240.0,7,Fan Shop,32.93148804,-96.81433868,Europe,Nice,Francia,9939,7/23/2017 0:26,63985,1004,68.0,0.170000002,159973,399.980011,0.159999996,1,399.980011,331.980011,53.11999893,Western Europe,Provenza-Alpes-Costa Azul,PROCESSING,,1004,45,,http://images.acmesports.sports/Field+%26+Stream+Sportsman+16+Gun+Fire+Safe,Field & Stream Sportsman 16 Gun Fire Safe,399.980011,0,7/23/2017 12:26,Same Day
76311,DEBIT,6,2,93.09999847,189.9900055,Late delivery,1,48,Water Sports,Caguas,Puerto Rico,XXXXXXXXX,Gloria,11726,Smith,XXXXXXXXX,Consumer,PR,3173 Lost Diversion,725.0,7,Fan Shop,18.26145172,-66.37056732,LATAM,Morelia,México,11726,2/15/2015 2:12,3090,1073,10.0,0.050000001,7687,199.9900055,0.49000001,1,199.9900055,189.9900055,93.09999847,Central America,Michoacán,COMPLETE,,1073,48,,http://images.acmesports.sports/Pelican+Sunstream+100+Kayak,Pelican Sunstream 100 Kayak,199.9900055,0,2/21/2015 2:12,Second Class
159167,TRANSFER,2,4,121.5100021,379.7099915,Advance shipping,0,62,Cameras ,Caguas,Puerto Rico,XXXXXXXXX,Farrah,13154,French,XXXXXXXXX,Consumer,PR,2211 Lazy Wharf ,725.0,10,Technology,18.29080772,-66.03705597,Europe,Toulouse,Francia,13154,10/12/2017 23:58,69601,1349,72.33000183,0.159999996,172916,452.0400085,0.319999993,1,452.0400085,379.7099915,121.5100021,Western Europe,Languedoc-Rosellón-Mediodía-Pirineos,PROCESSING,,1349,62,,http://images.acmesports.sports/Web+Camera,Web Camera,452.0400085,0,10/14/2017 23:58,Standard Class
169930,TRANSFER,5,2,58.49000168,149.9600067,Late delivery,1,29,Shop By Sport,Los Angeles,EE. UU.,XXXXXXXXX,Mary,8944,Smith,XXXXXXXXX,Home Office,CA,6234 Jagged Bluff Expressway,90003.0,5,Golf,33.98764038,-118.2705536,USCA,Columbus,Estados Unidos,8944,5/6/2016 13:09,33674,627,49.99000168,0.25,84039,39.99000168,0.389999986,5,199.9499969,149.9600067,58.49000168,East of USA,Ohio,PENDING,43229.0,627,29,,http://images.acmesports.sports/Under+Armour+Girls%27+Toddler+Spine+Surge+Running+Shoe,Under Armour Girls' Toddler Spine Surge Runni,39.99000168,0,5/11/2016 13:09,Second Class
38990,DEBIT,1,0,108.8899994,299.980011,Late delivery,1,43,Camping & Hiking,Caguas,Puerto Rico,XXXXXXXXX,Mary,2384,Mays,XXXXXXXXX,Corporate,PR,1221 High Crest,725.0,7,Fan Shop,18.20499611,-66.37055969,Pacific Asia,Gujranwala,Pakistán,2384,11/21/2015 12:09,22231,957,0.0,0.0,55659,299.980011,0.360000014,1,299.980011,299.980011,108.8899994,South Asia,Punyab,COMPLETE,,957,43,,http://images.acmesports.sports/Diamondback+Women%27s+Serene+Classic+Comfort+Bike+2014,Diamondback Women's Serene Classic Comfort Bi,299.980011,0,11/22/2015 0:09,Same Day
87526,PAYMENT,5,4,45.56000137,134.7899933,Late delivery,1,67,DVDs,La Crosse,EE. UU.,XXXXXXXXX,Lacy,15127,Stafford,XXXXXXXXX,Consumer,WI,9905 Green Elk Court,54601.0,9,Discs Shop,43.8122406,-91.24485779,Europe,Northampton,Reino Unido,15127,11/10/2017 19:12,71574,1354,29.59000015,0.180000007,174889,164.3800049,0.340000004,1,164.3800049,134.7899933,45.56000137,Northern Europe,Inglaterra,PENDING_PAYMENT,,1354,67,,http://images.acmesports.sports/DVDs,DVDs ,164.3800049,0,11/15/2017 19:12,Standard Class
19482,PAYMENT,2,1,-605.7800293,237.5599976,Late delivery,1,17,Cleats,Germantown,EE. UU.,XXXXXXXXX,Shawn,3800,Smith,XXXXXXXXX,Consumer,MD,5985 Silent Leaf Vale,20874.0,4,Apparel,39.1836586,-77.26545715,LATAM,Managua,Nicaragua,3800,5/24/2015 1:43,9802,365,2.400000095,0.01,24473,59.99000168,-2.549999952,4,239.9600067,237.5599976,-605.7800293,Central America,Managua,PENDING_PAYMENT,,365,17,,http://images.acmesports.sports/Perfect+Fitness+Perfect+Rip+Deck,Perfect Fitness Perfect Rip Deck,59.99000168,0,5/26/2015 1:43,First Class
136329,TRANSFER,6,4,76.04000092,224.9799957,Late delivery,1,9,Cardio Equipment,San Jose,EE. UU.,XXXXXXXXX,Susan,1298,Fuller,XXXXXXXXX,Consumer,CA,421 Fallen Byway,95125.0,3,Footwear,37.29223251,-121.881279,LATAM,Juiz de Fora,Brasil,1298,3/16/2015 3:24,5080,191,74.98999786,0.25,12690,99.98999786,0.340000004,3,299.9700012,224.9799957,76.04000092,South America,Minas Gerais,PROCESSING,,191,9,,http://images.acmesports.sports/Nike+Men%27s+Free+5.0%2B+Running+Shoe,Nike Men's Free 5.0+ Running Shoe,99.98999786,0,3/22/2015 3:24,Standard Class
122414,TRANSFER,2,2,125.4300003,391.980011,Shipping on time,0,45,Fishing,Caguas,Puerto Rico,XXXXXXXXX,Daniel,6341,Smith,XXXXXXXXX,Corporate,PR,4647 Misty Branch Gardens,725.0,7,Fan Shop,18.25748444,-66.37063599,Europe,Le Mans,Francia,6341,9/22/2015 3:29,18096,1004,8.0,0.02,45218,399.980011,0.319999993,1,399.980011,391.980011,125.4300003,Western Europe,Países del Loira,PENDING,,1004,45,,http://images.acmesports.sports/Field+%26+Stream+Sportsman+16+Gun+Fire+Safe,Field & Stream Sportsman 16 Gun Fire Safe,399.980011,0,9/24/2015 3:29,Second Class
67786,DEBIT,4,4,57.59000015,119.9700012,Shipping on time,0,29,Shop By Sport,Caguas,Puerto Rico,XXXXXXXXX,Mary,11233,Murphy,XXXXXXXXX,Corporate,PR,3907 Rustic Via,725.0,5,Golf,18.23640823,-66.37059784,Europe,Redditch,Reino Unido,11233,7/5/2015 4:49,12688,627,39.99000168,0.25,31749,39.99000168,0.479999989,4,159.9600067,119.9700012,57.59000015,Northern Europe,Inglaterra,COMPLETE,,627,29,,http://images.acmesports.sports/Under+Armour+Girls%27+Toddler+Spine+Surge+Running+Shoe,Under Armour Girls' Toddler Spine Surge Runni,39.99000168,0,7/9/2015 4:49,Standard Class
167439,PAYMENT,4,4,89.23999786,254.9799957,Shipping on time,0,43,Camping & Hiking,Los Angeles,EE. UU.,XXXXXXXXX,Willie,12204,Cunningham,XXXXXXXXX,Home Office,CA,357 Noble Lane,90011.0,7,Fan Shop,34.0476265,-118.2457504,USCA,Bowling Green,Estados Unidos,12204,4/28/2016 17:22,33138,957,45.0,0.150000006,82844,299.980011,0.349999994,1,299.980011,254.9799957,89.23999786,South of  USA ,Kentucky,PENDING_PAYMENT,42104.0,957,43,,http://images.acmesports.sports/Diamondback+Women%27s+Serene+Classic+Comfort+Bike+2014,Diamondback Women's Serene Classic Comfort Bi,299.980011,0,5/2/2016 17:22,Standard Class
124968,PAYMENT,0,0,66.13999939,188.9799957,Shipping on time,0,9,Cardio Equipment,Caguas,Puerto Rico,XXXXXXXXX,James,5145,Smith,XXXXXXXXX,Consumer,PR,9882 Cotton Abbey,725.0,3,Footwear,18.29706955,-66.3705368,Europe,Oldenburg,Alemania,5145,7/1/2015 8:40,12425,191,11.0,0.059999999,31088,99.98999786,0.349999994,2,199.9799957,188.9799957,66.13999939,Western Europe,Baja Sajonia,PENDING_PAYMENT,,191,9,,http://images.acmesports.sports/Nike+Men%27s+Free+5.0%2B+Running+Shoe,Nike Men's Free 5.0+ Running Shoe,99.98999786,0,7/1/2015 20:40,Same Day
177862,DEBIT,2,4,68.27999878,148.4400024,Advance shipping,0,46,Indoor/Outdoor Games,Pompano Beach,EE. UU.,XXXXXXXXX,Donna,7541,Smith,XXXXXXXXX,Corporate,FL,7510 Harvest Zephyr By-pass,33064.0,7,Fan Shop,26.28325081,-80.09656525,Europe,San Sebastian,España,7541,6/3/2015 6:37,10501,1014,1.5,0.01,26307,49.97999954,0.460000008,3,149.9400024,148.4400024,68.27999878,Southern Europe,País Vasco,ON_HOLD,,1014,46,,http://images.acmesports.sports/O%27Brien+Men%27s+Neoprene+Life+Vest,O'Brien Men's Neoprene Life Vest,49.97999954,0,6/5/2015 6:37,Standard Class
95006,DEBIT,2,4,33.56000137,296.980011,Advance shipping,0,43,Camping & Hiking,Gardena,EE. UU.,XXXXXXXXX,Margaret,9074,Smith,XXXXXXXXX,Consumer,CA,3944 Hidden Round,90247.0,7,Fan Shop,33.89164734,-118.299408,USCA,Mississauga,Canada,9074,10/2/2016 11:22,43876,957,3.0,0.01,109586,299.980011,0.109999999,1,299.980011,296.980011,33.56000137,Canada,Ontario,COMPLETE,,957,43,,http://images.acmesports.sports/Diamondback+Women%27s+Serene+Classic+Comfort+Bike+2014,Diamondback Women's Serene Classic Comfort Bi,299.980011,0,10/4/2016 11:22,Standard Class
58500,PAYMENT,2,1,46.70999908,128.6900024,Late delivery,1,18,Men's Footwear,Caguas,Puerto Rico,XXXXXXXXX,Jeffrey,2236,Whitney,XXXXXXXXX,Consumer,PR,3922 Easy Manor,725.0,4,Apparel,18.27444077,-66.37058258,Europe,Toulouse,Francia,2236,8/25/2015 19:17,16223,403,1.299999952,0.01,40503,129.9900055,0.360000014,1,129.9900055,128.6900024,46.70999908,Western Europe,Languedoc-Rosellón-Mediodía-Pirineos,PENDING_PAYMENT,,403,18,,http://images.acmesports.sports/Nike+Men%27s+CJ+Elite+2+TD+Football+Cleat,Nike Men's CJ Elite 2 TD Football Cleat,129.9900055,0,8/27/2015 19:17,First Class
144873,TRANSFER,4,4,8.800000191,87.95999908,Shipping on time,0,46,Indoor/Outdoor Games,Denver,EE. UU.,XXXXXXXXX,Mary,45,Nunez,XXXXXXXXX,Consumer,CO,1229 Bright Robin Corners,80231.0,7,Fan Shop,39.71010208,-105.0270767,Europe,Birmingham,Reino Unido,45,7/3/2015 7:16,12558,1014,12.0,0.119999997,31433,49.97999954,0.100000001,2,99.95999908,87.95999908,8.800000191,Northern Europe,Inglaterra,PENDING,,1014,46,,http://images.acmesports.sports/O%27Brien+Men%27s+Neoprene+Life+Vest,O'Brien Men's Neoprene Life Vest,49.97999954,0,7/7/2015 7:16,Standard Class
1943,TRANSFER,2,4,35.43000031,283.4500122,Advance shipping,0,17,Cleats,Caguas,Puerto Rico,XXXXXXXXX,Mary,3373,Willis,XXXXXXXXX,Consumer,PR,9749 Red Barn Harbour,725.0,4,Apparel,18.25558472,-66.37059021,USCA,Oceanside,Estados Unidos,3373,6/18/2016 18:52,36636,365,16.5,0.059999999,91446,59.99000168,0.129999995,5,299.9500122,283.4500122,35.43000031,East of USA,Nueva York,PROCESSING,11572.0,365,17,,http://images.acmesports.sports/Perfect+Fitness+Perfect+Rip+Deck,Perfect Fitness Perfect Rip Deck,59.99000168,0,6/20/2016 18:52,Standard Class
125976,PAYMENT,6,2,40.0,399.9599915,Late delivery,1,9,Cardio Equipment,Caguas,Puerto Rico,XXXXXXXXX,Scott,7607,Smith,XXXXXXXXX,Consumer,PR,9471 Middle Grove Place,725.0,3,Footwear,18.24543953,-66.37050629,Europe,Rouen,Francia,7607,7/9/2017 7:07,63045,191,0.0,0.0,157633,99.98999786,0.100000001,4,399.9599915,399.9599915,40.0,Western Europe,Normandía,PENDING_PAYMENT,,191,9,,http://images.acmesports.sports/Nike+Men%27s+Free+5.0%2B+Running+Shoe,Nike Men's Free 5.0+ Running Shoe,99.98999786,0,7/15/2017 7:07,Second Class
112714,DEBIT,4,4,40.93000031,181.9299927,Shipping on time,0,46,Indoor/Outdoor Games,Aguadilla,Puerto Rico,XXXXXXXXX,Jacqueline,7257,Smith,XXXXXXXXX,Consumer,PR,2514 Green Quail Falls,603.0,7,Fan Shop,18.44935989,-67.15180206,Africa,Kisangani,República Democrática del Congo,7257,10/22/2016 19:02,45268,1014,17.98999977,0.090000004,113095,49.97999954,0.230000004,4,199.9199982,181.9299927,40.93000031,Central Africa,Provincia Oriental,COMPLETE,,1014,46,,http://images.acmesports.sports/O%27Brien+Men%27s+Neoprene+Life+Vest,O'Brien Men's Neoprene Life Vest,49.97999954,0,10/26/2016 19:02,Standard Class
51300,DEBIT,3,4,-55.43000031,106.5899963,Advance shipping,0,32,Golf Apparel,Caguas,Puerto Rico,XXXXXXXXX,Shirley,4366,Riley,XXXXXXXXX,Home Office,PR,7108 Cinder Road,725.0,6,Outdoors,18.21341896,-66.37055969,LATAM,Gómez Palacio,México,4366,5/11/2017 17:11,59032,715,23.39999962,0.180000007,147769,129.9900055,-0.519999981,1,129.9900055,106.5899963,-55.43000031,Central America,Durango,COMPLETE,,715,32,,http://images.acmesports.sports/TaylorMade+Women%27s+RBZ+SL+Rescue,TaylorMade Women's RBZ SL Rescue,129.9900055,0,5/14/2017 17:11,Standard Class
168317,PAYMENT,6,4,117.5899963,419.9599915,Late delivery,1,9,Cardio Equipment,Chicago,EE. UU.,XXXXXXXXX,Kathryn,10192,Smith,XXXXXXXXX,Home Office,IL,7894 Old Circle,60614.0,3,Footwear,41.9845047,-87.82324982,Pacific Asia,Chaoyang,China,10192,1/8/2016 14:11,25525,191,79.98999786,0.159999996,63949,99.98999786,0.280000001,5,499.9500122,419.9599915,117.5899963,Eastern Asia,Jilin,PENDING_PAYMENT,,191,9,,http://images.acmesports.sports/Nike+Men%27s+Free+5.0%2B+Running+Shoe,Nike Men's Free 5.0+ Running Shoe,99.98999786,0,1/14/2016 14:11,Standard Class
57744,DEBIT,4,4,33.79000092,192.0,Shipping on time,0,24,Women's Apparel,Caguas,Puerto Rico,XXXXXXXXX,Mary,10294,Smith,XXXXXXXXX,Consumer,PR,9447 Dusty Beacon Turnabout,725.0,5,Golf,18.23896599,-66.37062073,USCA,Chicago,Estados Unidos,10294,6/15/2016 5:44,36393,502,8.0,0.039999999,90857,50.0,0.180000007,4,200.0,192.0,33.79000092,US Center ,Illinois,ON_HOLD,60610.0,502,24,,http://images.acmesports.sports/Nike+Men%27s+Dri-FIT+Victory+Golf+Polo,Nike Men's Dri-FIT Victory Golf Polo,50.0,0,6/19/2016 5:44,Standard Class
93118,DEBIT,2,4,49.20000076,245.9799957,Advance shipping,0,43,Camping & Hiking,Brockton,EE. UU.,XXXXXXXXX,Doris,5116,Smith,XXXXXXXXX,Consumer,MA,1819 Noble Ramp,2301.0,7,Fan Shop,42.06258011,-71.01766205,LATAM,Los Mochis,México,5116,3/19/2017 10:04,55381,957,54.0,0.180000007,138518,299.980011,0.200000003,1,299.980011,245.9799957,49.20000076,Central America,Sinaloa,COMPLETE,,957,43,,http://images.acmesports.sports/Diamondback+Women%27s+Serene+Classic+Comfort+Bike+2014,Diamondback Women's Serene Classic Comfort Bi,299.980011,0,3/21/2017 10:04,Standard Class
40678,DEBIT,6,4,138.9100037,283.480011,Late delivery,1,43,Camping & Hiking,Caguas,Puerto Rico,XXXXXXXXX,Michael,6958,Pham,XXXXXXXXX,Corporate,PR,923 Tawny Goose Corners,725.0,7,Fan Shop,18.2329216,-66.37051392,Europe,Grodno,Bielorrusia,6958,12/10/2016 22:39,48635,957,16.5,0.059999999,121628,299.980011,0.49000001,1,299.980011,283.480011,138.9100037,Eastern Europe,Grodno,COMPLETE,,957,43,,http://images.acmesports.sports/Diamondback+Women%27s+Serene+Classic+Comfort+Bike+2014,Diamondback Women's Serene Classic Comfort Bi,299.980011,0,12/16/2016 22:39,Standard Class
53185,TRANSFER,4,4,12.0,159.9900055,Shipping on time,0,48,Water Sports,Caguas,Puerto Rico,XXXXXXXXX,Mary,4243,Smith,XXXXXXXXX,Consumer,PR,3544 Gentle Concession,725.0,7,Fan Shop,18.22925377,-66.37051392,Europe,Hamburgo,Alemania,4243,8/31/2017 0:54,66658,1073,40.0,0.200000003,166613,199.9900055,0.079999998,1,199.9900055,159.9900055,12.0,Western Europe,Hamburgo,PENDING,,1073,48,,http://images.acmesports.sports/Pelican+Sunstream+100+Kayak,Pelican Sunstream 100 Kayak,199.9900055,0,9/4/2017 0:54,Standard Class
140162,CASH,2,1,16.3199997,163.1799927,Late delivery,1,38,Kids' Golf Clubs,Caguas,Puerto Rico,XXXXXXXXX,Lisa,11180,Smith,XXXXXXXXX,Home Office,PR,5469 Sunny Oak Bay,725.0,6,Outdoors,18.20604324,-66.37051392,Europe,Nice,Francia,11180,7/28/2017 10:25,64356,305,35.8199997,0.180000007,160882,199.0,0.100000001,1,199.0,163.1799927,16.3199997,Western Europe,Provenza-Alpes-Costa Azul,CLOSED,,305,38,,http://images.acmesports.sports/Mio+ALPHA+Heart+Rate+Monitor%2FSport+Watch,Mio ALPHA Heart Rate Monitor/Sport Watch,199.0,0,7/30/2017 10:25,First Class
