,Type,Days_For_Shipping_Real,Days_For_Shipment_Scheduled,Benefit_Per_Order,Sales_Per_Customer,Delivery_Status,Late_delivery_risk,Category_ID,Category_Name,Customer_City,Customer_Country,Customer_ID,Customer_Full_Name,Customer_Segment,Customer_State,Customer_Street,Customer_Zipcode,Department_ID,Department_Name,Latitude,Longitude,Market,Order_City,Order_Country,Order_Date,Order_ID,Order_Item_Discount,Order_Item_Discount_Rate,Order_Item_ID,Order_Item_Product_Price,Order_Item_Profit_Ratio,Order_Item_Quantity,Sales,Order_Item_Total,Order_Profit_Per_Order,Order_Region,Order_State,Order_Status,Product_Card_ID,Product_Name,Product_Price,Shipping_Date,Shipping_Mode,Order_Year,Order_Month_Number,Order_Month_Name,Order_Quarter,Order_Day,Order_Week_Day,Shipping_Delay,Shipping_Performance,Shipping_Year,Shipping_Month_Name,Shipping_Month_Number,Profit_Category,Price_Category
80120,Transfer,5,4,11.09,175.99,Late Delivery,1,48,Water Sports,Caguas,Puerto Rico,6109,Zachary Tate,Consumer,PR,8916 Round Zephyr Ridge,725.0,7,Fan Shop,18.20397568,-66.37054443,Usa,Los Angeles,Estados Unidos,2016-04-01,31299,24.0,0.119999997,78239,199.99,0.059999999,1,199.99,175.99,11.09,West of USA ,California,Processing,1073,Pelican Sunstream 100 Kayak,199.99,2016-04-06,Standard Class,2016,4,April,2,1,Friday,1,Delayed,2016,April,4,Low Profit,Medium
19670,Payment,2,1,9.8,245.0,Late Delivery,1,24,Women's Apparel,Florissant,EE. UU.,12041,Gary Oneal,Consumer,MO,372 Sunny Arbor,63033.0,5,Golf,38.80710983,-90.29780579,Latin America,Tegucigalpa,Honduras,2017-06-09,61023,5.0,0.02,152658,50.0,0.039999999,5,250.0,245.0,9.8,Central America,Francisco Morazán,Pending_Payment,502,Nike Men's Dri-FIT Victory Golf Polo,50.0,2017-06-11,First Class,2017,6,June,2,9,Friday,1,Delayed,2017,June,6,Low Profit,Low
114887,Transfer,2,4,117.55,244.9,Advance Shipping,0,46,Indoor/Outdoor Games,Carmichael,EE. UU.,4271,Andrea Alexander,Corporate,CA,2407 Foggy Acres,95608.0,7,Fan Shop,38.60803223,-121.3219528,Latin America,Tijuana,México,2015-01-02,111,5.0,0.02,253,49.98,0.479999989,5,249.9,244.9,117.55,Central America,Baja California,Processing,1014,O'Brien Men's Neoprene Life Vest,49.98,2015-01-04,Standard Class,2015,1,January,1,2,Friday,-2,On Time/Early,2015,January,1,Medium Profit,Low
120110,Transfer,5,4,118.43,251.98,Late Delivery,1,43,Camping & Hiking,Troy,EE. UU.,3521,Joyce Callahan,Consumer,NY,4075 Silver Hills Heights,12180.0,7,Fan Shop,42.73004913,-73.68952942,Africa,Pretoria,SudAfrica,2017-01-10,50699,48.0,0.159999996,126700,299.98,0.469999999,1,299.98,251.98,118.43,Southern Africa,Gauteng,Pending,957,Diamondback Women's Serene Classic Comfort Bi,299.98,2017-01-15,Standard Class,2017,1,January,1,10,Tuesday,1,Delayed,2017,January,1,Medium Profit,Medium
56658,Debit,2,4,-21.59,107.97,Advance Shipping,0,29,Shop By Sport,Caguas,Puerto Rico,12073,Mildred Merritt,Consumer,PR,4661 Green Freeway,725.0,5,Golf,18.23455048,-66.37057495,Latin America,Santiago de los Caballeros,República Dominicana,2017-04-06,56606,12.0,0.100000001,141586,39.99,-0.200000003,3,119.97,107.97,-21.59,Caribbean,Santiago de Chile,Completed,627,Under Armour Girls' Toddler Spine Surge Runni,39.99,2017-04-08,Standard Class,2017,4,April,2,6,Thursday,-2,On Time/Early,2017,April,4,Loss,Low
99465,Debit,5,4,-16.39,163.93,Late Delivery,1,46,Indoor/Outdoor Games,Pawtucket,EE. UU.,771,Patricia Smith,Consumer,RI,9986 Old Common,2860.0,7,Fan Shop,41.77356339,-71.36444092,Usa,Huntsville,Estados Unidos,2016-08-07,40074,35.99,0.180000007,100008,49.98,-0.100000001,4,199.92,163.93,-16.39,US Center ,Texas,Completed,1014,O'Brien Men's Neoprene Life Vest,49.98,2016-08-12,Standard Class,2016,8,August,3,7,Sunday,1,Delayed,2016,August,8,Loss,Low
40749,Debit,6,4,83.2,319.98,Late Delivery,1,45,Fishing,Caguas,Puerto Rico,8550,Mary Smith,Corporate,PR,4906 Wishing Bluff Pike,725.0,7,Fan Shop,18.20294952,-66.37063599,Europe,Las Rozas de Madrid,España,2015-08-31,16610,80.0,0.200000003,41513,399.98,0.25999999,1,399.98,319.98,83.2,Southern Europe,Madrid,Completed,1004,Field & Stream Sportsman 16 Gun Fire Safe,399.98,2015-09-06,Standard Class,2015,8,August,3,31,Monday,2,Delayed,2015,September,9,Low Profit,Medium
22688,Debit,2,4,99.09,272.97,Advance Shipping,0,9,Cardio Equipment,Caguas,Puerto Rico,4857,Nancy Whitaker,Consumer,PR,1220 Tawny Glade,725.0,3,Footwear,18.23100853,-66.37059784,Africa,Dire Dawa,Etiopía,2016-12-03,48131,27.0,0.090000004,120363,99.99,0.360000014,3,299.97,272.97,99.09,East Africa,Dire Dawa,Completed,191,Nike Men's Free 5.0+ Running Shoe,99.99,2016-12-05,Standard Class,2016,12,December,4,3,Saturday,-2,On Time/Early,2016,December,12,Low Profit,Low
154389,Payment,6,4,30.0,100.0,Late Delivery,1,24,Women's Apparel,Caguas,Puerto Rico,5404,Sara Castillo,Consumer,PR,4232 Pleasant Bear Park,725.0,5,Golf,18.28034973,-66.37052918,Latin America,Huehuetenango,Guatemala,2017-02-15,53220,0.0,0.0,132983,50.0,0.300000012,2,100.0,100.0,30.0,Central America,Huehuetenango,Pending_Payment,502,Nike Men's Dri-FIT Victory Golf Polo,50.0,2017-02-21,Standard Class,2017,2,February,1,15,Wednesday,2,Delayed,2017,February,2,Low Profit,Low
47301,Payment,4,4,54.63,118.77,Shipping On Time,0,29,Shop By Sport,Findlay,EE. UU.,5148,Grace Smith,Corporate,OH,507 Indian Front,45840.0,5,Golf,41.04313278,-83.65692902,Latin America,Coacalco,México,2017-03-20,55478,1.2,0.01,138765,39.99,0.460000008,3,119.97,118.77,54.63,Central America,México,Pending_Payment,627,Under Armour Girls' Toddler Spine Surge Runni,39.99,2017-03-24,Standard Class,2017,3,March,1,20,Monday,0,On Time/Early,2017,March,3,Low Profit,Low
139428,Transfer,3,4,72.03,147.0,Advance Shipping,0,24,Women's Apparel,Caguas,Puerto Rico,7,Melissa Wilcox,Corporate,PR,9453 High Concession,725.0,5,Golf,18.35909462,-66.07995606,Latin America,Tegucigalpa,Honduras,2015-05-26,9977,3.0,0.02,24928,50.0,0.49000001,3,150.0,147.0,72.03,Central America,Francisco Morazán,Processing,502,Nike Men's Dri-FIT Victory Golf Polo,50.0,2015-05-29,Standard Class,2015,5,May,2,26,Tuesday,-1,On Time/Early,2015,May,5,Low Profit,Low
81076,Payment,6,4,-38.25,169.99,Late Delivery,1,48,Water Sports,Caguas,Puerto Rico,3889,Mary Smith,Consumer,PR,7136 Sunny Grove Freeway,725.0,7,Fan Shop,18.26630783,-66.37058258,Pacific Asia,Bangkok,Tailandia,2016-01-28,26905,30.0,0.150000006,67407,199.99,-0.230000004,1,199.99,169.99,-38.25,Southeast Asia,Bangkok,Pending_Payment,1073,Pelican Sunstream 100 Kayak,199.99,2016-02-03,Standard Class,2016,1,January,1,28,Thursday,2,Delayed,2016,February,2,Loss,Medium
69250,Payment,6,2,14.3,114.39,Late Delivery,1,18,Men's Footwear,Caguas,Puerto Rico,12195,Brenda Moyer,Corporate,PR,952 Pleasant Bluff Pines,725.0,4,Apparel,18.2187748,-66.37056732,Europe,Redditch,Reino Unido,2015-09-02,16725,15.6,0.119999997,41797,129.99,0.129999995,1,129.99,114.39,14.3,Northern Europe,Inglaterra,Pending_Payment,403,Nike Men's CJ Elite 2 TD Football Cleat,129.99,2015-09-08,Second Class,2015,9,September,3,2,Wednesday,4,Delayed,2015,September,9,Low Profit,Medium
179442,Transfer,2,4,75.93,233.62,Advance Shipping,0,12,Boxing & MMA,Caguas,Puerto Rico,9388,David Horn,Consumer,PR,707 Pleasant Concession,725.0,3,Footwear,18.20146751,-66.37062073,Europe,Guyancourt,Francia,2015-06-16,11381,41.23,0.150000006,28461,54.97,0.330000013,5,274.85,233.62,75.93,Western Europe,Isla de Francia,Pending,249,Under Armour Women's Micro G Skulpt Running S,54.97,2015-06-18,Standard Class,2015,6,June,2,16,Tuesday,-2,On Time/Early,2015,June,6,Low Profit,Low
84697,Transfer,5,2,68.88,237.5,Late Delivery,1,24,Women's Apparel,Corona,EE. UU.,9755,Ryan Smith,Corporate,NY,8663 Red Creek Via,11368.0,5,Golf,40.74636841,-73.85482025,Europe,Clichy-sous-Bois,Francia,2015-07-11,13114,12.5,0.050000001,32802,50.0,0.289999992,5,250.0,237.5,68.88,Western Europe,Isla de Francia,Processing,502,Nike Men's Dri-FIT Victory Golf Polo,50.0,2015-07-16,Second Class,2015,7,July,3,11,Saturday,3,Delayed,2015,July,7,Low Profit,Low
117424,Transfer,1,0,-50.76,269.98,Late Delivery,1,43,Camping & Hiking,Toms River,EE. UU.,8790,Mary Keller,Consumer,NJ,1388 Hazy Swale,8753.0,7,Fan Shop,39.95072174,-74.15543366,Pacific Asia,Whyalla,Australia,2016-03-04,29369,30.0,0.100000001,73477,299.98,-0.189999998,1,299.98,269.98,-50.76,Oceania,Australia del Sur,Processing,957,Diamondback Women's Serene Classic Comfort Bi,299.98,2016-03-05,Same Day,2016,3,March,1,4,Friday,1,Delayed,2016,March,3,Loss,Medium
19341,Payment,2,1,142.55,296.97,Late Delivery,1,9,Cardio Equipment,Riverside,EE. UU.,4326,Mary Ferguson,Consumer,CA,9666 Gentle Shadow Thicket,92504.0,3,Footwear,33.93642426,-117.4205856,Pacific Asia,Manila,Filipinas,2015-12-10,23503,3.0,0.01,58805,99.99,0.479999989,3,299.97,296.97,142.55,Southeast Asia,Capital Nacional,Pending_Payment,191,Nike Men's Free 5.0+ Running Shoe,99.99,2015-12-12,First Class,2015,12,December,4,10,Thursday,1,Delayed,2015,December,12,Medium Profit,Low
79749,Transfer,4,2,-8.55,149.99,Late Delivery,1,48,Water Sports,Kent,EE. UU.,11589,Mary Anderson,Consumer,WA,953 Merry Fawn Harbour,98031.0,7,Fan Shop,47.39371109,-122.2228317,Usa,Philadelphia,Estados Unidos,2016-04-27,33038,50.0,0.25,82606,199.99,-0.059999999,1,199.99,149.99,-8.55,East of USA,Pensilvania,Processing,1073,Pelican Sunstream 100 Kayak,199.99,2016-05-01,Second Class,2016,4,April,2,27,Wednesday,2,Delayed,2016,May,5,Loss,Medium
115555,Transfer,4,4,28.16,319.98,Shipping On Time,0,45,Fishing,Florissant,EE. UU.,6049,Patricia Smith,Consumer,MO,7580 Sleepy Boulevard,63033.0,7,Fan Shop,38.80710983,-90.29780579,Europe,Bari,Italia,2017-08-28,66458,80.0,0.200000003,166134,399.98,0.090000004,1,399.98,319.98,28.16,Southern Europe,Apulia,Processing,1004,Field & Stream Sportsman 16 Gun Fire Safe,399.98,2017-09-01,Standard Class,2017,8,August,3,28,Monday,0,On Time/Early,2017,September,9,Low Profit,Medium
52341,Debit,2,2,5.09,11.31,Shipping On Time,0,74,Toys,North Bergen,EE. UU.,19574,Marah Poole,Home Office,NJ,7740 Broad Fox Villas,7047.0,7,Fan Shop,40.79859161,-74.00170898,Pacific Asia,Townsville,Australia,2018-01-14,76021,0.23,0.02,179336,11.54,0.449999988,1,11.54,11.31,5.09,Oceania,Queensland,On_Hold,1361,Toys ,11.54,2018-01-16,Second Class,2018,1,January,1,14,Sunday,0,On Time/Early,2018,January,1,Low Profit,Low
54296,Debit,4,4,-7.52,197.99,Shipping On Time,0,48,Water Sports,Mililani,EE. UU.,7863,Elizabeth Hodges,Home Office,HI,4542 Sunny Parade,96789.0,7,Fan Shop,21.4479599,-158.016037,Europe,Murcia,España,2017-06-22,61893,2.0,0.01,154713,199.99,-0.039999999,1,199.99,197.99,-7.52,Southern Europe,Murcia,Completed,1073,Pelican Sunstream 100 Kayak,199.99,2017-06-26,Standard Class,2017,6,June,2,22,Thursday,0,On Time/Early,2017,June,6,Loss,Medium
118340,Transfer,4,2,38.45,122.84,Late Delivery,1,18,Men's Footwear,Reynoldsburg,EE. UU.,5552,Mary Smith,Consumer,OH,8314 Crystal Rise Townline,43068.0,4,Apparel,39.95420075,-82.8127594,Latin America,General Escobedo,México,2015-04-03,6348,7.15,0.059999999,15896,129.99,0.310000002,1,129.99,122.84,38.45,Central America,Nuevo León,Processing,403,Nike Men's CJ Elite 2 TD Football Cleat,129.99,2015-04-07,Second Class,2015,4,April,2,3,Friday,2,Delayed,2015,April,4,Low Profit,Medium
12890,Debit,5,4,-23.41,107.89,Late Delivery,1,18,Men's Footwear,Caguas,Puerto Rico,7616,Mary Mason,Consumer,PR,3310 Rocky Boulevard,725.0,4,Apparel,18.20620918,-66.37052155,Europe,Recklinghausen,Alemania,2017-08-16,65629,22.1,0.170000002,164018,129.99,-0.219999999,1,129.99,107.89,-23.41,Western Europe,Renania del Norte-Westfalia,Completed,403,Nike Men's CJ Elite 2 TD Football Cleat,129.99,2017-08-21,Standard Class,2017,8,August,3,16,Wednesday,1,Delayed,2017,August,8,Loss,Medium
165387,Payment,2,1,124.79,319.98,Late Delivery,1,45,Fishing,Greeley,EE. UU.,1998,Mary Smith,Home Office,CO,149 High Autumn Harbour,80631.0,7,Fan Shop,40.41231918,-104.6923523,Latin America,San Francisco de Macorís,República Dominicana,2015-05-23,9770,80.0,0.200000003,24389,399.98,0.389999986,1,399.98,319.98,124.79,Caribbean,Duarte,Pending_Payment,1004,Field & Stream Sportsman 16 Gun Fire Safe,399.98,2015-05-25,First Class,2015,5,May,2,23,Saturday,1,Delayed,2015,May,5,Medium Profit,Medium
139523,Transfer,3,4,71.9,152.97,Advance Shipping,0,17,Cleats,Caguas,Puerto Rico,7557,Mary Hull,Corporate,PR,7122 Pleasant Port,725.0,4,Apparel,18.25714111,-66.37050629,Usa,Santa Ana,Estados Unidos,2016-06-01,35472,27.0,0.150000006,88612,59.99,0.469999999,3,179.97,152.97,71.9,West of USA ,California,Processing,365,Perfect Fitness Perfect Rip Deck,59.99,2016-06-04,Standard Class,2016,6,June,2,1,Wednesday,-1,On Time/Early,2016,June,6,Low Profit,Low
86329,Transfer,5,4,4.69,37.5,Late Delivery,1,24,Women's Apparel,Rome,EE. UU.,1478,Anna Sanchez,Corporate,NY,3186 Heather Rise Terrace,13440.0,5,Golf,43.21662521,-75.45603943,Pacific Asia,Kuantan,Malasia,2016-01-04,25259,12.5,0.25,63299,50.0,0.129999995,1,50.0,37.5,4.69,Southeast Asia,Pahang,Pending,502,Nike Men's Dri-FIT Victory Golf Polo,50.0,2016-01-09,Standard Class,2016,1,January,1,4,Monday,1,Delayed,2016,January,1,Low Profit,Low
168450,Transfer,2,1,6.24,103.99,Late Delivery,1,18,Men's Footwear,Virginia Beach,EE. UU.,1289,Mary Dominguez,Home Office,VA,1795 Fallen Corners,23454.0,4,Apparel,36.84386826,-76.03380585,Europe,Bergamo,Italia,2015-07-20,13767,26.0,0.200000003,34473,129.99,0.059999999,1,129.99,103.99,6.24,Southern Europe,Lombardía,Processing,403,Nike Men's CJ Elite 2 TD Football Cleat,129.99,2015-07-22,First Class,2015,7,July,3,20,Monday,1,Delayed,2015,July,7,Low Profit,Medium
36658,Payment,4,2,145.52,296.98,Late Delivery,1,43,Camping & Hiking,Campbell,EE. UU.,3492,Mary Smith,Consumer,CA,9144 Gentle Dale,95008.0,7,Fan Shop,38.51450348,-121.8737412,Latin America,Apodaca,México,2017-03-14,55013,3.0,0.01,137584,299.98,0.49000001,1,299.98,296.98,145.52,Central America,Nuevo León,Payment_Review,957,Diamondback Women's Serene Classic Comfort Bi,299.98,2017-03-18,Second Class,2017,3,March,1,14,Tuesday,2,Delayed,2017,March,3,Medium Profit,Medium
18846,Payment,2,1,-29.38,120.89,Late Delivery,1,18,Men's Footwear,Salem,EE. UU.,10553,Michael Shea,Consumer,OR,8905 Thunder Berry Wood,97303.0,4,Apparel,45.06418228,-123.0758667,Pacific Asia,Bangkok,Tailandia,2016-01-06,25369,9.1,0.07,63538,129.99,-0.239999995,1,129.99,120.89,-29.38,Southeast Asia,Bangkok,Pending_Payment,403,Nike Men's CJ Elite 2 TD Football Cleat,129.99,2016-01-08,First Class,2016,1,January,1,6,Wednesday,1,Delayed,2016,January,1,Loss,Medium
137738,Transfer,2,4,167.03,347.98,Shipping Cancelled,0,45,Fishing,Huntington Park,EE. UU.,5175,Mary Sullivan,Corporate,CA,9672 Green Mountain Pines,90255.0,7,Fan Shop,33.97763825,-118.2206879,Latin America,Arraiján,Panamá,2017-05-10,58966,52.0,0.129999995,147606,399.98,0.479999989,1,399.98,347.98,167.03,Central America,Panamá,Cancelled,1004,Field & Stream Sportsman 16 Gun Fire Safe,399.98,2017-05-12,Standard Class,2017,5,May,2,10,Wednesday,-2,On Time/Early,2017,May,5,Medium Profit,Medium
134452,Transfer,5,4,50.1,299.98,Late Delivery,1,43,Camping & Hiking,Hendersonville,EE. UU.,6269,Charles Phelps,Consumer,TN,62 Velvet Apple Dell,37075.0,7,Fan Shop,36.30838013,-86.62832642,Pacific Asia,Wollongong,Australia,2016-02-06,27529,0.0,0.0,68907,299.98,0.170000002,1,299.98,299.98,50.1,Oceania,Nueva Gales del Sur,Processing,957,Diamondback Women's Serene Classic Comfort Bi,299.98,2016-02-11,Standard Class,2016,2,February,1,6,Saturday,1,Delayed,2016,February,2,Low Profit,Medium
179790,Debit,5,4,-66.4,331.98,Late Delivery,1,45,Fishing,Louisville,EE. UU.,10241,Patricia Kidd,Consumer,KY,8057 Grand Log Village,40214.0,7,Fan Shop,38.12610626,-85.7959137,Pacific Asia,Kathmandu,Nepal,2016-02-25,28824,68.0,0.170000002,72133,399.98,-0.200000003,1,399.98,331.98,-66.4,South Asia,Central,On_Hold,1004,Field & Stream Sportsman 16 Gun Fire Safe,399.98,2016-03-01,Standard Class,2016,2,February,1,25,Thursday,1,Delayed,2016,March,3,Loss,Medium
83116,Debit,5,4,15.25,245.98,Late Delivery,1,43,Camping & Hiking,San Diego,EE. UU.,847,Jerry Ferguson,Consumer,CA,1691 Easy Spring Swale,92102.0,7,Fan Shop,37.97107697,-121.7875137,Europe,Reus,España,2015-07-12,13184,54.0,0.180000007,32983,299.98,0.059999999,1,299.98,245.98,15.25,Southern Europe,Cataluña,Completed,957,Diamondback Women's Serene Classic Comfort Bi,299.98,2015-07-17,Standard Class,2015,7,July,3,12,Sunday,1,Delayed,2015,July,7,Low Profit,Medium
27236,Debit,2,1,-5.81,232.5,Late Delivery,1,24,Women's Apparel,Caguas,Puerto Rico,1805,Mary Porter,Corporate,PR,4088 Stony Vista,725.0,5,Golf,18.25730896,-66.37063599,Usa,Long Beach,Estados Unidos,2016-08-16,40664,17.5,0.07,101460,50.0,-0.029999999,5,250.0,232.5,-5.81,East of USA,Nueva York,Completed,502,Nike Men's Dri-FIT Victory Golf Polo,50.0,2016-08-18,First Class,2016,8,August,3,16,Tuesday,1,Delayed,2016,August,8,Loss,Low
54321,Debit,1,0,50.96,181.99,Late Delivery,1,48,Water Sports,Freeport,EE. UU.,4704,Henry James,Consumer,NY,8344 Misty Gate Acres,11520.0,7,Fan Shop,40.65486527,-73.58707428,Europe,Pontault-Combault,Francia,2017-06-20,61778,18.0,0.090000004,154430,199.99,0.280000001,1,199.99,181.99,50.96,Western Europe,Isla de Francia,Completed,1073,Pelican Sunstream 100 Kayak,199.99,2017-06-21,Same Day,2017,6,June,2,20,Tuesday,1,Delayed,2017,June,6,Low Profit,Medium
25220,Debit,2,1,14.19,43.67,Late Delivery,1,37,Electronics,Mentor,EE. UU.,1103,Mary Smith,Corporate,OH,5808 Silver Rise Circuit,44060.0,6,Outdoors,41.71363831,-81.36167908,Usa,Oshawa,Canada,2016-09-07,42149,4.32,0.090000004,105252,47.99,0.330000013,1,47.99,43.67,14.19,Canada,Ontario,Completed,818,Titleist Pro V1x Golf Balls,47.99,2016-09-09,First Class,2016,9,September,3,7,Wednesday,1,Delayed,2016,September,9,Low Profit,Low
148949,Debit,4,4,118.99,339.98,Shipping On Time,0,45,Fishing,Caguas,Puerto Rico,11423,Gary Blair,Home Office,PR,6231 Silver Lookout,725.0,7,Fan Shop,18.26155663,-66.37051392,Latin America,La Romana,República Dominicana,2015-02-04,2358,60.0,0.150000006,5906,399.98,0.349999994,1,399.98,339.98,118.99,Caribbean,La Romana,Completed,1004,Field & Stream Sportsman 16 Gun Fire Safe,399.98,2015-02-08,Standard Class,2015,2,February,1,4,Wednesday,0,On Time/Early,2015,February,2,Medium Profit,Medium
99670,Debit,2,1,68.37,142.44,Late Delivery,1,46,Indoor/Outdoor Games,San Diego,EE. UU.,11444,Kathleen Patrick,Corporate,CA,7016 Rocky Path,92109.0,7,Fan Shop,32.76118851,-117.2454453,Usa,Seattle,Estados Unidos,2016-07-28,39387,7.5,0.050000001,98337,49.98,0.479999989,3,149.94,142.44,68.37,West of USA ,Washington,Completed,1014,O'Brien Men's Neoprene Life Vest,49.98,2016-07-30,First Class,2016,7,July,3,28,Thursday,1,Delayed,2016,July,7,Low Profit,Low
19492,Payment,2,1,15.0,120.0,Late Delivery,1,26,Girls' Apparel,Germantown,EE. UU.,3800,Shawn Smith,Consumer,MD,5985 Silent Leaf Vale,20874.0,5,Golf,39.1836586,-77.26545715,Latin America,Managua,Nicaragua,2015-05-24,9802,0.0,0.0,24476,30.0,0.129999995,4,120.0,120.0,15.0,Central America,Managua,Pending_Payment,564,Nike Men's Deutschland Weltmeister Winners Bl,30.0,2015-05-26,First Class,2015,5,May,2,24,Sunday,1,Delayed,2015,May,5,Low Profit,Low
137811,Payment,3,4,57.8,339.98,Advance Shipping,0,45,Fishing,Houston,EE. UU.,10822,Mary Chase,Corporate,TX,6676 Grand Vista,77080.0,7,Fan Shop,29.82674599,-95.51173401,Latin America,Goiânia,Brasil,2017-05-06,58662,60.0,0.150000006,146830,399.98,0.170000002,1,399.98,339.98,57.8,South America,Goiás,Pending_Payment,1004,Field & Stream Sportsman 16 Gun Fire Safe,399.98,2017-05-09,Standard Class,2017,5,May,2,6,Saturday,-1,On Time/Early,2017,May,5,Low Profit,Medium
137651,Payment,3,2,0.0,331.98,Late Delivery,1,45,Fishing,Caguas,Puerto Rico,5615,Albert Smith,Corporate,PR,65 Stony Concession,725.0,7,Fan Shop,18.24758339,-66.37055206,Latin America,Monterrey,México,2017-05-15,59307,68.0,0.170000002,148465,399.98,0.0,1,399.98,331.98,0.0,Central America,Nuevo León,Pending_Payment,1004,Field & Stream Sportsman 16 Gun Fire Safe,399.98,2017-05-18,Second Class,2017,5,May,2,15,Monday,1,Delayed,2017,May,5,Low Profit,Medium
83958,Debit,2,4,36.03,106.59,Advance Shipping,0,18,Men's Footwear,Columbus,EE. UU.,7639,Hannah Wilson,Consumer,OH,5012 Crystal Spring Glade,43228.0,4,Apparel,39.93561935,-83.13851166,Latin America,Sonsonate,El Salvador,2017-03-29,56101,23.4,0.180000007,140298,129.99,0.340000004,1,129.99,106.59,36.03,Central America,Sonsonate,Completed,403,Nike Men's CJ Elite 2 TD Football Cleat,129.99,2017-03-31,Standard Class,2017,3,March,1,29,Wednesday,-2,On Time/Early,2017,March,3,Low Profit,Medium
6382,Payment,2,4,21.59,71.98,Advance Shipping,0,29,Shop By Sport,Caguas,Puerto Rico,1171,Mary Smith,Home Office,PR,5509 Golden Sky Towers,725.0,5,Golf,18.23311997,-66.37055206,Africa,Stellenbosch,SudAfrica,2016-10-03,43976,8.0,0.100000001,109841,39.99,0.300000012,2,79.98,71.98,21.59,Southern Africa,Cabo Occidental,Pending_Payment,627,Under Armour Girls' Toddler Spine Surge Runni,39.99,2016-10-05,Standard Class,2016,10,October,4,3,Monday,-2,On Time/Early,2016,October,10,Low Profit,Low
84941,Transfer,2,4,33.93,113.09,Shipping Cancelled,0,18,Men's Footwear,York,EE. UU.,5804,Mary Burns,Corporate,PA,560 Sleepy Gate,17404.0,4,Apparel,39.96332169,-76.74804688,Europe,Edinburgh,Reino Unido,2015-08-18,15716,16.9,0.129999995,39300,129.99,0.300000012,1,129.99,113.09,33.93,Northern Europe,Escocia,Cancelled,403,Nike Men's CJ Elite 2 TD Football Cleat,129.99,2015-08-20,Standard Class,2015,8,August,3,18,Tuesday,-2,On Time/Early,2015,August,8,Low Profit,Medium
132899,Transfer,6,4,58.7,130.45,Late Delivery,1,46,Indoor/Outdoor Games,Milford,EE. UU.,4765,Mary Sweeney,Consumer,CT,7570 Iron Fawn Square,6460.0,7,Fan Shop,41.1966362,-73.08577728,Pacific Asia,Palembang,Indonesia,2015-12-23,24425,19.49,0.129999995,61106,49.98,0.449999988,3,149.94,130.45,58.7,Southeast Asia,Sumatra Meridional,Pending,1014,O'Brien Men's Neoprene Life Vest,49.98,2015-12-29,Standard Class,2015,12,December,4,23,Wednesday,2,Delayed,2015,December,12,Low Profit,Low
178319,Payment,5,4,24.37,74.97,Late Delivery,1,46,Indoor/Outdoor Games,Wichita,EE. UU.,2865,Carol Ware,Consumer,KS,5593 Red Byway,67212.0,7,Fan Shop,37.69120026,-97.42577362,Latin America,Maceió,Brasil,2015-05-10,8839,24.99,0.25,22078,49.98,0.330000013,2,99.96,74.97,24.37,South America,Alagoas,Pending_Payment,1014,O'Brien Men's Neoprene Life Vest,49.98,2015-05-15,Standard Class,2015,5,May,2,10,Sunday,1,Delayed,2015,May,5,Low Profit,Low
138322,Debit,2,4,87.12,395.98,Advance Shipping,0,45,Fishing,Riverside,EE. UU.,2335,Harold Howell,Corporate,CA,6595 Shady Concession,92507.0,7,Fan Shop,33.94644165,-117.3894348,Latin America,Tegucigalpa,Honduras,2017-04-07,56666,4.0,0.01,141714,399.98,0.219999999,1,399.98,395.98,87.12,Central America,Francisco Morazán,Completed,1004,Field & Stream Sportsman 16 Gun Fire Safe,399.98,2017-04-09,Standard Class,2017,4,April,2,7,Friday,-2,On Time/Early,2017,April,4,Low Profit,Medium
82988,Debit,2,4,17.01,269.98,Advance Shipping,0,43,Camping & Hiking,Lombard,EE. UU.,9476,Linda Hoffman,Consumer,IL,8416 Foggy Dale,60148.0,7,Fan Shop,41.84544373,-88.0118866,Europe,Coimbra,Portugal,2017-09-19,68001,30.0,0.100000001,170006,299.98,0.059999999,1,299.98,269.98,17.01,Southern Europe,Coimbra,Completed,957,Diamondback Women's Serene Classic Comfort Bi,299.98,2017-09-21,Standard Class,2017,9,September,3,19,Tuesday,-2,On Time/Early,2017,September,9,Low Profit,Medium
168219,Payment,3,4,63.75,212.5,Advance Shipping,0,24,Women's Apparel,Chicago,EE. UU.,11711,Mary Park,Home Office,IL,1811 Harvest Deer Cove,60619.0,5,Golf,41.89569092,-87.67263794,Europe,Boulogne-Billancourt,Francia,2015-10-02,18807,37.5,0.150000006,47031,50.0,0.300000012,5,250.0,212.5,63.75,Western Europe,Isla de Francia,Pending_Payment,502,Nike Men's Dri-FIT Victory Golf Polo,50.0,2015-10-05,Standard Class,2015,10,October,4,2,Friday,-1,On Time/Early,2015,October,10,Low Profit,Low
104230,Payment,6,2,28.7,163.99,Late Delivery,1,48,Water Sports,Caguas,Puerto Rico,6240,Virginia Elliott,Corporate,PR,5735 Quaking Cider Highway,725.0,7,Fan Shop,18.25461388,-66.37063599,Europe,Chartres,Francia,2015-07-21,13800,36.0,0.180000007,34566,199.99,0.180000007,1,199.99,163.99,28.7,Western Europe,Centro-Valle de Loira,Payment_Review,1073,Pelican Sunstream 100 Kayak,199.99,2015-07-27,Second Class,2015,7,July,3,21,Tuesday,4,Delayed,2015,July,7,Low Profit,Medium
18498,Cash,4,2,33.21,123.0,Late Delivery,1,26,Girls' Apparel,La Crosse,EE. UU.,2070,Mary Smith,Corporate,WI,5438 Misty Valley,54601.0,5,Golf,43.8122406,-91.24485779,Usa,Concord,Estados Unidos,2016-06-22,36893,27.0,0.180000007,92069,30.0,0.270000011,5,150.0,123.0,33.21,East of USA,Nuevo Hampshire,Closed,564,Nike Men's Deutschland Weltmeister Winners Bl,30.0,2016-06-26,Second Class,2016,6,June,2,22,Wednesday,2,Delayed,2016,June,6,Low Profit,Low
154312,Payment,6,4,42.29,89.98,Late Delivery,1,13,Electronics,Caguas,Puerto Rico,10477,Mary Holder,Consumer,PR,7649 Noble Wynd,725.0,3,Footwear,18.28735924,-66.37055969,Latin America,Hermosillo,México,2017-02-24,53805,0.0,0.0,134514,44.99,0.469999999,2,89.98,89.98,42.29,Central America,Sonora,Pending_Payment,278,Under Armour Men's Compression EV SL Slide,44.99,2017-03-02,Standard Class,2017,2,February,1,24,Friday,2,Delayed,2017,March,3,Low Profit,Low
126777,Payment,4,4,105.83,377.98,Shipping On Time,0,45,Fishing,Caguas,Puerto Rico,3677,Sandra Edwards,Consumer,PR,7762 Rocky Carrefour,725.0,7,Fan Shop,18.23838806,-66.37052918,Europe,Le Mans,Francia,2015-10-19,19953,22.0,0.059999999,49875,399.98,0.280000001,1,399.98,377.98,105.83,Western Europe,Países del Loira,Pending_Payment,1004,Field & Stream Sportsman 16 Gun Fire Safe,399.98,2015-10-23,Standard Class,2015,10,October,4,19,Monday,0,On Time/Early,2015,October,10,Medium Profit,Medium
24436,Cash,6,4,18.38,245.0,Late Delivery,1,24,Women's Apparel,New York,EE. UU.,5072,Jacob Smith,Corporate,NY,5078 Bright Park,10009.0,5,Golf,40.72668076,-73.97971344,Latin America,Tegucigalpa,Honduras,2015-03-09,4605,5.0,0.02,11551,50.0,0.079999998,5,250.0,245.0,18.38,Central America,Francisco Morazán,Closed,502,Nike Men's Dri-FIT Victory Golf Polo,50.0,2015-03-15,Standard Class,2015,3,March,1,9,Monday,2,Delayed,2015,March,3,Low Profit,Low
52880,Debit,3,2,53.21,169.99,Late Delivery,1,48,Water Sports,Caguas,Puerto Rico,1512,Mary Rowe,Corporate,PR,2924 Velvet Dale Corners,725.0,7,Fan Shop,18.23362732,-66.37055969,Europe,Viena,Austria,2017-09-19,67997,30.0,0.150000006,169994,199.99,0.310000002,1,199.99,169.99,53.21,Western Europe,Viena,Completed,1073,Pelican Sunstream 100 Kayak,199.99,2017-09-22,Second Class,2017,9,September,3,19,Tuesday,1,Delayed,2017,September,9,Low Profit,Medium
96671,Debit,2,1,19.58,87.0,Late Delivery,1,24,Women's Apparel,San Francisco,EE. UU.,11877,Jeffrey Krueger,Home Office,CA,7778 Silver Turnabout,94122.0,5,Golf,37.75547028,-122.4765244,Africa,Maputo,Mozambique,2017-01-08,50600,13.0,0.129999995,126455,50.0,0.230000004,2,100.0,87.0,19.58,East Africa,Cidade De Maputo,Completed,502,Nike Men's Dri-FIT Victory Golf Polo,50.0,2017-01-10,First Class,2017,1,January,1,8,Sunday,1,Delayed,2017,January,1,Low Profit,Low
151106,Debit,3,2,57.12,335.98,Late Delivery,1,45,Fishing,Princeton,EE. UU.,11875,Joseph Stevens,Consumer,NJ,8005 Umber Crossing,8540.0,7,Fan Shop,40.3516655,-74.64704132,Usa,Seattle,Estados Unidos,2016-08-09,40167,64.0,0.159999996,100238,399.98,0.170000002,1,399.98,335.98,57.12,West of USA ,Washington,Completed,1004,Field & Stream Sportsman 16 Gun Fire Safe,399.98,2016-08-12,Second Class,2016,8,August,3,9,Tuesday,1,Delayed,2016,August,8,Low Profit,Medium
28529,Payment,2,1,20.59,79.18,Late Delivery,1,29,Shop By Sport,Mission,EE. UU.,10692,Sharon Smith,Corporate,TX,8187 Velvet End,78572.0,5,Golf,26.20765114,-98.32138062,Europe,Sant Boi de Llobregat,España,2015-08-12,15296,0.8,0.01,38254,39.99,0.25999999,2,79.98,79.18,20.59,Southern Europe,Cataluña,Pending_Payment,627,Under Armour Girls' Toddler Spine Surge Runni,39.99,2015-08-14,First Class,2015,8,August,3,12,Wednesday,1,Delayed,2015,August,8,Low Profit,Low
74359,Transfer,5,4,58.1,165.99,Late Delivery,1,48,Water Sports,San Marcos,EE. UU.,583,Mary Wright,Consumer,TX,9847 Wishing Ledge,78666.0,7,Fan Shop,29.88676834,-97.93968964,Pacific Asia,Estambul,Turquía,2016-10-02,43859,34.0,0.170000002,109542,199.99,0.349999994,1,199.99,165.99,58.1,West Asia,Estambul,Pending,1073,Pelican Sunstream 100 Kayak,199.99,2016-10-07,Standard Class,2016,10,October,4,2,Sunday,1,Delayed,2016,October,10,Low Profit,Medium
99117,Payment,4,4,-5.25,41.98,Shipping On Time,0,46,Indoor/Outdoor Games,Virginia Beach,EE. UU.,1775,Sharon Hernandez,Consumer,VA,4581 Umber Lake Pathway,23464.0,7,Fan Shop,36.80849838,-76.20897675,Pacific Asia,Kerman,Irán,2016-08-28,41448,8.0,0.159999996,103451,49.98,-0.129999995,1,49.98,41.98,-5.25,South Asia,Kerman,Pending_Payment,1014,O'Brien Men's Neoprene Life Vest,49.98,2016-09-01,Standard Class,2016,8,August,3,28,Sunday,0,On Time/Early,2016,September,9,Loss,Low
107119,Payment,2,1,-100.01,149.94,Late Delivery,1,46,Indoor/Outdoor Games,Caguas,Puerto Rico,4415,Samuel Mitchell,Home Office,PR,9135 Green Island Moor,725.0,7,Fan Shop,18.20114327,-66.37060547,Latin America,San Andrés Tuxtla,México,2017-03-10,54745,49.98,0.25,136913,49.98,-0.670000017,4,199.92,149.94,-100.01,Central America,Veracruz,Pending_Payment,1014,O'Brien Men's Neoprene Life Vest,49.98,2017-03-12,First Class,2017,3,March,1,10,Friday,1,Delayed,2017,March,3,Loss,Low
125148,Payment,2,2,43.72,230.12,Shipping On Time,0,65,Consumer Electronics,San Juan,Puerto Rico,14514,Ima Bradley,Consumer,PR,1655 Sleepy Pine Common,921.0,10,Technology,18.38596916,-66.0940094,Europe,Laon,Francia,2017-11-01,70961,22.76,0.090000004,174276,252.88,0.189999998,1,252.88,230.12,43.72,Western Europe,Norte-Paso de Calais-Picardía,Pending_Payment,1352,Industrial consumer electronics,252.88,2017-11-03,Second Class,2017,11,November,4,1,Wednesday,0,On Time/Early,2017,November,11,Low Profit,Medium
102564,Debit,4,4,66.5,189.99,Shipping On Time,0,48,Water Sports,Hollister,EE. UU.,3236,Mary Smith,Consumer,CA,2867 Heather Carrefour,95023.0,7,Fan Shop,36.82347107,-121.377739,Pacific Asia,Chenzhou,China,2015-11-07,21258,10.0,0.050000001,53169,199.99,0.349999994,1,199.99,189.99,66.5,Eastern Asia,Hunan,Completed,1073,Pelican Sunstream 100 Kayak,199.99,2015-11-11,Standard Class,2015,11,November,4,7,Saturday,0,On Time/Early,2015,November,11,Low Profit,Medium
66725,Debit,5,4,30.21,107.89,Late Delivery,1,18,Men's Footwear,Caguas,Puerto Rico,2860,George Smith,Corporate,PR,8609 Grand Harbour,725.0,4,Apparel,18.25045776,-66.3705368,Usa,Pasadena,Estados Unidos,2016-04-23,32759,22.1,0.170000002,81941,129.99,0.280000001,1,129.99,107.89,30.21,US Center ,Texas,Completed,403,Nike Men's CJ Elite 2 TD Football Cleat,129.99,2016-04-28,Standard Class,2016,4,April,2,23,Saturday,1,Delayed,2016,April,4,Low Profit,Medium
7323,Debit,5,2,-2.52,100.78,Late Delivery,1,17,Cleats,Caguas,Puerto Rico,1339,Melissa Mack,Consumer,PR,9447 Dusty Gate Centre,725.0,4,Apparel,18.27825165,-66.37059784,Usa,Houston,Estados Unidos,2016-06-30,37464,19.2,0.159999996,93506,59.99,-0.029999999,2,119.98,100.78,-2.52,US Center ,Texas,Completed,365,Perfect Fitness Perfect Rip Deck,59.99,2016-07-05,Second Class,2016,6,June,2,30,Thursday,3,Delayed,2016,July,7,Loss,Low
103557,Payment,2,1,59.15,181.99,Late Delivery,1,48,Water Sports,Huntington Beach,EE. UU.,11382,Richard Gordon,Corporate,CA,7681 Quaking Pines,92647.0,7,Fan Shop,33.70994186,-117.9904709,Europe,Narbonne,Francia,2015-09-02,16747,18.0,0.090000004,41850,199.99,0.330000013,1,199.99,181.99,59.15,Western Europe,Languedoc-Rosellón-Mediodía-Pirineos,Pending_Payment,1073,Pelican Sunstream 100 Kayak,199.99,2015-09-04,First Class,2015,9,September,3,2,Wednesday,1,Delayed,2015,September,9,Low Profit,Medium
93921,Debit,2,4,-5.56,97.49,Advance Shipping,0,18,Men's Footwear,West Lafayette,EE. UU.,10462,Carolyn Smith,Consumer,IN,1020 Stony Loop,47906.0,4,Apparel,40.41675949,-87.09310913,Pacific Asia,Brisbane,Australia,2015-12-09,23486,32.5,0.25,58761,129.99,-0.059999999,1,129.99,97.49,-5.56,Oceania,Queensland,Completed,403,Nike Men's CJ Elite 2 TD Football Cleat,129.99,2015-12-11,Standard Class,2015,12,December,4,9,Wednesday,-2,On Time/Early,2015,December,12,Loss,Medium
10436,Transfer,2,4,174.98,499.95,Shipping Cancelled,0,9,Cardio Equipment,Cumberland,EE. UU.,3957,Thomas Smith,Corporate,MD,1110 Merry Trace,21502.0,3,Footwear,39.63815308,-78.82398987,Europe,Dijon,Francia,2015-09-01,16656,0.0,0.0,41615,99.99,0.349999994,5,499.95,499.95,174.98,Western Europe,Borgoña-Franco Condado,Suspected_Fraud,191,Nike Men's Free 5.0+ Running Shoe,99.99,2015-09-03,Standard Class,2015,9,September,3,1,Tuesday,-2,On Time/Early,2015,September,9,Medium Profit,Low
132186,Transfer,2,1,4.8,95.96,Late Delivery,1,46,Indoor/Outdoor Games,Caguas,Puerto Rico,4490,Elizabeth Smith,Consumer,PR,6317 Golden Bear Dell,725.0,7,Fan Shop,18.20479202,-66.37050629,Pacific Asia,Gladstone,Australia,2016-01-27,26836,4.0,0.039999999,67245,49.98,0.050000001,2,99.96,95.96,4.8,Oceania,Queensland,Pending,1014,O'Brien Men's Neoprene Life Vest,49.98,2016-01-29,First Class,2016,1,January,1,27,Wednesday,1,Delayed,2016,January,1,Low Profit,Low
5820,Cash,2,1,9.38,106.59,Late Delivery,1,18,Men's Footwear,Albuquerque,EE. UU.,3923,Mary King,Consumer,NM,4435 Silent Bear Road,87111.0,4,Apparel,35.13623428,-106.5444183,Europe,Milan,Italia,2015-08-09,15122,23.4,0.180000007,37828,129.99,0.090000004,1,129.99,106.59,9.38,Southern Europe,Lombardía,Closed,403,Nike Men's CJ Elite 2 TD Football Cleat,129.99,2015-08-11,First Class,2015,8,August,3,9,Sunday,1,Delayed,2015,August,8,Low Profit,Medium
31221,Transfer,3,4,-499.12,191.97,Advance Shipping,0,17,Cleats,Caguas,Puerto Rico,6683,Zachary Reyes,Home Office,PR,409 Middle Grove,725.0,4,Apparel,18.27610397,-66.37054443,Usa,Columbia,Estados Unidos,2016-06-30,37472,47.99,0.200000003,93522,59.99,-2.599999905,4,239.96,191.97,-499.12,South of  USA ,Carolina del Sur,Pending,365,Perfect Fitness Perfect Rip Deck,59.99,2016-07-03,Standard Class,2016,6,June,2,30,Thursday,-1,On Time/Early,2016,July,7,Loss,Low
111238,Debit,2,1,3.37,90.96,Late Delivery,1,46,Indoor/Outdoor Games,Lake Forest,EE. UU.,1317,Robert Smith,Consumer,CA,8398 Cinder Brook Cape,92630.0,7,Fan Shop,38.55272675,-121.3966217,Europe,Gómel,Bielorrusia,2017-01-07,50526,9.0,0.090000004,126251,49.98,0.039999999,2,99.96,90.96,3.37,Eastern Europe,Gómel,Completed,1014,O'Brien Men's Neoprene Life Vest,49.98,2017-01-09,First Class,2017,1,January,1,7,Saturday,1,Delayed,2017,January,1,Low Profit,Low
48681,Debit,5,2,10.69,22.75,Late Delivery,1,26,Girls' Apparel,Salina,EE. UU.,3411,Mary Lester,Corporate,KS,7773 Burning Village,67401.0,5,Golf,38.83726883,-97.6128006,Latin America,Puerto Padre,Cuba,2015-05-03,8364,2.25,0.090000004,20895,25.0,0.469999999,1,25.0,22.75,10.69,Caribbean,Las Tunas,Completed,567,adidas Men's Germany Black Crest Away Tee,25.0,2015-05-08,Second Class,2015,5,May,2,3,Sunday,3,Delayed,2015,May,5,Low Profit,Low
160397,Transfer,2,4,7.21,240.24,Advance Shipping,0,65,Consumer Electronics,Caguas,Puerto Rico,18204,Veronica Lowery,Consumer,PR,9391 Old Branch Court,725.0,10,Technology,18.28260613,-66.03705597,Pacific Asia,Gold Coast,Australia,2017-12-25,74651,12.64,0.050000001,177966,252.88,0.029999999,1,252.88,240.24,7.21,Oceania,Queensland,Processing,1352,Industrial consumer electronics,252.88,2017-12-27,Standard Class,2017,12,December,4,25,Monday,-2,On Time/Early,2017,December,12,Low Profit,Medium
52392,Debit,6,4,1.41,8.66,Late Delivery,1,74,Toys,Caguas,Puerto Rico,19523,Constance Schneider,Consumer,PR,1564 Grand Bear Green,725.0,7,Fan Shop,18.20144081,-66.0370636,Pacific Asia,Brisbane,Australia,2018-01-13,75970,2.89,0.25,179285,11.54,0.159999996,1,11.54,8.66,1.41,Oceania,Queensland,On_Hold,1361,Toys ,11.54,2018-01-19,Standard Class,2018,1,January,1,13,Saturday,2,Delayed,2018,January,1,Low Profit,Low
27520,Debit,5,4,2.88,287.95,Late Delivery,1,17,Cleats,Parkville,EE. UU.,9496,Mary Taylor,Corporate,MD,7342 Golden Cider Concession,21234.0,4,Apparel,39.37016296,-76.54606628,Europe,Porto,Portugal,2015-08-08,15004,12.0,0.039999999,37579,59.99,0.01,5,299.95,287.95,2.88,Southern Europe,Porto,Completed,365,Perfect Fitness Perfect Rip Deck,59.99,2015-08-13,Standard Class,2015,8,August,3,8,Saturday,1,Delayed,2015,August,8,Low Profit,Low
173745,Cash,5,4,58.03,120.89,Late Delivery,1,18,Men's Footwear,Caguas,Puerto Rico,3870,Willie Smith,Consumer,PR,4948 Middle Orchard,725.0,4,Apparel,18.22532845,-66.37052155,Latin America,Chinandega,Nicaragua,2015-02-26,3869,9.1,0.07,9628,129.99,0.479999989,1,129.99,120.89,58.03,Central America,Chinandega,Closed,403,Nike Men's CJ Elite 2 TD Football Cleat,129.99,2015-03-03,Standard Class,2015,2,February,1,26,Thursday,1,Delayed,2015,March,3,Low Profit,Medium
145769,Transfer,2,4,118.79,395.98,Advance Shipping,0,45,Fishing,Caguas,Puerto Rico,6633,Roger Gonzales,Consumer,PR,79 Round Gate Vale,725.0,7,Fan Shop,18.27119255,-66.37062073,Africa,Luanda,Angola,2016-12-29,49896,4.0,0.01,124766,399.98,0.300000012,1,399.98,395.98,118.79,Central Africa,Luanda,Pending,1004,Field & Stream Sportsman 16 Gun Fire Safe,399.98,2016-12-31,Standard Class,2016,12,December,4,29,Thursday,-2,On Time/Early,2016,December,12,Medium Profit,Medium
109402,Payment,4,4,128.32,409.96,Shipping On Time,0,9,Cardio Equipment,Chicago,EE. UU.,7571,Amber Booth,Consumer,IL,7475 Noble Fawn Parkway,60626.0,3,Footwear,42.0063591,-87.66739655,Pacific Asia,Seúl,Corea del Sur,2015-12-30,24903,89.99,0.180000007,62399,99.99,0.310000002,5,499.95,409.96,128.32,Eastern Asia,Seúl,Pending_Payment,191,Nike Men's Free 5.0+ Running Shoe,99.99,2016-01-03,Standard Class,2015,12,December,4,30,Wednesday,0,On Time/Early,2016,January,1,Medium Profit,Low
49873,Debit,3,2,111.13,284.95,Late Delivery,1,17,Cleats,Brandon,EE. UU.,8886,Aaron Deleon,Corporate,FL,586 Silver Branch Ledge,33511.0,4,Apparel,27.92330551,-82.30249023,Africa,Yaounde,Camerún,2016-08-25,41292,15.0,0.050000001,103076,59.99,0.389999986,5,299.95,284.95,111.13,Central Africa,Centro,Completed,365,Perfect Fitness Perfect Rip Deck,59.99,2016-08-28,Second Class,2016,8,August,3,25,Thursday,1,Delayed,2016,August,8,Medium Profit,Low
171059,Transfer,3,4,30.51,269.98,Advance Shipping,0,43,Camping & Hiking,New York,EE. UU.,1645,Mary Rivera,Home Office,NY,4061 Rocky Circle,10009.0,7,Fan Shop,40.72668076,-73.97971344,Usa,Miami,Estados Unidos,2016-05-04,33567,30.0,0.100000001,83791,299.98,0.109999999,1,299.98,269.98,30.51,South of  USA ,Florida,Pending,957,Diamondback Women's Serene Classic Comfort Bi,299.98,2016-05-07,Standard Class,2016,5,May,2,4,Wednesday,-1,On Time/Early,2016,May,5,Low Profit,Medium
96531,Debit,2,1,-39.0,97.49,Late Delivery,1,18,Men's Footwear,York,EE. UU.,3950,John Duffy,Home Office,PA,1056 Cotton Run,17402.0,4,Apparel,39.95331574,-76.64919281,Pacific Asia,Perth,Australia,2016-01-14,25898,32.5,0.25,64822,129.99,-0.400000006,1,129.99,97.49,-39.0,Oceania,Australia Occidental,Completed,403,Nike Men's CJ Elite 2 TD Football Cleat,129.99,2016-01-16,First Class,2016,1,January,1,14,Thursday,1,Delayed,2016,January,1,Loss,Medium
24277,Cash,3,4,-7.92,395.96,Advance Shipping,0,9,Cardio Equipment,Los Angeles,EE. UU.,2831,Mary Padilla,Corporate,CA,3810 Crystal Plaza,90063.0,3,Footwear,34.04621506,-118.1860352,Pacific Asia,Geraldton,Australia,2016-01-24,26582,4.0,0.01,66558,99.99,-0.02,4,399.96,395.96,-7.92,Oceania,Australia Occidental,Closed,191,Nike Men's Free 5.0+ Running Shoe,99.99,2016-01-27,Standard Class,2016,1,January,1,24,Sunday,-1,On Time/Early,2016,January,1,Loss,Low
84625,Transfer,4,2,79.27,218.36,Late Delivery,1,17,Cleats,Hialeah,EE. UU.,161,Mary Smith,Corporate,FL,6889 Pleasant Mount,33010.0,4,Apparel,25.81123352,-80.26307678,Pacific Asia,Jizzakh,Uzbekistán,2017-01-17,51233,21.6,0.090000004,128029,59.99,0.360000014,4,239.96,218.36,79.27,Central Asia,Jizzakh,Processing,365,Perfect Fitness Perfect Rip Deck,59.99,2017-01-21,Second Class,2017,1,January,1,17,Tuesday,2,Delayed,2017,January,1,Low Profit,Low
127363,Payment,5,4,15.87,251.98,Late Delivery,1,43,Camping & Hiking,Caguas,Puerto Rico,3661,Mary Jones,Consumer,PR,5961 Hidden Village,725.0,7,Fan Shop,18.24661064,-66.37063599,Latin America,Colón,Panamá,2017-02-20,53509,48.0,0.159999996,133716,299.98,0.059999999,1,299.98,251.98,15.87,Central America,Colón,Pending_Payment,957,Diamondback Women's Serene Classic Comfort Bi,299.98,2017-02-25,Standard Class,2017,2,February,1,20,Monday,1,Delayed,2017,February,2,Low Profit,Medium
73581,Payment,2,1,-4.4,175.99,Late Delivery,1,48,Water Sports,Fayetteville,EE. UU.,1911,Mary Smith,Corporate,NC,4601 Dewy Creek Concession,28314.0,7,Fan Shop,35.06275177,-79.00574493,Pacific Asia,Gaziantep,Turquía,2016-11-21,47295,24.0,0.119999997,118239,199.99,-0.029999999,1,199.99,175.99,-4.4,West Asia,Gaziantep,Pending_Payment,1073,Pelican Sunstream 100 Kayak,199.99,2016-11-23,First Class,2016,11,November,4,21,Monday,1,Delayed,2016,November,11,Loss,Medium
70154,Payment,6,4,124.18,269.96,Late Delivery,1,17,Cleats,Fort Worth,EE. UU.,1782,Robert Smith,Corporate,TX,2966 Old Pathway,76106.0,4,Apparel,32.8013916,-97.3302536,Pacific Asia,Naihati,India,2016-03-16,30200,30.0,0.100000001,75468,59.99,0.460000008,5,299.95,269.96,124.18,South Asia,Bengala Occidental,Pending_Payment,365,Perfect Fitness Perfect Rip Deck,59.99,2016-03-22,Standard Class,2016,3,March,1,16,Wednesday,2,Delayed,2016,March,3,Medium Profit,Low
60141,Debit,2,4,34.32,114.39,Advance Shipping,0,18,Men's Footwear,Fremont,EE. UU.,5790,Mary Young,Corporate,CA,4174 Dewy Pioneer Court,94536.0,4,Apparel,37.55712128,-121.9916382,Latin America,Santiago de Cuba,Cuba,2015-02-16,3166,15.6,0.119999997,7875,129.99,0.300000012,1,129.99,114.39,34.32,Caribbean,Santiago de Cuba,Completed,403,Nike Men's CJ Elite 2 TD Football Cleat,129.99,2015-02-18,Standard Class,2015,2,February,1,16,Monday,-2,On Time/Early,2015,February,2,Low Profit,Medium
169317,Transfer,3,2,57.4,124.79,Late Delivery,1,18,Men's Footwear,Roseville,EE. UU.,7575,Mary Romero,Home Office,MI,6072 Heather Landing,48066.0,4,Apparel,42.4993248,-82.93652344,Latin America,Cumaná,Venezuela,2015-01-31,2087,5.2,0.039999999,5220,129.99,0.460000008,1,129.99,124.79,57.4,South America,Sucre,Pending,403,Nike Men's CJ Elite 2 TD Football Cleat,129.99,2015-02-03,Second Class,2015,1,January,1,31,Saturday,1,Delayed,2015,February,2,Low Profit,Medium
145054,Payment,6,4,22.87,87.96,Late Delivery,1,46,Indoor/Outdoor Games,Greenville,EE. UU.,6393,Mary Smith,Consumer,NC,1109 Rustic Ridge,27834.0,7,Fan Shop,35.80388641,-77.47067261,Europe,Bremen,Alemania,2015-06-23,11920,12.0,0.119999997,29787,49.98,0.25999999,2,99.96,87.96,22.87,Western Europe,Bremen,Pending_Payment,1014,O'Brien Men's Neoprene Life Vest,49.98,2015-06-29,Standard Class,2015,6,June,2,23,Tuesday,2,Delayed,2015,June,6,Low Profit,Low
69725,Payment,6,4,32.88,184.7,Late Delivery,1,12,Boxing & MMA,Cupertino,EE. UU.,5999,Randy Smith,Corporate,CA,9174 Umber Robin Knoll,95014.0,3,Footwear,38.41194153,-121.358139,Pacific Asia,Kasugai,Japón,2015-11-20,22135,35.18,0.159999996,55404,54.97,0.180000007,4,219.88,184.7,32.88,Eastern Asia,Aichi,Pending_Payment,249,Under Armour Women's Micro G Skulpt Running S,54.97,2015-11-26,Standard Class,2015,11,November,4,20,Friday,2,Delayed,2015,November,11,Low Profit,Low
5090,Transfer,4,4,22.37,198.0,Shipping On Time,0,24,Women's Apparel,Fort Worth,EE. UU.,3711,Jordan Palmer,Consumer,TX,3640 Easy Shadow Expressway,76116.0,5,Golf,32.73230743,-97.47290802,Pacific Asia,Semarang,Indonesia,2015-12-07,23303,2.0,0.01,58345,50.0,0.109999999,4,200.0,198.0,22.37,Southeast Asia,Java Central,Processing,502,Nike Men's Dri-FIT Victory Golf Polo,50.0,2015-12-11,Standard Class,2015,12,December,4,7,Monday,0,On Time/Early,2015,December,12,Low Profit,Low
147387,Debit,3,2,41.4,299.99,Late Delivery,1,45,Fishing,Saint Paul,EE. UU.,1930,Mary Hooper,Consumer,MN,8189 Clear Isle,55104.0,7,Fan Shop,44.96070862,-93.16983795,Africa,Kano,Nigeria,2016-09-27,43507,100.0,0.25,108672,399.98,0.140000001,1,399.98,299.99,41.4,West Africa,Kano,Completed,1004,Field & Stream Sportsman 16 Gun Fire Safe,399.98,2016-09-30,Second Class,2016,9,September,3,27,Tuesday,1,Delayed,2016,September,9,Low Profit,Medium
75219,Debit,3,4,63.88,175.99,Advance Shipping,0,48,Water Sports,La Crosse,EE. UU.,2685,Denise Smith,Consumer,WI,125 Easy Lake Close,54601.0,7,Fan Shop,43.8122406,-91.24485779,Usa,Chicago,Estados Unidos,2016-08-08,40097,24.0,0.119999997,100060,199.99,0.360000014,1,199.99,175.99,63.88,US Center ,Illinois,Completed,1073,Pelican Sunstream 100 Kayak,199.99,2016-08-11,Standard Class,2016,8,August,3,8,Monday,-1,On Time/Early,2016,August,8,Low Profit,Medium
143943,Transfer,2,4,27.29,83.97,Advance Shipping,0,46,Indoor/Outdoor Games,Caguas,Puerto Rico,9945,Mary Cameron,Home Office,PR,9673 Cotton Bluff Bank,725.0,7,Fan Shop,18.22630692,-66.37062073,Europe,Reggio nell'Emilia,Italia,2015-08-22,16011,15.99,0.159999996,40005,49.98,0.330000013,2,99.96,83.97,27.29,Southern Europe,Emilia-Romaña,Pending,1014,O'Brien Men's Neoprene Life Vest,49.98,2015-08-24,Standard Class,2015,8,August,3,22,Saturday,-2,On Time/Early,2015,August,8,Low Profit,Low
150513,Payment,2,1,12.93,114.39,Late Delivery,1,18,Men's Footwear,Caguas,Puerto Rico,11950,Daniel Harris,Home Office,PR,3151 Rustic River Line,725.0,4,Apparel,18.24241066,-66.37062836,Europe,Birmingham,Reino Unido,2015-07-15,13389,15.6,0.119999997,33536,129.99,0.109999999,1,129.99,114.39,12.93,Northern Europe,Inglaterra,Pending_Payment,403,Nike Men's CJ Elite 2 TD Football Cleat,129.99,2015-07-17,First Class,2015,7,July,3,15,Wednesday,1,Delayed,2015,July,7,Low Profit,Medium
158564,Transfer,4,2,20.69,235.16,Late Delivery,1,17,Cleats,Caguas,Puerto Rico,5703,Mary Chang,Consumer,PR,2757 Tawny View Swale,725.0,4,Apparel,18.21461105,-66.37059784,Latin America,La Ceiba,Honduras,2015-04-08,6658,4.8,0.02,16627,59.99,0.090000004,4,239.96,235.16,20.69,Central America,Atlántida,Pending,365,Perfect Fitness Perfect Rip Deck,59.99,2015-04-12,Second Class,2015,4,April,2,8,Wednesday,2,Delayed,2015,April,4,Low Profit,Low
42916,Debit,2,1,7.28,97.0,Late Delivery,1,24,Women's Apparel,Chino Hills,EE. UU.,9172,John Smith,Consumer,CA,1120 Clear Crossing,91709.0,5,Golf,34.0086174,-117.7501831,Latin America,Arapiraca,Brasil,2015-02-20,3474,3.0,0.029999999,8631,50.0,0.079999998,2,100.0,97.0,7.28,South America,Alagoas,On_Hold,502,Nike Men's Dri-FIT Victory Golf Polo,50.0,2015-02-22,First Class,2015,2,February,1,20,Friday,1,Delayed,2015,February,2,Low Profit,Low
162929,Debit,4,4,136.76,290.98,Shipping On Time,0,43,Camping & Hiking,Highland Park,EE. UU.,8069,Tiffany Mcdaniel,Home Office,MI,6496 Harvest Highlands,48203.0,7,Fan Shop,42.65964508,-83.4163971,Latin America,Surubim,Brasil,2017-06-14,61328,9.0,0.029999999,153429,299.98,0.469999999,1,299.98,290.98,136.76,South America,Pernambuco,Completed,957,Diamondback Women's Serene Classic Comfort Bi,299.98,2017-06-18,Standard Class,2017,6,June,2,14,Wednesday,0,On Time/Early,2017,June,6,Medium Profit,Medium
154289,Payment,3,4,12.52,40.0,Advance Shipping,0,26,Girls' Apparel,Caguas,Puerto Rico,8468,Joshua Conner,Consumer,PR,4480 Hidden Rabbit Link,725.0,5,Golf,18.21442604,-66.37063599,Europe,Sevastopol,Ucrania,2016-09-26,43462,10.0,0.200000003,108552,25.0,0.310000002,2,50.0,40.0,12.52,Eastern Europe,Sevastopol,Pending_Payment,567,adidas Men's Germany Black Crest Away Tee,25.0,2016-09-29,Standard Class,2016,9,September,3,26,Monday,-1,On Time/Early,2016,September,9,Low Profit,Low
141399,Debit,2,1,29.25,89.99,Late Delivery,1,17,Cleats,Caguas,Puerto Rico,931,Robert Smith,Home Office,PR,2211 Lazy Wharf,725.0,4,Apparel,18.24757958,-66.02531433,Africa,Ilorin,Nigeria,2016-11-11,46588,30.0,0.25,116436,59.99,0.330000013,2,119.98,89.99,29.25,West Africa,Kwara,Completed,365,Perfect Fitness Perfect Rip Deck,59.99,2016-11-13,First Class,2016,11,November,4,11,Friday,1,Delayed,2016,November,11,Low Profit,Low
138512,Debit,3,2,167.03,347.98,Late Delivery,1,45,Fishing,Fort Lauderdale,EE. UU.,2684,Mary Walter,Consumer,FL,2099 Honey Anchor Terrace,33313.0,7,Fan Shop,26.15128136,-80.21017456,Latin America,Orizaba,México,2017-03-27,55942,52.0,0.129999995,139874,399.98,0.479999989,1,399.98,347.98,167.03,Central America,Veracruz,Completed,1004,Field & Stream Sportsman 16 Gun Fire Safe,399.98,2017-03-30,Second Class,2017,3,March,1,27,Monday,1,Delayed,2017,March,3,Medium Profit,Medium
144729,Debit,2,4,58.48,149.94,Advance Shipping,0,46,Indoor/Outdoor Games,Gilroy,EE. UU.,3195,Mary Smith,Corporate,CA,2724 Harvest Point,95020.0,7,Fan Shop,37.00850678,-121.5172653,Europe,Livingston,Reino Unido,2015-07-10,13056,0.0,0.0,32661,49.98,0.389999986,3,149.94,149.94,58.48,Northern Europe,Escocia,Completed,1014,O'Brien Men's Neoprene Life Vest,49.98,2015-07-12,Standard Class,2015,7,July,3,10,Friday,-2,On Time/Early,2015,July,7,Low Profit,Low
102086,Transfer,5,2,21.0,167.99,Late Delivery,1,48,Water Sports,Caguas,Puerto Rico,7200,Katherine Smith,Consumer,PR,3899 Blue Nook,725.0,7,Fan Shop,18.22846603,-66.37055969,Pacific Asia,Huaibei,China,2015-12-06,23279,32.0,0.159999996,58290,199.99,0.129999995,1,199.99,167.99,21.0,Eastern Asia,Anhui,Processing,1073,Pelican Sunstream 100 Kayak,199.99,2015-12-11,Second Class,2015,12,December,4,6,Sunday,3,Delayed,2015,December,12,Low Profit,Medium
144055,Payment,3,2,25.5,94.46,Late Delivery,1,46,Indoor/Outdoor Games,Norfolk,EE. UU.,7922,Jennifer Smith,Home Office,VA,2830 Bright Wood,23503.0,7,Fan Shop,36.94200516,-76.24208069,Europe,Torre del Greco,Italia,2015-08-15,15537,5.5,0.059999999,38832,49.98,0.270000011,2,99.96,94.46,25.5,Southern Europe,Campania,Pending_Payment,1014,O'Brien Men's Neoprene Life Vest,49.98,2015-08-18,Second Class,2015,8,August,3,15,Saturday,1,Delayed,2015,August,8,Low Profit,Low
169392,Transfer,2,2,22.68,47.25,Shipping On Time,0,24,Women's Apparel,Jackson,EE. UU.,3617,Mary Smith,Home Office,MI,8668 Emerald Elk Mount,49201.0,5,Golf,42.24430847,-84.27008057,Latin America,Mexico City,México,2015-02-05,2441,2.75,0.059999999,6098,50.0,0.479999989,1,50.0,47.25,22.68,Central America,Distrito Federal,Processing,502,Nike Men's Dri-FIT Victory Golf Polo,50.0,2015-02-07,Second Class,2015,2,February,1,5,Thursday,0,On Time/Early,2015,February,2,Low Profit,Low
71824,Transfer,2,2,107.06,248.98,Shipping On Time,0,43,Camping & Hiking,New Brunswick,EE. UU.,9322,Kevin Smith,Corporate,NJ,8094 Broad Dale,8901.0,7,Fan Shop,40.49235535,-74.44373322,Europe,Amberes,Bélgica,2015-06-09,10956,51.0,0.170000002,27437,299.98,0.430000007,1,299.98,248.98,107.06,Western Europe,Amberes,Pending,957,Diamondback Women's Serene Classic Comfort Bi,299.98,2015-06-11,Second Class,2015,6,June,2,9,Tuesday,0,On Time/Early,2015,June,6,Medium Profit,Medium
56191,Payment,5,4,91.14,185.99,Late Delivery,1,48,Water Sports,Caguas,Puerto Rico,10977,Debra Potter,Consumer,PR,3775 Emerald Meadow,725.0,7,Fan Shop,18.2852459,-66.37059021,Latin America,San Luis Potosí,México,2017-02-21,53599,14.0,0.07,133967,199.99,0.49000001,1,199.99,185.99,91.14,Central America,San Luis Potosí,Pending_Payment,1073,Pelican Sunstream 100 Kayak,199.99,2017-02-26,Standard Class,2017,2,February,1,21,Tuesday,1,Delayed,2017,February,2,Low Profit,Medium
152231,Transfer,2,1,38.4,383.98,Late Delivery,1,45,Fishing,Forest Hills,EE. UU.,3312,Jane Smith,Consumer,NY,6132 Jagged Mountain Downs,11375.0,7,Fan Shop,42.08637619,-76.85916138,Usa,Hampton,Estados Unidos,2016-06-06,35811,16.0,0.039999999,89430,399.98,0.100000001,1,399.98,383.98,38.4,South of  USA ,Virginia,Processing,1004,Field & Stream Sportsman 16 Gun Fire Safe,399.98,2016-06-08,First Class,2016,6,June,2,6,Monday,1,Delayed,2016,June,6,Low Profit,Medium
130766,Transfer,0,0,113.88,232.41,Shipping On Time,0,46,Indoor/Outdoor Games,Albuquerque,EE. UU.,6873,Steven Smith,Corporate,NM,518 Velvet Loop,87112.0,7,Fan Shop,35.08756256,-106.6438065,Usa,Plainfield,Estados Unidos,2016-04-11,31941,17.49,0.07,79840,49.98,0.49000001,5,249.9,232.41,113.88,East of USA,Nueva Jersey,Pending,1014,O'Brien Men's Neoprene Life Vest,49.98,2016-04-11,Same Day,2016,4,April,2,11,Monday,0,On Time/Early,2016,April,4,Medium Profit,Low
68639,Payment,2,1,138.23,287.98,Late Delivery,1,43,Camping & Hiking,Caguas,Puerto Rico,9839,Beverly Doyle,Corporate,PR,8707 Harvest Knoll,725.0,7,Fan Shop,18.27335358,-66.37052155,Latin America,Matagalpa,Nicaragua,2015-01-28,1900,12.0,0.039999999,4744,299.98,0.479999989,1,299.98,287.98,138.23,Central America,Matagalpa,Pending_Payment,957,Diamondback Women's Serene Classic Comfort Bi,299.98,2015-01-30,First Class,2015,1,January,1,28,Wednesday,1,Delayed,2015,January,1,Medium Profit,Medium
82284,Debit,4,4,98.38,339.25,Shipping On Time,0,63,Children's Clothing,Raleigh,EE. UU.,13676,Amanda Pratt,Consumer,NC,2538 Quaking Hills Ramp,27610.0,4,Apparel,35.81178284,-78.5975647,Europe,Carquefou,Francia,2017-10-20,70123,17.86,0.050000001,173438,357.1,0.289999992,1,357.1,339.25,98.38,Western Europe,Países del Loira,Completed,1350,Children's heaters,357.1,2017-10-24,Standard Class,2017,10,October,4,20,Friday,0,On Time/Early,2017,October,10,Low Profit,Medium
88371,Payment,2,4,34.37,249.08,Advance Shipping,0,69,Health and Beauty,Laguna Niguel,EE. UU.,15689,Sage Mckinney,Consumer,CA,9293 Tawny Terrace,92677.0,12,Health and Beauty ,33.52144623,-117.6862259,Pacific Asia,Rangún,Myanmar (Birmania),2017-11-19,72136,43.96,0.150000006,175451,293.04,0.140000001,1,293.04,249.08,34.37,Southeast Asia,Rangún,Pending_Payment,1356,First aid kit,293.04,2017-11-21,Standard Class,2017,11,November,4,19,Sunday,-2,On Time/Early,2017,November,11,Low Profit,Medium
172533,Cash,2,1,-234.0,90.0,Late Delivery,1,24,Women's Apparel,Caguas,Puerto Rico,9628,James Young,Consumer,PR,9781 Tawny Nectar Park,725.0,5,Golf,18.27112579,-66.37062836,Latin America,Torreón,México,2015-04-02,6260,10.0,0.100000001,15660,50.0,-2.599999905,2,100.0,90.0,-234.0,Central America,Coahuila,Closed,502,Nike Men's Dri-FIT Victory Golf Polo,50.0,2015-04-04,First Class,2015,4,April,2,2,Thursday,1,Delayed,2015,April,4,Loss,Low
8199,Cash,2,4,83.15,296.98,Advance Shipping,0,43,Camping & Hiking,Caguas,Puerto Rico,2740,Robert Williams,Corporate,PR,503 Clear Robin Beach,725.0,7,Fan Shop,18.20379448,-66.3706131,Latin America,Zihuatanejo,México,2017-03-20,55461,3.0,0.01,138717,299.98,0.280000001,1,299.98,296.98,83.15,Central America,Guerrero,Closed,957,Diamondback Women's Serene Classic Comfort Bi,299.98,2017-03-22,Standard Class,2017,3,March,1,20,Monday,-2,On Time/Early,2017,March,3,Low Profit,Medium
14055,Debit,5,4,41.15,113.37,Late Delivery,1,29,Shop By Sport,New York,EE. UU.,5812,Angela Smith,Corporate,NY,2329 Sunny View Corner,10031.0,5,Golf,40.82476044,-73.94992065,Latin America,Santo Domingo,República Dominicana,2015-03-02,4139,6.6,0.059999999,10336,39.99,0.360000014,3,119.97,113.37,41.15,Caribbean,Santo Domingo,Completed,627,Under Armour Girls' Toddler Spine Surge Runni,39.99,2015-03-07,Standard Class,2015,3,March,1,2,Monday,1,Delayed,2015,March,3,Low Profit,Low
8420,Debit,2,4,-24.7,123.49,Advance Shipping,0,18,Men's Footwear,Palatine,EE. UU.,2473,Mary Smith,Corporate,IL,2407 Dusty Mount,60067.0,4,Apparel,42.11053467,-88.10240173,Usa,Tallahassee,Estados Unidos,2016-05-09,33851,6.5,0.050000001,84505,129.99,-0.200000003,1,129.99,123.49,-24.7,South of  USA ,Florida,Completed,403,Nike Men's CJ Elite 2 TD Football Cleat,129.99,2016-05-11,Standard Class,2016,5,May,2,9,Monday,-2,On Time/Early,2016,May,5,Loss,Medium
61996,Debit,3,4,19.8,197.99,Advance Shipping,0,48,Water Sports,Caguas,Puerto Rico,434,Michael Torres,Consumer,PR,3403 Gentle Road,725.0,7,Fan Shop,18.22408485,-66.04712677,Latin America,Maturín,Venezuela,2015-04-28,8067,2.0,0.01,20137,199.99,0.100000001,1,199.99,197.99,19.8,South America,Monagas,Completed,1073,Pelican Sunstream 100 Kayak,199.99,2015-05-01,Standard Class,2015,4,April,2,28,Tuesday,-1,On Time/Early,2015,May,5,Low Profit,Medium
177143,Debit,4,2,11.72,37.79,Late Delivery,1,29,Shop By Sport,Caguas,Puerto Rico,9535,Jesse Peterson,Consumer,PR,1052 Merry Leaf Autoroute,725.0,5,Golf,18.22352982,-66.37058258,Africa,Maputo,Mozambique,2016-09-13,42603,2.2,0.059999999,106343,39.99,0.310000002,1,39.99,37.79,11.72,East Africa,Cidade De Maputo,Completed,627,Under Armour Girls' Toddler Spine Surge Runni,39.99,2016-09-17,Second Class,2016,9,September,3,13,Tuesday,2,Delayed,2016,September,9,Low Profit,Low
115705,Transfer,4,4,-16.51,383.98,Shipping Cancelled,0,45,Fishing,Caguas,Puerto Rico,11584,Jeffrey Wilcox,Consumer,PR,864 Iron Spring Stead,725.0,7,Fan Shop,18.22689438,-66.37062836,Europe,Montecatini Terme,Italia,2017-08-20,65948,16.0,0.039999999,164817,399.98,-0.039999999,1,399.98,383.98,-16.51,Southern Europe,Toscana,Suspected_Fraud,1004,Field & Stream Sportsman 16 Gun Fire Safe,399.98,2017-08-24,Standard Class,2017,8,August,3,20,Sunday,0,On Time/Early,2017,August,8,Loss,Medium
115220,Transfer,1,0,174.79,379.98,Late Delivery,1,45,Fishing,Brooklyn,EE. UU.,41,Victoria Mason,Consumer,NY,7869 Crystal View Villas,11230.0,7,Fan Shop,40.67569351,-73.87450409,Europe,Florence,Italia,2017-09-16,67819,20.0,0.050000001,169557,399.98,0.460000008,1,399.98,379.98,174.79,Southern Europe,Toscana,Processing,1004,Field & Stream Sportsman 16 Gun Fire Safe,399.98,2017-09-17,Same Day,2017,9,September,3,16,Saturday,1,Delayed,2017,September,9,Medium Profit,Medium
124284,Transfer,3,4,28.08,103.99,Advance Shipping,0,18,Men's Footwear,Caguas,Puerto Rico,8450,Diane Walters,Corporate,PR,9514 Clear Mountain Carrefour,725.0,4,Apparel,18.23187256,-66.37055206,Pacific Asia,Caloocan,Filipinas,2015-10-31,20777,26.0,0.200000003,51915,129.99,0.270000011,1,129.99,103.99,28.08,Southeast Asia,Capital Nacional,Processing,403,Nike Men's CJ Elite 2 TD Football Cleat,129.99,2015-11-03,Standard Class,2015,10,October,4,31,Saturday,-1,On Time/Early,2015,November,11,Low Profit,Medium
7446,Debit,2,2,17.06,136.5,Shipping On Time,0,24,Women's Apparel,Caguas,Puerto Rico,9283,Mary Smith,Consumer,PR,650 Thunder Rise Arbor,725.0,5,Golf,18.22296333,-66.37062836,Latin America,Tuxtla Gutiérrez,México,2017-02-19,53501,13.5,0.090000004,133698,50.0,0.129999995,3,150.0,136.5,17.06,Central America,Chiapas,Completed,502,Nike Men's Dri-FIT Victory Golf Polo,50.0,2017-02-21,Second Class,2017,2,February,1,19,Sunday,0,On Time/Early,2017,February,2,Low Profit,Low
24184,Cash,6,4,54.87,156.76,Late Delivery,1,29,Shop By Sport,San Jose,EE. UU.,3293,Mary Barker,Corporate,CA,6007 Velvet Maze,95124.0,5,Golf,37.26665497,-121.9148026,Europe,Linz,Austria,2015-08-24,16145,3.2,0.02,40290,39.99,0.349999994,4,159.96,156.76,54.87,Western Europe,Alta Austria,Closed,627,Under Armour Girls' Toddler Spine Surge Runni,39.99,2015-08-30,Standard Class,2015,8,August,3,24,Monday,2,Delayed,2015,August,8,Low Profit,Low
25982,Cash,3,4,4.94,73.78,Advance Shipping,0,13,Electronics,Caguas,Puerto Rico,4699,William Smith,Corporate,PR,660 Harvest Bay,725.0,3,Footwear,18.20978737,-66.37052918,Usa,Albuquerque,Estados Unidos,2016-06-03,35617,16.2,0.180000007,88942,44.99,0.07,2,89.98,73.78,4.94,West of USA ,Nuevo México,Closed,278,Under Armour Men's Compression EV SL Slide,44.99,2016-06-06,Standard Class,2016,6,June,2,3,Friday,-1,On Time/Early,2016,June,6,Low Profit,Low
123820,Transfer,4,4,13.65,36.39,Shipping On Time,0,29,Shop By Sport,Toa Alta,Puerto Rico,3817,Gary Garcia,Corporate,PR,8736 Merry Moor,953.0,5,Golf,18.37145042,-66.20330811,Latin America,Presidente Dutra,Brasil,2017-06-13,61303,3.6,0.090000004,153366,39.99,0.379999995,1,39.99,36.39,13.65,South America,Marañón,Pending,627,Under Armour Girls' Toddler Spine Surge Runni,39.99,2017-06-17,Standard Class,2017,6,June,2,13,Tuesday,0,On Time/Early,2017,June,6,Low Profit,Low
27263,Debit,0,0,-263.23,97.49,Shipping On Time,0,18,Men's Footwear,Caguas,Puerto Rico,564,Mary Mccann,Corporate,PR,7601 Blue Gate,725.0,4,Apparel,18.35909462,-66.07831574,Europe,Toulouse,Francia,2015-06-27,12128,32.5,0.25,30319,129.99,-2.700000048,1,129.99,97.49,-263.23,Western Europe,Languedoc-Rosellón-Mediodía-Pirineos,Completed,403,Nike Men's CJ Elite 2 TD Football Cleat,129.99,2015-06-27,Same Day,2015,6,June,2,27,Saturday,0,On Time/Early,2015,June,6,Loss,Medium
130940,Payment,2,1,70.47,149.94,Late Delivery,1,46,Indoor/Outdoor Games,Santa Ana,EE. UU.,1505,Mary Smith,Corporate,CA,5736 Old Cloud Heath,92703.0,7,Fan Shop,33.74279404,-117.8847504,Pacific Asia,Wellington,Nueva Zelanda,2016-04-01,31289,49.98,0.25,78208,49.98,0.469999999,4,199.92,149.94,70.47,Oceania,Wellington,Pending_Payment,1014,O'Brien Men's Neoprene Life Vest,49.98,2016-04-03,First Class,2016,4,April,2,1,Friday,1,Delayed,2016,April,4,Low Profit,Low
179148,Payment,5,2,59.28,123.49,Late Delivery,1,18,Men's Footwear,Caguas,Puerto Rico,146,Amber Mercado,Home Office,PR,14 Dusty Lake Beach,725.0,4,Apparel,18.21639633,-66.04169464,Latin America,Presidente Dutra,Brasil,2015-05-29,10164,6.5,0.050000001,25400,129.99,0.479999989,1,129.99,123.49,59.28,South America,Marañón,Pending_Payment,403,Nike Men's CJ Elite 2 TD Football Cleat,129.99,2015-06-03,Second Class,2015,5,May,2,29,Friday,3,Delayed,2015,June,6,Low Profit,Medium
39057,Debit,0,0,9.7,40.77,Shipping On Time,0,41,Trade-In,Caguas,Puerto Rico,7981,Mark Smith,Corporate,PR,9439 Lazy Crossing,725.0,6,Outdoors,18.22844315,-66.37051392,Europe,Neuilly-sur-Seine,Francia,2015-06-11,11046,7.2,0.150000006,27653,15.99,0.239999995,3,47.97,40.77,9.7,Western Europe,Isla de Francia,Completed,924,Glove It Urban Brick Golf Towel,15.99,2015-06-11,Same Day,2015,6,June,2,11,Thursday,0,On Time/Early,2015,June,6,Low Profit,Low
24481,Cash,5,4,75.58,179.96,Late Delivery,1,29,Shop By Sport,Potomac,EE. UU.,3739,Terry Long,Corporate,MD,1082 Grand Treasure Row,20854.0,5,Golf,39.05631256,-77.16165924,Pacific Asia,Geelong,Australia,2015-11-02,20904,20.0,0.100000001,52224,39.99,0.419999987,5,199.95,179.96,75.58,Oceania,Victoria,Closed,627,Under Armour Girls' Toddler Spine Surge Runni,39.99,2015-11-07,Standard Class,2015,11,November,4,2,Monday,1,Delayed,2015,November,11,Low Profit,Low
170011,Transfer,5,4,-9.49,107.89,Shipping Cancelled,0,18,Men's Footwear,Chino,EE. UU.,172,Lauren Rush,Home Office,CA,6229 Indian Robin Parade,91710.0,4,Apparel,34.00605393,-117.7307358,Europe,Gera,Alemania,2015-08-01,14554,22.1,0.170000002,36411,129.99,-0.090000004,1,129.99,107.89,-9.49,Western Europe,Turingia,Cancelled,403,Nike Men's CJ Elite 2 TD Football Cleat,129.99,2015-08-06,Standard Class,2015,8,August,3,1,Saturday,1,Delayed,2015,August,8,Loss,Medium
110296,Transfer,2,1,-22.02,250.22,Late Delivery,1,71,Music,Orlando,EE. UU.,18908,Oprah Cabrera,Consumer,FL,1066 Hidden Green,32822.0,9,Discs Shop,28.51626968,-81.30583191,Pacific Asia,Yokkaichi,Japón,2018-01-04,75355,10.43,0.039999999,178670,260.65,-0.090000004,1,260.65,250.22,-22.02,Eastern Asia,Oita,Pending,1358,Rock music,260.65,2018-01-06,First Class,2018,1,January,1,4,Thursday,1,Delayed,2018,January,1,Loss,Medium
117236,Transfer,0,0,6.04,97.49,Shipping On Time,0,18,Men's Footwear,Bakersfield,EE. UU.,8809,Christina Velasquez,Consumer,CA,1780 Fallen Pine Field,93304.0,4,Apparel,35.37042999,-119.0426254,Europe,Lisbon,Portugal,2015-07-17,13512,32.5,0.25,33866,129.99,0.059999999,1,129.99,97.49,6.04,Southern Europe,Lisboa,Processing,403,Nike Men's CJ Elite 2 TD Football Cleat,129.99,2015-07-17,Same Day,2015,7,July,3,17,Friday,0,On Time/Early,2015,July,7,Low Profit,Medium
2960,Payment,6,4,28.13,57.4,Late Delivery,1,26,Girls' Apparel,Caguas,Puerto Rico,6233,Mary Elliott,Home Office,PR,9003 Easy Gate Drive,725.0,5,Golf,18.28809357,-66.37055969,Europe,Berne,Suiza,2015-09-24,18235,12.6,0.180000007,45578,70.0,0.49000001,1,70.0,57.4,28.13,Western Europe,Berna,Pending_Payment,565,adidas Youth Germany Black/Red Away Match Soc,70.0,2015-09-30,Standard Class,2015,9,September,3,24,Thursday,2,Delayed,2015,September,9,Low Profit,Low
149023,Debit,4,4,9.19,27.19,Shipping On Time,0,13,Electronics,Bayamon,Puerto Rico,2310,Mary Reeves,Home Office,PR,6296 Rocky Nectar Square,957.0,3,Footwear,18.38011932,-66.18312836,Pacific Asia,Silivri,Turquía,2016-09-16,42753,4.8,0.150000006,106709,31.99,0.340000004,1,31.99,27.19,9.19,West Asia,Estambul,Completed,276,Under Armour Women's Ignite Slide,31.99,2016-09-20,Standard Class,2016,9,September,3,16,Friday,0,On Time/Early,2016,September,9,Low Profit,Low
112190,Payment,6,4,41.74,86.97,Late Delivery,1,46,Indoor/Outdoor Games,Palmdale,EE. UU.,9447,James Smith,Corporate,CA,1268 Colonial Stead,93550.0,7,Fan Shop,34.57956314,-118.1057816,Africa,Kinshasa,República Democrática del Congo,2016-11-18,47075,12.99,0.129999995,117658,49.98,0.479999989,2,99.96,86.97,41.74,Central Africa,Kinshasa,Pending_Payment,1014,O'Brien Men's Neoprene Life Vest,49.98,2016-11-24,Standard Class,2016,11,November,4,18,Friday,2,Delayed,2016,November,11,Low Profit,Low
109821,Transfer,2,1,-12.35,123.49,Late Delivery,1,18,Men's Footwear,Lawton,EE. UU.,4624,Kenneth Matthews,Consumer,OK,1613 Quaking Key,73505.0,4,Apparel,34.62159348,-98.46929169,Europe,Capannori,Italia,2015-10-14,19612,6.5,0.050000001,49036,129.99,-0.100000001,1,129.99,123.49,-12.35,Southern Europe,Toscana,Processing,403,Nike Men's CJ Elite 2 TD Football Cleat,129.99,2015-10-16,First Class,2015,10,October,4,14,Wednesday,1,Delayed,2015,October,10,Loss,Medium
130545,Debit,2,4,76.43,218.36,Advance Shipping,0,17,Cleats,Fresno,EE. UU.,1532,Mary Bailey,Consumer,CA,2416 Lost Key,93720.0,4,Apparel,36.73889542,-119.7879028,Usa,Los Angeles,Estados Unidos,2016-04-15,32201,21.6,0.090000004,80525,59.99,0.349999994,4,239.96,218.36,76.43,West of USA ,California,Completed,365,Perfect Fitness Perfect Rip Deck,59.99,2016-04-17,Standard Class,2016,4,April,2,15,Friday,-2,On Time/Early,2016,April,4,Low Profit,Low
119409,Transfer,2,2,56.24,224.98,Shipping On Time,0,9,Cardio Equipment,Albuquerque,EE. UU.,6836,Virginia Smith,Consumer,NM,2668 Velvet Row,87112.0,3,Footwear,35.1097641,-106.5007248,Pacific Asia,Homs,Siria,2016-11-30,47891,74.99,0.25,119767,99.99,0.25,3,299.97,224.98,56.24,West Asia,Hims,Processing,191,Nike Men's Free 5.0+ Running Shoe,99.99,2016-12-02,Second Class,2016,11,November,4,30,Wednesday,0,On Time/Early,2016,December,12,Low Profit,Low
79043,Transfer,4,4,-251.99,167.99,Shipping On Time,0,48,Water Sports,Bakersfield,EE. UU.,10472,Margaret Cook,Corporate,CA,7007 Emerald Autoroute,93307.0,7,Fan Shop,35.29149246,-118.9143066,Usa,Philadelphia,Estados Unidos,2016-06-11,36108,32.0,0.159999996,90176,199.99,-1.5,1,199.99,167.99,-251.99,East of USA,Pensilvania,Processing,1073,Pelican Sunstream 100 Kayak,199.99,2016-06-15,Standard Class,2016,6,June,2,11,Saturday,0,On Time/Early,2016,June,6,Loss,Medium
161406,Transfer,6,4,-10.85,96.0,Late Delivery,1,24,Women's Apparel,Caguas,Puerto Rico,10240,Mary Pitts,Consumer,PR,5953 Lost Plaza,725.0,5,Golf,18.28118706,-66.3706131,Pacific Asia,Vientiane,Laos,2015-12-28,24770,4.0,0.039999999,62053,50.0,-0.109999999,2,100.0,96.0,-10.85,Southeast Asia,Prefectura de Vientián,Processing,502,Nike Men's Dri-FIT Victory Golf Polo,50.0,2016-01-03,Standard Class,2015,12,December,4,28,Monday,2,Delayed,2016,January,1,Loss,Low
36283,Payment,0,0,125.26,260.96,Shipping On Time,0,17,Cleats,Aurora,EE. UU.,12344,Mary Cruz,Consumer,CO,1066 Hidden Ridge,80013.0,4,Apparel,39.49591446,-98.98998261,Latin America,Cancún,México,2015-02-14,3048,38.99,0.129999995,7578,59.99,0.479999989,5,299.95,260.96,125.26,Central America,Quintana Roo,Pending_Payment,365,Perfect Fitness Perfect Rip Deck,59.99,2015-02-14,Same Day,2015,2,February,1,14,Saturday,0,On Time/Early,2015,February,2,Medium Profit,Low
37963,Payment,6,2,67.57,140.76,Late Delivery,1,29,Shop By Sport,Fresno,EE. UU.,4864,Crystal Leon,Consumer,CA,7112 Golden Circuit,93722.0,5,Golf,36.84069824,-119.7808228,Pacific Asia,Jixi,China,2015-12-18,24075,19.2,0.119999997,60242,39.99,0.479999989,4,159.96,140.76,67.57,Eastern Asia,Heilongjiang,Pending_Payment,627,Under Armour Girls' Toddler Spine Surge Runni,39.99,2015-12-24,Second Class,2015,12,December,4,18,Friday,4,Delayed,2015,December,12,Low Profit,Low
168319,Payment,6,4,89.45,419.96,Late Delivery,1,9,Cardio Equipment,Las Vegas,EE. UU.,9122,Carl Russo,Home Office,NV,9265 High Freeway,89110.0,3,Footwear,36.18152618,-115.0874405,Pacific Asia,Dumai,Indonesia,2016-03-07,29570,79.99,0.159999996,74001,99.99,0.209999993,5,499.95,419.96,89.45,Southeast Asia,Riau,Pending_Payment,191,Nike Men's Free 5.0+ Running Shoe,99.99,2016-03-13,Standard Class,2016,3,March,1,7,Monday,2,Delayed,2016,March,3,Low Profit,Low
22326,Debit,4,4,42.77,91.0,Shipping On Time,0,24,Women's Apparel,Caguas,Puerto Rico,11517,Kathy Kelley,Consumer,PR,9916 Wishing Manor,725.0,5,Golf,18.23433113,-66.37055969,Latin America,San Pedro Sula,Honduras,2015-02-05,2453,9.0,0.090000004,6132,50.0,0.469999999,2,100.0,91.0,42.77,Central America,Cortés,Completed,502,Nike Men's Dri-FIT Victory Golf Polo,50.0,2015-02-09,Standard Class,2015,2,February,1,5,Thursday,0,On Time/Early,2015,February,2,Low Profit,Low
108729,Payment,3,4,154.86,351.96,Advance Shipping,0,9,Cardio Equipment,Oregon City,EE. UU.,6704,John Church,Consumer,OR,3902 Umber Valley,97045.0,3,Footwear,45.35498428,-122.6026993,Pacific Asia,Harbin,China,2015-11-12,21637,48.0,0.119999997,54105,99.99,0.439999998,4,399.96,351.96,154.86,Eastern Asia,Heilongjiang,Pending_Payment,191,Nike Men's Free 5.0+ Running Shoe,99.99,2015-11-15,Standard Class,2015,11,November,4,12,Thursday,-1,On Time/Early,2015,November,11,Medium Profit,Low
90330,Payment,2,2,181.48,499.95,Shipping On Time,0,9,Cardio Equipment,Caguas,Puerto Rico,7631,Alexander Nguyen,Corporate,PR,7571 Clear Apple Corner,725.0,3,Footwear,18.241045,-66.37056732,Latin America,Milpa Alta,México,2015-04-28,8056,0.0,0.0,20125,99.99,0.360000014,5,499.95,499.95,181.48,Central America,Distrito Federal,Pending_Payment,191,Nike Men's Free 5.0+ Running Shoe,99.99,2015-04-30,Second Class,2015,4,April,2,28,Tuesday,0,On Time/Early,2015,April,4,Medium Profit,Low
16039,Cash,1,0,32.07,69.72,Late Delivery,1,40,Accessories,Santa Cruz,EE. UU.,12111,Amber Franco,Consumer,CA,8766 Clear Prairie Line,95060.0,6,Outdoors,36.97051239,-122.0238266,Latin America,San Luis Potosí,México,2015-02-27,3947,5.25,0.07,9800,24.99,0.460000008,3,74.97,69.72,32.07,Central America,San Luis Potosí,Closed,885,Team Golf St. Louis Cardinals Putter Grip,24.99,2015-02-28,Same Day,2015,2,February,1,27,Friday,1,Delayed,2015,February,2,Low Profit,Low
93015,Debit,2,4,105.59,263.98,Advance Shipping,0,43,Camping & Hiking,Pomona,EE. UU.,737,Lawrence Smith,Consumer,CA,8025 Bright Embers Glen,91767.0,7,Fan Shop,34.03364945,-118.144371,Latin America,Recife,Brasil,2017-04-19,57531,36.0,0.119999997,143927,299.98,0.400000006,1,299.98,263.98,105.59,South America,Pernambuco,Completed,957,Diamondback Women's Serene Classic Comfort Bi,299.98,2017-04-21,Standard Class,2017,4,April,2,19,Wednesday,-2,On Time/Early,2017,April,4,Medium Profit,Medium
87522,Payment,2,4,50.56,149.59,Advance Shipping,0,67,DVDs,Pomona,EE. UU.,15134,Shelby Bond,Consumer,CA,4101 Crystal Range,91766.0,9,Discs Shop,34.28066635,-119.2400665,Europe,Hamburgo,Alemania,2017-11-10,71581,14.79,0.090000004,174896,164.38,0.340000004,1,164.38,149.59,50.56,Western Europe,Hamburgo,Pending_Payment,1354,DVDs ,164.38,2017-11-12,Standard Class,2017,11,November,4,10,Friday,-2,On Time/Early,2017,November,11,Low Profit,Medium
121217,Transfer,3,4,-88.73,52.19,Shipping Cancelled,0,3,Baseball & Softball,Reseda,EE. UU.,9746,Mary Brooks,Consumer,CA,7958 Harvest Grove Pike,91335.0,2,Fitness,34.21543884,-118.5360184,Latin America,Valle Hermoso,México,2015-03-27,5872,7.8,0.129999995,14606,59.99,-1.700000048,1,59.99,52.19,-88.73,Central America,Tamaulipas,Cancelled,44,adidas Men's F10 Messi TRX FG Soccer Cleat,59.99,2015-03-30,Standard Class,2015,3,March,1,27,Friday,-1,On Time/Early,2015,March,3,Loss,Low
120966,Transfer,2,4,-74.25,296.98,Advance Shipping,0,43,Camping & Hiking,Brooklyn,EE. UU.,4572,Crystal Lucero,Consumer,NY,415 Golden Meadow,11201.0,7,Fan Shop,40.6648941,-73.94533539,Europe,Estocolmo,Suecia,2017-09-10,67351,3.0,0.01,168337,299.98,-0.25,1,299.98,296.98,-74.25,Northern Europe,Estocolmo,Processing,957,Diamondback Women's Serene Classic Comfort Bi,299.98,2017-09-12,Standard Class,2017,9,September,3,10,Sunday,-2,On Time/Early,2017,September,9,Loss,Medium
23732,Cash,2,4,72.54,278.98,Advance Shipping,0,43,Camping & Hiking,Atlanta,EE. UU.,2068,Donna Smith,Corporate,GA,1706 Pleasant Park,30331.0,7,Fan Shop,33.68620682,-84.49389648,Usa,Virginia Beach,Estados Unidos,2016-04-16,32291,21.0,0.07,80766,299.98,0.25999999,1,299.98,278.98,72.54,South of  USA ,Virginia,Closed,957,Diamondback Women's Serene Classic Comfort Bi,299.98,2016-04-18,Standard Class,2016,4,April,2,16,Saturday,-2,On Time/Early,2016,April,4,Low Profit,Medium
137891,Debit,5,4,184.23,391.98,Late Delivery,1,45,Fishing,Clearfield,EE. UU.,5285,Heather Bentley,Consumer,UT,8623 Shady Subdivision,84015.0,7,Fan Shop,41.09803391,-111.9948654,Latin America,Quetzaltenango,Guatemala,2017-05-02,58369,8.0,0.02,146074,399.98,0.469999999,1,399.98,391.98,184.23,Central America,Quezaltenango,Completed,1004,Field & Stream Sportsman 16 Gun Fire Safe,399.98,2017-05-07,Standard Class,2017,5,May,2,2,Tuesday,1,Delayed,2017,May,5,Medium Profit,Medium
32523,Transfer,5,4,15.45,67.19,Late Delivery,1,35,Golf Gloves,Phoenix,EE. UU.,1628,Benjamin Smith,Consumer,AZ,516 Dewy Bluff Swale,85022.0,6,Outdoors,33.64781952,-112.0518799,Europe,Munich,Alemania,2017-07-05,62789,12.8,0.159999996,156982,79.99,0.230000004,1,79.99,67.19,15.45,Western Europe,Bavaria,Pending,777,Bag Boy M330 Push Cart,79.99,2017-07-10,Standard Class,2017,7,July,3,5,Wednesday,1,Delayed,2017,July,7,Low Profit,Low
22848,Debit,5,4,40.81,113.37,Late Delivery,1,26,Girls' Apparel,Caguas,Puerto Rico,8420,Gregory Fitzpatrick,Consumer,PR,1793 Tawny Limits,725.0,5,Golf,18.24473572,-66.37051392,Europe,Schiltigheim,Francia,2015-06-07,10779,6.6,0.059999999,26973,39.99,0.360000014,3,119.97,113.37,40.81,Western Europe,Alsacia-Champaña-Ardenas-Lorena,Completed,572,TYR Boys' Team Digi Jammer,39.99,2015-06-12,Standard Class,2015,6,June,2,7,Sunday,1,Delayed,2015,June,6,Low Profit,Low
106462,Transfer,6,4,23.62,188.92,Late Delivery,1,46,Indoor/Outdoor Games,Los Angeles,EE. UU.,1078,Nancy Smith,Consumer,CA,4480 Hidden Rabbit Link,90044.0,7,Fan Shop,33.97929382,-118.289093,Latin America,Tijuana,México,2017-04-11,56965,11.0,0.059999999,142474,49.98,0.129999995,4,199.92,188.92,23.62,Central America,Baja California,Pending,1014,O'Brien Men's Neoprene Life Vest,49.98,2017-04-17,Standard Class,2017,4,April,2,11,Tuesday,2,Delayed,2017,April,4,Low Profit,Low
177151,Debit,2,2,121.9,283.48,Shipping On Time,0,43,Camping & Hiking,Caguas,Puerto Rico,11290,Catherine Smith,Consumer,PR,4692 Gentle Turnabout,725.0,7,Fan Shop,18.2261982,-66.37054443,Africa,Durban,SudAfrica,2016-10-04,44006,16.5,0.059999999,109925,299.98,0.430000007,1,299.98,283.48,121.9,Southern Africa,KwaZulu-Natal,Completed,957,Diamondback Women's Serene Classic Comfort Bi,299.98,2016-10-06,Second Class,2016,10,October,4,4,Tuesday,0,On Time/Early,2016,October,10,Medium Profit,Medium
39240,Debit,6,2,19.2,47.99,Late Delivery,1,17,Cleats,Caguas,Puerto Rico,3511,Mary Orozco,Corporate,PR,151 Bright Anchor Passage,725.0,4,Apparel,18.26871681,-66.3705368,Europe,Epinal,Francia,2015-10-01,18750,12.0,0.200000003,46887,59.99,0.400000006,1,59.99,47.99,19.2,Western Europe,Alsacia-Champaña-Ardenas-Lorena,Completed,365,Perfect Fitness Perfect Rip Deck,59.99,2015-10-07,Second Class,2015,10,October,4,1,Thursday,4,Delayed,2015,October,10,Low Profit,Low
54093,Payment,3,2,67.6,199.99,Late Delivery,1,48,Water Sports,San Jose,EE. UU.,9655,Mary Shepherd,Corporate,CA,5365 Tawny Apple Limits,95127.0,7,Fan Shop,37.37883377,-121.8303375,Europe,Emden,Alemania,2017-07-05,62757,0.0,0.0,156901,199.99,0.340000004,1,199.99,199.99,67.6,Western Europe,Baja Sajonia,Pending_Payment,1073,Pelican Sunstream 100 Kayak,199.99,2017-07-08,Second Class,2017,7,July,3,5,Wednesday,1,Delayed,2017,July,7,Low Profit,Medium
165764,Payment,1,0,-19.2,383.98,Late Delivery,1,45,Fishing,Chicago,EE. UU.,5451,Wayne Torres,Home Office,IL,5782 Dewy Ridge,60632.0,7,Fan Shop,41.89483643,-87.76984406,Latin America,San Pedro Sula,Honduras,2015-03-28,5944,16.0,0.039999999,14789,399.98,-0.050000001,1,399.98,383.98,-19.2,Central America,Cortés,Pending_Payment,1004,Field & Stream Sportsman 16 Gun Fire Safe,399.98,2015-03-29,Same Day,2015,3,March,1,28,Saturday,1,Delayed,2015,March,3,Loss,Medium
21894,Debit,2,4,1.25,124.79,Advance Shipping,0,18,Men's Footwear,Caguas,Puerto Rico,2549,Stephanie Smith,Consumer,PR,7168 Amber Row,725.0,4,Apparel,18.20303345,-66.37055969,Usa,Long Beach,Estados Unidos,2016-07-18,38671,5.2,0.039999999,96545,129.99,0.01,1,129.99,124.79,1.25,West of USA ,California,On_Hold,403,Nike Men's CJ Elite 2 TD Football Cleat,129.99,2016-07-20,Standard Class,2016,7,July,3,18,Monday,-2,On Time/Early,2016,July,7,Low Profit,Medium
32926,Payment,4,4,15.68,31.99,Shipping On Time,0,35,Golf Gloves,Caguas,Puerto Rico,3830,William Smith,Corporate,PR,2089 Old Avenue,725.0,6,Outdoors,18.26959801,-66.37058258,Latin America,Santiago de los Caballeros,República Dominicana,2017-02-16,53288,8.0,0.200000003,133147,39.99,0.49000001,1,39.99,31.99,15.68,Caribbean,Santiago de Chile,Pending_Payment,771,Clicgear Rovic Cooler Bag,39.99,2017-02-20,Standard Class,2017,2,February,1,16,Thursday,0,On Time/Early,2017,February,2,Low Profit,Low
166701,Payment,2,4,138.23,287.98,Advance Shipping,0,43,Camping & Hiking,Encinitas,EE. UU.,8225,Nathan Smith,Home Office,CA,8706 Harvest Green,92024.0,7,Fan Shop,33.04647064,-117.2896729,Europe,Plymouth,Reino Unido,2017-09-13,67596,12.0,0.039999999,169005,299.98,0.479999989,1,299.98,287.98,138.23,Northern Europe,Inglaterra,Pending_Payment,957,Diamondback Women's Serene Classic Comfort Bi,299.98,2017-09-15,Standard Class,2017,9,September,3,13,Wednesday,-2,On Time/Early,2017,September,9,Medium Profit,Medium
136941,Debit,3,4,132.29,377.98,Advance Shipping,0,45,Fishing,Caguas,Puerto Rico,7,Melissa Wilcox,Corporate,PR,9453 High Concession,725.0,7,Fan Shop,18.35909462,-66.07995606,Europe,Krefeld,Alemania,2017-06-25,62132,22.0,0.059999999,155343,399.98,0.349999994,1,399.98,377.98,132.29,Western Europe,Renania del Norte-Westfalia,On_Hold,1004,Field & Stream Sportsman 16 Gun Fire Safe,399.98,2017-06-28,Standard Class,2017,6,June,2,25,Sunday,-1,On Time/Early,2017,June,6,Medium Profit,Medium
31936,Transfer,4,4,-1.6,37.33,Shipping On Time,0,36,Golf Balls,Caguas,Puerto Rico,3395,Mark Matthews,Consumer,PR,4569 Jagged Mall ,725.0,6,Outdoors,18.24834442,-66.37050629,Africa,Cairo,Egipto,2016-10-10,44423,7.64,0.170000002,110906,14.99,-0.039999999,3,44.97,37.33,-1.6,North Africa,El Cairo,Processing,792,Hirzl Men's Hybrid Golf Glove,14.99,2016-10-14,Standard Class,2016,10,October,4,10,Monday,0,On Time/Early,2016,October,10,Loss,Low
103237,Debit,2,1,55.25,169.99,Late Delivery,1,48,Water Sports,Caguas,Puerto Rico,10644,Larry Smith,Home Office,PR,5346 Blue Anchor Dale,725.0,7,Fan Shop,18.25747109,-66.37059784,Europe,Friedberg,Alemania,2015-09-25,18293,30.0,0.150000006,45725,199.99,0.330000013,1,199.99,169.99,55.25,Western Europe,Hesse,On_Hold,1073,Pelican Sunstream 100 Kayak,199.99,2015-09-27,First Class,2015,9,September,3,25,Friday,1,Delayed,2015,September,9,Low Profit,Medium
46385,Payment,2,4,85.79,263.98,Advance Shipping,0,43,Camping & Hiking,New York,EE. UU.,3199,Ashley Hernandez,Corporate,NY,4365 Silver Bay,10031.0,7,Fan Shop,40.82476044,-73.94992065,Pacific Asia,Jiangdu,China,2016-02-04,27346,36.0,0.119999997,68491,299.98,0.330000013,1,299.98,263.98,85.79,Eastern Asia,Jiangsu,Pending_Payment,957,Diamondback Women's Serene Classic Comfort Bi,299.98,2016-02-06,Standard Class,2016,2,February,1,4,Thursday,-2,On Time/Early,2016,February,2,Low Profit,Medium
80143,Debit,2,1,-131.19,163.99,Late Delivery,1,48,Water Sports,Annapolis,EE. UU.,2726,Barbara Wu,Consumer,MD,2236 Sunny Front,21401.0,7,Fan Shop,38.98915863,-76.54219818,Pacific Asia,Auckland,Nueva Zelanda,2016-03-31,31198,36.0,0.180000007,77965,199.99,-0.800000012,1,199.99,163.99,-131.19,Oceania,Auckland,Completed,1073,Pelican Sunstream 100 Kayak,199.99,2016-04-02,First Class,2016,3,March,1,31,Thursday,1,Delayed,2016,April,4,Loss,Medium
105882,Debit,2,1,-1.32,45.48,Late Delivery,1,46,Indoor/Outdoor Games,Caguas,Puerto Rico,3910,Mary Diaz,Consumer,PR,2056 Misty Lookout,725.0,7,Fan Shop,18.26963997,-66.37056732,Latin America,Culiacán,México,2017-05-09,58889,4.5,0.090000004,147404,49.98,-0.029999999,1,49.98,45.48,-1.32,Central America,Sinaloa,Completed,1014,O'Brien Men's Neoprene Life Vest,49.98,2017-05-11,First Class,2017,5,May,2,9,Tuesday,1,Delayed,2017,May,5,Loss,Low
118842,Transfer,3,2,141.74,283.48,Late Delivery,1,43,Camping & Hiking,Hamilton,EE. UU.,5707,Kathy Sampson,Consumer,OH,2056 Misty Grove Rise,45011.0,7,Fan Shop,39.3985405,-84.55661774,Usa,Richmond,Estados Unidos,2016-08-22,41052,16.5,0.059999999,102472,299.98,0.5,1,299.98,283.48,141.74,South of  USA ,Virginia,Pending,957,Diamondback Women's Serene Classic Comfort Bi,299.98,2016-08-25,Second Class,2016,8,August,3,22,Monday,1,Delayed,2016,August,8,Medium Profit,Medium
41288,Debit,2,4,6.79,38.79,Advance Shipping,0,29,Shop By Sport,Caguas,Puerto Rico,5032,Christopher Fry,Corporate,PR,1438 Honey Bay,725.0,5,Golf,18.26201057,-66.37055206,Latin America,San Miguelito,Panamá,2017-01-23,51621,1.2,0.029999999,129002,39.99,0.180000007,1,39.99,38.79,6.79,Central America,Panamá,On_Hold,627,Under Armour Girls' Toddler Spine Surge Runni,39.99,2017-01-25,Standard Class,2017,1,January,1,23,Monday,-2,On Time/Early,2017,January,1,Low Profit,Low
158196,Transfer,2,2,30.86,85.0,Shipping On Time,0,24,Women's Apparel,Caguas,Puerto Rico,7435,Susan Smith,Consumer,PR,9792 Green Pioneer Extension,725.0,5,Golf,18.2472744,-66.37059784,Europe,Wolfsburg,Alemania,2015-10-14,19636,15.0,0.150000006,49095,50.0,0.360000014,2,100.0,85.0,30.86,Western Europe,Baja Sajonia,Pending,502,Nike Men's Dri-FIT Victory Golf Polo,50.0,2015-10-16,Second Class,2015,10,October,4,14,Wednesday,0,On Time/Early,2015,October,10,Low Profit,Low
118812,Transfer,6,2,-40.02,54.59,Late Delivery,1,17,Cleats,Moreno Valley,EE. UU.,3402,Mary Wilkerson,Consumer,CA,9870 Thunder Mountain Meadow,92553.0,4,Apparel,33.92159271,-117.263176,Usa,Newark,Estados Unidos,2016-07-25,39120,5.4,0.090000004,97650,59.99,-0.730000019,1,59.99,54.59,-40.02,East of USA,Delaware,Pending,365,Perfect Fitness Perfect Rip Deck,59.99,2016-07-31,Second Class,2016,7,July,3,25,Monday,4,Delayed,2016,July,7,Loss,Low
56501,Debit,5,4,18.71,296.97,Late Delivery,1,9,Cardio Equipment,Caguas,Puerto Rico,3675,Joyce Pittman,Consumer,PR,8428 Noble Elk Loop,725.0,3,Footwear,18.29870606,-66.3706131,Europe,Weston-super-Mare,Reino Unido,2015-07-16,13429,3.0,0.01,33642,99.99,0.059999999,3,299.97,296.97,18.71,Northern Europe,Inglaterra,On_Hold,191,Nike Men's Free 5.0+ Running Shoe,99.99,2015-07-21,Standard Class,2015,7,July,3,16,Thursday,1,Delayed,2015,July,7,Low Profit,Low
74340,Debit,5,4,-39.98,167.99,Late Delivery,1,48,Water Sports,Fresno,EE. UU.,4212,Robert Mendez,Consumer,CA,3399 Little Dale,93722.0,7,Fan Shop,36.78120422,-119.7815475,Europe,Kremenchuk,Ucrania,2016-10-03,43939,32.0,0.159999996,109755,199.99,-0.239999995,1,199.99,167.99,-39.98,Eastern Europe,Poltava,Completed,1073,Pelican Sunstream 100 Kayak,199.99,2016-10-08,Standard Class,2016,10,October,4,3,Monday,1,Delayed,2016,October,10,Loss,Medium
95488,Debit,4,4,20.94,88.0,Shipping On Time,0,24,Women's Apparel,Fontana,EE. UU.,11282,Maria Cook,Consumer,CA,2717 Fallen Corner,92335.0,5,Golf,34.09395981,-117.4498901,Europe,Le Mans,Francia,2015-07-26,14168,12.0,0.119999997,35465,50.0,0.239999995,2,100.0,88.0,20.94,Western Europe,Países del Loira,Completed,502,Nike Men's Dri-FIT Victory Golf Polo,50.0,2015-07-30,Standard Class,2015,7,July,3,26,Sunday,0,On Time/Early,2015,July,7,Low Profit,Low
59858,Debit,4,4,26.22,56.99,Shipping On Time,0,17,Cleats,Amarillo,EE. UU.,4464,Mary Johnson,Corporate,TX,437 Heather Quail Concession,79109.0,4,Apparel,35.18754196,-101.8676224,Europe,Rennes,Francia,2017-08-06,64958,3.0,0.050000001,162388,59.99,0.460000008,1,59.99,56.99,26.22,Western Europe,Bretaña,On_Hold,365,Perfect Fitness Perfect Rip Deck,59.99,2017-08-10,Standard Class,2017,8,August,3,6,Sunday,0,On Time/Early,2017,August,8,Low Profit,Low
131549,Debit,5,2,63.77,219.91,Late Delivery,1,46,Indoor/Outdoor Games,Carol Stream,EE. UU.,6359,Jerry Smith,Home Office,IL,6296 Misty Zephyr Villas,60188.0,7,Fan Shop,41.89396668,-88.09660339,Pacific Asia,Pune,India,2016-02-28,29014,29.99,0.119999997,72600,49.98,0.289999992,5,249.9,219.91,63.77,South Asia,Maharashtra,Completed,1014,O'Brien Men's Neoprene Life Vest,49.98,2016-03-04,Second Class,2016,2,February,1,28,Sunday,3,Delayed,2016,March,3,Low Profit,Low
36867,Payment,3,2,47.25,377.98,Late Delivery,1,45,Fishing,Ogden,EE. UU.,1022,Mary Smith,Consumer,UT,1356 Pleasant Hickory Lane,84404.0,7,Fan Shop,41.23968124,-111.9685974,Latin America,Panama City,Panamá,2015-05-17,9337,22.0,0.059999999,23300,399.98,0.129999995,1,399.98,377.98,47.25,Central America,Panamá,Pending_Payment,1004,Field & Stream Sportsman 16 Gun Fire Safe,399.98,2015-05-20,Second Class,2015,5,May,2,17,Sunday,1,Delayed,2015,May,5,Low Profit,Medium
40590,Debit,5,4,32.95,97.49,Late Delivery,1,18,Men's Footwear,Caguas,Puerto Rico,3390,Elizabeth Stephenson,Corporate,PR,8808 Quaking Front,725.0,4,Apparel,18.20269966,-66.37051392,Europe,Cormeilles-en-Parisis,Francia,2015-08-28,16399,32.5,0.25,40953,129.99,0.340000004,1,129.99,97.49,32.95,Western Europe,Isla de Francia,Completed,403,Nike Men's CJ Elite 2 TD Football Cleat,129.99,2015-09-02,Standard Class,2015,8,August,3,28,Friday,1,Delayed,2015,September,9,Low Profit,Medium
70890,Transfer,2,1,48.57,105.58,Late Delivery,1,17,Cleats,Austin,EE. UU.,7476,Benjamin Cole,Corporate,TX,9136 Emerald Oak Maze,78704.0,4,Apparel,30.2586937,-97.76625061,Pacific Asia,Daca,Bangladés,2016-01-24,26634,14.4,0.119999997,66701,59.99,0.460000008,2,119.98,105.58,48.57,South Asia,Daca,Pending,365,Perfect Fitness Perfect Rip Deck,59.99,2016-01-26,First Class,2016,1,January,1,24,Sunday,1,Delayed,2016,January,1,Low Profit,Low
144591,Transfer,5,4,47.02,97.96,Late Delivery,1,46,Indoor/Outdoor Games,Oceanside,EE. UU.,5016,James Rangel,Corporate,CA,1213 Quaking Plaza,92056.0,7,Fan Shop,33.18746948,-117.3649445,Europe,Oberhausen,Alemania,2015-07-17,13539,2.0,0.02,33919,49.98,0.479999989,2,99.96,97.96,47.02,Western Europe,Renania del Norte-Westfalia,Processing,1014,O'Brien Men's Neoprene Life Vest,49.98,2015-07-22,Standard Class,2015,7,July,3,17,Friday,1,Delayed,2015,July,7,Low Profit,Low
8699,Debit,4,4,11.4,75.98,Shipping On Time,0,29,Shop By Sport,El Paso,EE. UU.,3850,Christina Nelson,Corporate,TX,4187 Quiet Butterfly Grove,79927.0,5,Golf,31.65174103,-106.2676239,Africa,Lagos,Nigeria,2016-09-14,42643,4.0,0.050000001,106431,39.99,0.150000006,2,79.98,75.98,11.4,West Africa,Lagos,Completed,627,Under Armour Girls' Toddler Spine Surge Runni,39.99,2016-09-18,Standard Class,2016,9,September,3,14,Wednesday,0,On Time/Early,2016,September,9,Low Profit,Low
67716,Debit,2,4,109.28,237.56,Advance Shipping,0,17,Cleats,Caguas,Puerto Rico,3729,John Peters,Corporate,PR,9050 Pleasant Cloud Mountain,725.0,4,Apparel,18.28256416,-66.37063599,Europe,Munster,Alemania,2015-08-07,14951,2.4,0.01,37438,59.99,0.460000008,4,239.96,237.56,109.28,Western Europe,Baja Sajonia,Completed,365,Perfect Fitness Perfect Rip Deck,59.99,2015-08-09,Standard Class,2015,8,August,3,7,Friday,-2,On Time/Early,2015,August,8,Medium Profit,Low
169453,Transfer,6,2,22.27,296.98,Late Delivery,1,43,Camping & Hiking,Moreno Valley,EE. UU.,11422,Mary Jones,Home Office,CA,4545 Dewy Apple Concession,92557.0,7,Fan Shop,33.94717026,-117.253624,Pacific Asia,Sialkot,Pakistán,2016-02-27,28910,3.0,0.01,72346,299.98,0.079999998,1,299.98,296.98,22.27,South Asia,Punyab,Pending,957,Diamondback Women's Serene Classic Comfort Bi,299.98,2016-03-04,Second Class,2016,2,February,1,27,Saturday,4,Delayed,2016,March,3,Low Profit,Medium
129194,Debit,2,4,41.16,147.0,Advance Shipping,0,24,Women's Apparel,South Richmond Hill,EE. UU.,8532,Mary Sellers,Consumer,NY,65 Stony Concession,11419.0,5,Golf,40.68805313,-73.82411957,Pacific Asia,Masjed Soleyman,Irán,2016-09-12,42536,3.0,0.02,106185,50.0,0.280000001,3,150.0,147.0,41.16,South Asia,Juzestán,Completed,502,Nike Men's Dri-FIT Victory Golf Polo,50.0,2016-09-14,Standard Class,2016,9,September,3,12,Monday,-2,On Time/Early,2016,September,9,Low Profit,Low
111268,Payment,4,4,9.22,122.95,Shipping On Time,0,46,Indoor/Outdoor Games,Caguas,Puerto Rico,6987,Mary Phillips,Corporate,PR,6188 Foggy Beacon Via,725.0,7,Fan Shop,18.22711563,-66.37059784,Pacific Asia,Gaziantep,Turquía,2017-01-05,50408,26.99,0.180000007,125957,49.98,0.079999998,3,149.94,122.95,9.22,West Asia,Gaziantep,Pending_Payment,1014,O'Brien Men's Neoprene Life Vest,49.98,2017-01-09,Standard Class,2017,1,January,1,5,Thursday,0,On Time/Early,2017,January,1,Low Profit,Low
174592,Cash,3,4,33.75,269.97,Advance Shipping,0,9,Cardio Equipment,Caguas,Puerto Rico,8758,Mary Shelton,Consumer,PR,475 Colonial Autoroute,725.0,3,Footwear,18.26347733,-66.37062836,Pacific Asia,Anqing,China,2016-02-16,28172,30.0,0.100000001,70454,99.99,0.129999995,3,299.97,269.97,33.75,Eastern Asia,Anhui,Closed,191,Nike Men's Free 5.0+ Running Shoe,99.99,2016-02-19,Standard Class,2016,2,February,1,16,Tuesday,-1,On Time/Early,2016,February,2,Low Profit,Low
165133,Debit,5,4,8.85,149.96,Late Delivery,1,29,Shop By Sport,Bakersfield,EE. UU.,4287,Stephen Smith,Home Office,CA,4629 Dusty Pony Highway,93307.0,5,Golf,35.31053162,-119.0147934,Pacific Asia,Jinjiang,China,2015-11-27,22619,49.99,0.25,56595,39.99,0.059999999,5,199.95,149.96,8.85,Eastern Asia,Fujian,Completed,627,Under Armour Girls' Toddler Spine Surge Runni,39.99,2015-12-02,Standard Class,2015,11,November,4,27,Friday,1,Delayed,2015,December,12,Low Profit,Low
103334,Transfer,5,2,12.47,197.99,Late Delivery,1,48,Water Sports,Phoenix,EE. UU.,1573,Aaron Norman,Consumer,AZ,830 Quaking Bear Grounds,85009.0,7,Fan Shop,33.45198822,-112.1262131,Europe,Oviedo,España,2015-09-19,17904,2.0,0.01,44719,199.99,0.059999999,1,199.99,197.99,12.47,Southern Europe,Asturias,Processing,1073,Pelican Sunstream 100 Kayak,199.99,2015-09-24,Second Class,2015,9,September,3,19,Saturday,3,Delayed,2015,September,9,Low Profit,Medium
124100,Transfer,6,4,25.02,90.99,Late Delivery,1,9,Cardio Equipment,Caguas,Puerto Rico,5229,Thomas Butler,Corporate,PR,4047 Indian Range,725.0,3,Footwear,18.22236061,-66.37055206,Pacific Asia,Ankara,Turquía,2016-10-16,44840,9.0,0.090000004,112012,99.99,0.280000001,1,99.99,90.99,25.02,West Asia,Ankara,Pending,191,Nike Men's Free 5.0+ Running Shoe,99.99,2016-10-22,Standard Class,2016,10,October,4,16,Sunday,2,Delayed,2016,October,10,Low Profit,Low
143749,Debit,2,4,57.94,125.95,Advance Shipping,0,46,Indoor/Outdoor Games,San Pedro,EE. UU.,4486,Patricia Carter,Corporate,CA,2328 Rustic Elk Abbey,90731.0,7,Fan Shop,33.73786926,-118.2846069,Europe,Kingswood,Reino Unido,2015-09-02,16776,23.99,0.159999996,41921,49.98,0.460000008,3,149.94,125.95,57.94,Northern Europe,Inglaterra,Completed,1014,O'Brien Men's Neoprene Life Vest,49.98,2015-09-04,Standard Class,2015,9,September,3,2,Wednesday,-2,On Time/Early,2015,September,9,Low Profit,Low
128543,Debit,6,4,29.39,117.57,Late Delivery,1,29,Shop By Sport,Baltimore,EE. UU.,7945,Mary Smith,Consumer,MD,9832 Bright Pioneer Lane,21215.0,5,Golf,39.36317062,-76.70053101,Europe,Rome,Italia,2017-06-26,62135,2.4,0.02,155349,39.99,0.25,3,119.97,117.57,29.39,Southern Europe,Lacio,Completed,627,Under Armour Girls' Toddler Spine Surge Runni,39.99,2017-07-02,Standard Class,2017,6,June,2,26,Monday,2,Delayed,2017,July,7,Low Profit,Low
134705,Transfer,6,4,-199.47,128.69,Late Delivery,1,18,Men's Footwear,Elmhurst,EE. UU.,11403,Mary Smith,Consumer,IL,3996 Crystal Zephyr Swale,60126.0,4,Apparel,41.90410233,-87.93784332,Usa,Seattle,Estados Unidos,2016-04-10,31865,1.3,0.01,79630,129.99,-1.549999952,1,129.99,128.69,-199.47,West of USA ,Washington,Pending,403,Nike Men's CJ Elite 2 TD Football Cleat,129.99,2016-04-16,Standard Class,2016,4,April,2,10,Sunday,2,Delayed,2016,April,4,Loss,Medium
170161,Transfer,6,4,87.11,239.98,Late Delivery,1,43,Camping & Hiking,Spring Valley,EE. UU.,6660,Christine Smith,Home Office,CA,5717 Shady Vista,91977.0,7,Fan Shop,32.71469498,-117.003624,Europe,Trier,Alemania,2015-10-10,19330,60.0,0.200000003,48331,299.98,0.360000014,1,299.98,239.98,87.11,Western Europe,Renania-Palatinado,Pending,957,Diamondback Women's Serene Classic Comfort Bi,299.98,2015-10-16,Standard Class,2015,10,October,4,10,Saturday,2,Delayed,2015,October,10,Low Profit,Medium
66200,Debit,6,2,58.52,124.5,Late Delivery,1,24,Women's Apparel,Pasadena,EE. UU.,6330,Mary Hodges,Consumer,MD,8165 Red Lane,21122.0,5,Golf,39.12250137,-76.58623505,Usa,Philadelphia,Estados Unidos,2016-07-20,38780,25.5,0.170000002,96825,50.0,0.469999999,3,150.0,124.5,58.52,East of USA,Pensilvania,Completed,502,Nike Men's Dri-FIT Victory Golf Polo,50.0,2016-07-26,Second Class,2016,7,July,3,20,Wednesday,4,Delayed,2016,July,7,Low Profit,Low
34310,Cash,2,4,78.56,290.98,Advance Shipping,0,43,Camping & Hiking,Irving,EE. UU.,2688,Mary Ross,Consumer,TX,5809 Foggy Treasure Grounds,75060.0,7,Fan Shop,32.8861351,-96.98526764,Usa,Los Angeles,Estados Unidos,2016-07-23,39011,9.0,0.029999999,97392,299.98,0.270000011,1,299.98,290.98,78.56,West of USA ,California,Closed,957,Diamondback Women's Serene Classic Comfort Bi,299.98,2016-07-25,Standard Class,2016,7,July,3,23,Saturday,-2,On Time/Early,2016,July,7,Low Profit,Medium
111664,Payment,1,0,38.98,149.94,Late Delivery,1,46,Indoor/Outdoor Games,Caguas,Puerto Rico,1757,Mary Smith,Consumer,PR,67 Cotton Mountain Terrace,725.0,7,Fan Shop,18.25950241,-66.37050629,Pacific Asia,Izmir,Turquía,2016-12-15,48969,0.0,0.0,122441,49.98,0.25999999,3,149.94,149.94,38.98,West Asia,Izmir,Pending_Payment,1014,O'Brien Men's Neoprene Life Vest,49.98,2016-12-16,Same Day,2016,12,December,4,15,Thursday,1,Delayed,2016,December,12,Low Profit,Low
25580,Debit,2,1,53.75,191.97,Late Delivery,1,17,Cleats,Carson,EE. UU.,3391,Rebecca Smith,Corporate,CA,7126 Shady Bluff Promenade,90745.0,4,Apparel,33.83167267,-118.0937347,Europe,Turin,Italia,2015-07-01,12456,47.99,0.200000003,31171,59.99,0.280000001,4,239.96,191.97,53.75,Southern Europe,Piamonte,Completed,365,Perfect Fitness Perfect Rip Deck,59.99,2015-07-03,First Class,2015,7,July,3,1,Wednesday,1,Delayed,2015,July,7,Low Profit,Low
98095,Debit,4,2,34.86,69.72,Late Delivery,1,40,Accessories,Santa Cruz,EE. UU.,5452,Mary Olson,Home Office,CA,3872 Colonial Pioneer Estates,95060.0,6,Outdoors,36.97051239,-122.0238266,Latin America,Coyoacán,México,2015-03-24,5643,5.25,0.07,14072,24.99,0.5,3,74.97,69.72,34.86,Central America,Distrito Federal,Completed,905,Team Golf Texas Longhorns Putter Grip,24.99,2015-03-28,Second Class,2015,3,March,1,24,Tuesday,2,Delayed,2015,March,3,Low Profit,Low
142165,Debit,2,2,105.74,224.99,Shipping On Time,0,43,Camping & Hiking,Caguas,Puerto Rico,2481,Mary Clements,Home Office,PR,2439 Quaking Cove,725.0,7,Fan Shop,18.29651833,-66.37052155,Pacific Asia,Tasikmalaya,Indonesia,2016-03-06,29506,75.0,0.25,73844,299.98,0.469999999,1,299.98,224.99,105.74,Southeast Asia,Java Occidental,On_Hold,957,Diamondback Women's Serene Classic Comfort Bi,299.98,2016-03-08,Second Class,2016,3,March,1,6,Sunday,0,On Time/Early,2016,March,3,Medium Profit,Medium
1108,Debit,4,2,138.44,314.64,Late Delivery,1,73,Sporting Goods,Newark,EE. UU.,19331,Imelda Castaneda,Home Office,DE,5860 Hidden Parkway,19711.0,2,Fitness,39.67436981,-75.76576996,Pacific Asia,Zhaoqing,China,2018-01-11,75778,13.11,0.039999999,179093,327.75,0.439999998,1,327.75,314.64,138.44,Eastern Asia,Guangdong,On_Hold,1360,Smart watch ,327.75,2018-01-15,Second Class,2018,1,January,1,11,Thursday,2,Delayed,2018,January,1,Medium Profit,Medium
139742,Transfer,4,4,47.79,106.21,Shipping On Time,0,37,Electronics,Caguas,Puerto Rico,4764,Christopher Smith,Corporate,PR,3813 Grand Dale,725.0,6,Outdoors,18.2605648,-66.3706131,Latin America,Chinandega,Nicaragua,2015-04-19,7453,21.75,0.170000002,18687,31.99,0.449999988,4,127.96,106.21,47.79,Central America,Chinandega,Processing,835,Bridgestone e6 Straight Distance NFL Carolina,31.99,2015-04-23,Standard Class,2015,4,April,2,19,Sunday,0,On Time/Early,2015,April,4,Low Profit,Low
91286,Payment,5,4,25.08,284.98,Late Delivery,1,43,Camping & Hiking,Caguas,Puerto Rico,217,Mary Hughes,Corporate,PR,1490 Silver Canyon,725.0,7,Fan Shop,18.24755859,-66.02539063,Pacific Asia,Bangalore,India,2016-01-30,27014,15.0,0.050000001,67667,299.98,0.090000004,1,299.98,284.98,25.08,South Asia,Karnataka,Pending_Payment,957,Diamondback Women's Serene Classic Comfort Bi,299.98,2016-02-04,Standard Class,2016,1,January,1,30,Saturday,1,Delayed,2016,February,2,Low Profit,Medium
134965,Transfer,4,4,3.61,41.5,Shipping On Time,0,24,Women's Apparel,Columbia,EE. UU.,8742,Mary Kim,Consumer,SC,6512 Easy Trail,29223.0,5,Golf,34.07184982,-80.95857239,Usa,Houston,Estados Unidos,2016-08-12,40383,8.5,0.170000002,100775,50.0,0.090000004,1,50.0,41.5,3.61,US Center ,Texas,Processing,502,Nike Men's Dri-FIT Victory Golf Polo,50.0,2016-08-16,Standard Class,2016,8,August,3,12,Friday,0,On Time/Early,2016,August,8,Low Profit,Low
84098,Debit,6,4,-13.44,33.59,Late Delivery,1,29,Shop By Sport,New Orleans,EE. UU.,8775,Mary Scott,Consumer,LA,3692 Cotton Horse Common,70122.0,5,Golf,30.00682259,-90.06139374,Latin America,Fort-de-France,Martinica,2017-05-23,59820,6.4,0.159999996,149734,39.99,-0.400000006,1,39.99,33.59,-13.44,Caribbean,Martinica,Completed,627,Under Armour Girls' Toddler Spine Surge Runni,39.99,2017-05-29,Standard Class,2017,5,May,2,23,Tuesday,2,Delayed,2017,May,5,Loss,Low
94552,Debit,5,4,12.9,26.87,Late Delivery,1,37,Electronics,Mesa,EE. UU.,4323,Steven Smith,Consumer,AZ,6718 High Panda Dell,85204.0,6,Outdoors,33.41001129,-111.7717972,Pacific Asia,Coimbatore,India,2016-01-08,25504,5.12,0.159999996,63898,31.99,0.479999989,1,31.99,26.87,12.9,South Asia,Tamil Nadu,On_Hold,828,Bridgestone e6 Straight Distance NFL San Dieg,31.99,2016-01-13,Standard Class,2016,1,January,1,8,Friday,1,Delayed,2016,January,1,Low Profit,Low
67053,Debit,3,4,20.17,77.58,Advance Shipping,0,29,Shop By Sport,Caguas,Puerto Rico,11736,Jeffrey Smith,Corporate,PR,2351 Misty Crest,725.0,5,Golf,18.22050858,-66.37062073,Latin America,Guadalajara,México,2017-04-13,57067,2.4,0.029999999,142757,39.99,0.25999999,2,79.98,77.58,20.17,Central America,Jalisco,Completed,627,Under Armour Girls' Toddler Spine Surge Runni,39.99,2017-04-16,Standard Class,2017,4,April,2,13,Thursday,-1,On Time/Early,2017,April,4,Low Profit,Low
30178,Transfer,6,4,91.79,254.98,Late Delivery,1,43,Camping & Hiking,Caguas,Puerto Rico,6496,Rose Smith,Home Office,PR,8013 Wishing Freeway,725.0,7,Fan Shop,18.29485703,-66.3705368,Europe,Genk,Bélgica,2017-09-26,68485,45.0,0.150000006,171245,299.98,0.360000014,1,299.98,254.98,91.79,Western Europe,Limburgo,Processing,957,Diamondback Women's Serene Classic Comfort Bi,299.98,2017-10-02,Standard Class,2017,9,September,3,26,Tuesday,2,Delayed,2017,October,10,Low Profit,Medium
130734,Cash,6,4,-34.99,49.98,Late Delivery,1,46,Indoor/Outdoor Games,Elgin,EE. UU.,1812,Mary Smith,Home Office,IL,3064 Colonial Cove,60123.0,7,Fan Shop,42.03330612,-88.29245758,Usa,Seattle,Estados Unidos,2016-04-12,32030,0.0,0.0,80083,49.98,-0.699999988,1,49.98,49.98,-34.99,West of USA ,Washington,Closed,1014,O'Brien Men's Neoprene Life Vest,49.98,2016-04-18,Standard Class,2016,4,April,2,12,Tuesday,2,Delayed,2016,April,4,Loss,Low
99470,Transfer,5,4,73.47,149.94,Late Delivery,1,46,Indoor/Outdoor Games,Virginia Beach,EE. UU.,6708,Mary Costa,Corporate,VA,6161 Hidden Bluff Trace,23455.0,7,Fan Shop,36.91083145,-76.12958527,Usa,Fort Worth,Estados Unidos,2016-08-07,40064,49.98,0.25,99976,49.98,0.49000001,4,199.92,149.94,73.47,US Center ,Texas,Pending,1014,O'Brien Men's Neoprene Life Vest,49.98,2016-08-12,Standard Class,2016,8,August,3,7,Sunday,1,Delayed,2016,August,8,Low Profit,Low
110593,Debit,2,4,77.93,236.16,Advance Shipping,0,46,Indoor/Outdoor Games,Staten Island,EE. UU.,10031,Crystal Blake,Consumer,NY,6764 Tawny Link,10306.0,7,Fan Shop,40.56678009,-74.11734772,Latin America,San Pedro Sula,Honduras,2017-02-07,52666,13.74,0.059999999,131654,49.98,0.330000013,5,249.9,236.16,77.93,Central America,Cortés,Completed,1014,O'Brien Men's Neoprene Life Vest,49.98,2017-02-09,Standard Class,2017,2,February,1,7,Tuesday,-2,On Time/Early,2017,February,2,Low Profit,Low
50229,Debit,2,4,72.9,269.98,Advance Shipping,0,43,Camping & Hiking,Rego Park,EE. UU.,3432,John Smith,Corporate,NY,430 Little Beach,11374.0,7,Fan Shop,40.73192978,-73.8688736,Africa,Pretoria,SudAfrica,2016-11-04,46126,30.0,0.100000001,115318,299.98,0.270000011,1,299.98,269.98,72.9,Southern Africa,Gauteng,Completed,957,Diamondback Women's Serene Classic Comfort Bi,299.98,2016-11-06,Standard Class,2016,11,November,4,4,Friday,-2,On Time/Early,2016,November,11,Low Profit,Medium
158156,Transfer,2,2,99.74,284.98,Shipping On Time,0,43,Camping & Hiking,Caguas,Puerto Rico,9032,Lauren Munoz,Consumer,PR,6676 Clear Centre,725.0,7,Fan Shop,18.21886635,-66.37060547,Usa,Noblesville,Estados Unidos,2016-05-14,34211,15.0,0.050000001,85413,299.98,0.349999994,1,299.98,284.98,99.74,US Center ,Indiana,Processing,957,Diamondback Women's Serene Classic Comfort Bi,299.98,2016-05-16,Second Class,2016,5,May,2,14,Saturday,0,On Time/Early,2016,May,5,Low Profit,Medium
31397,Transfer,6,4,211.48,449.96,Late Delivery,1,9,Cardio Equipment,Caguas,Puerto Rico,5009,Aaron Smith,Home Office,PR,7380 Hazy Timber Expressway,725.0,3,Footwear,18.22796059,-66.37052918,Pacific Asia,Mashhad,Irán,2016-11-22,47345,50.0,0.100000001,118365,99.99,0.469999999,5,499.95,449.96,211.48,South Asia,Jorasán Razaví,Processing,191,Nike Men's Free 5.0+ Running Shoe,99.99,2016-11-28,Standard Class,2016,11,November,4,22,Tuesday,2,Delayed,2016,November,11,Medium Profit,Low
77218,Debit,5,4,65.52,142.44,Late Delivery,1,46,Indoor/Outdoor Games,Tustin,EE. UU.,10307,Bobby Miller,Consumer,CA,6324 Jagged Orchard,92780.0,7,Fan Shop,36.82581329,-121.6408463,Europe,Milan,Italia,2017-09-23,68249,7.5,0.050000001,170624,49.98,0.460000008,3,149.94,142.44,65.52,Southern Europe,Lombardía,Completed,1014,O'Brien Men's Neoprene Life Vest,49.98,2017-09-28,Standard Class,2017,9,September,3,23,Saturday,1,Delayed,2017,September,9,Low Profit,Low
81648,Debit,3,2,73.5,210.0,Late Delivery,1,24,Women's Apparel,Wilmington,EE. UU.,283,Mary Smith,Consumer,CA,9765 Quaking Turnabout,90744.0,5,Golf,33.84475327,-118.2369156,Pacific Asia,Nom Pen,Camboya,2016-01-29,26957,40.0,0.159999996,67526,50.0,0.349999994,5,250.0,210.0,73.5,Southeast Asia,Nom Pen,On_Hold,502,Nike Men's Dri-FIT Victory Golf Polo,50.0,2016-02-01,Second Class,2016,1,January,1,29,Friday,1,Delayed,2016,February,2,Low Profit,Low
100794,Transfer,3,4,4.95,49.48,Advance Shipping,0,46,Indoor/Outdoor Games,Dallas,EE. UU.,8774,Frances Smith,Consumer,TX,7457 Middle Gate Trace,75217.0,7,Fan Shop,32.71303558,-96.69631958,Usa,Phoenix,Estados Unidos,2016-05-28,35212,0.5,0.01,87948,49.98,0.100000001,1,49.98,49.48,4.95,West of USA ,Arizona,Processing,1014,O'Brien Men's Neoprene Life Vest,49.98,2016-05-31,Standard Class,2016,5,May,2,28,Saturday,-1,On Time/Early,2016,May,5,Low Profit,Low
125088,Payment,0,0,142.54,296.95,Shipping On Time,0,17,Cleats,Caguas,Puerto Rico,8024,Christopher Smith,Consumer,PR,3006 Sleepy Leaf Farm,725.0,4,Apparel,18.21414375,-66.37052155,Europe,Birmingham,Reino Unido,2017-07-18,63651,3.0,0.01,159106,59.99,0.479999989,5,299.95,296.95,142.54,Northern Europe,Inglaterra,Pending_Payment,365,Perfect Fitness Perfect Rip Deck,59.99,2017-07-18,Same Day,2017,7,July,3,18,Tuesday,0,On Time/Early,2017,July,7,Medium Profit,Low
91944,Payment,5,4,110.53,235.16,Late Delivery,1,17,Cleats,Caguas,Puerto Rico,5015,Mary Gutierrez,Corporate,PR,6724 High Chase,725.0,4,Apparel,18.23696327,-66.3705368,Europe,Herten,Alemania,2017-07-12,63254,4.8,0.02,158144,59.99,0.469999999,4,239.96,235.16,110.53,Western Europe,Renania del Norte-Westfalia,Pending_Payment,365,Perfect Fitness Perfect Rip Deck,59.99,2017-07-17,Standard Class,2017,7,July,3,12,Wednesday,1,Delayed,2017,July,7,Medium Profit,Low
28114,Payment,2,1,8.55,42.74,Late Delivery,1,6,Tennis & Racquet,Costa Mesa,EE. UU.,2385,Sharon Smith,Corporate,CA,1440 Fallen Private,92627.0,2,Fitness,33.63584137,-117.9041443,Europe,Sarajevo,Bosnia y Herzegovina,2016-09-16,42765,2.25,0.050000001,106738,44.99,0.200000003,1,44.99,42.74,8.55,Southern Europe,Federación de Bosnia y Herzegovina,Payment_Review,116,Nike Men's Comfort 2 Slide,44.99,2016-09-18,First Class,2016,9,September,3,16,Friday,1,Delayed,2016,September,9,Low Profit,Low
163743,Debit,5,4,39.0,149.99,Late Delivery,1,9,Cardio Equipment,Philadelphia,EE. UU.,7392,Benjamin Trevino,Home Office,PA,3760 Middle Hill,19124.0,3,Footwear,40.01562119,-75.08410645,Europe,Zeist,Países Bajos,2015-10-23,20274,50.0,0.25,50633,99.99,0.25999999,2,199.98,149.99,39.0,Western Europe,Utrecht,Completed,191,Nike Men's Free 5.0+ Running Shoe,99.99,2015-10-28,Standard Class,2015,10,October,4,23,Friday,1,Delayed,2015,October,10,Low Profit,Low
111552,Payment,6,4,-29.99,149.94,Late Delivery,1,46,Indoor/Outdoor Games,Jonesboro,EE. UU.,5075,Sharon Moore,Consumer,AR,5180 Iron Brook Promenade,72401.0,7,Fan Shop,35.82093811,-90.63085938,Europe,Nitra,Eslovaquia,2016-12-22,49400,49.98,0.25,123473,49.98,-0.200000003,4,199.92,149.94,-29.99,Eastern Europe,Nitra,Pending_Payment,1014,O'Brien Men's Neoprene Life Vest,49.98,2016-12-28,Standard Class,2016,12,December,4,22,Thursday,2,Delayed,2016,December,12,Loss,Low
28852,Payment,2,1,10.8,179.96,Late Delivery,1,29,Shop By Sport,San Diego,EE. UU.,9128,Robert Smith,Corporate,CA,8773 Dewy Blossom Line,92129.0,5,Golf,32.77582169,-117.1399307,Europe,Paris,Francia,2017-08-20,65933,20.0,0.100000001,164770,39.99,0.059999999,5,199.95,179.96,10.8,Western Europe,Isla de Francia,Pending_Payment,627,Under Armour Girls' Toddler Spine Surge Runni,39.99,2017-08-22,First Class,2017,8,August,3,20,Sunday,1,Delayed,2017,August,8,Low Profit,Low
11976,Transfer,3,4,-118.21,283.48,Advance Shipping,0,43,Camping & Hiking,Caguas,Puerto Rico,12365,Mary Pearson,Home Office,PR,8732 Broad Wagon  Road,725.0,7,Fan Shop,18.28599739,-66.37062836,Europe,Saumur,Francia,2017-09-25,68372,16.5,0.059999999,170936,299.98,-0.419999987,1,299.98,283.48,-118.21,Western Europe,Países del Loira,Processing,957,Diamondback Women's Serene Classic Comfort Bi,299.98,2017-09-28,Standard Class,2017,9,September,3,25,Monday,-1,On Time/Early,2017,September,9,Loss,Medium
178698,Debit,3,2,34.43,122.95,Late Delivery,1,46,Indoor/Outdoor Games,Caguas,Puerto Rico,4907,Amanda Lopez,Consumer,PR,5214 Colonial Square,725.0,7,Fan Shop,18.27601051,-66.37059021,Latin America,Morelia,México,2015-04-20,7482,26.99,0.180000007,18761,49.98,0.280000001,3,149.94,122.95,34.43,Central America,Michoacán,Completed,1014,O'Brien Men's Neoprene Life Vest,49.98,2015-04-23,Second Class,2015,4,April,2,20,Monday,1,Delayed,2015,April,4,Low Profit,Low
55312,Payment,2,1,63.88,175.99,Late Delivery,1,48,Water Sports,Bronx,EE. UU.,956,Karen Smith,Corporate,NY,5407 Hazy Hills Point,10473.0,7,Fan Shop,40.9066658,-73.85459137,Latin America,Mérida,México,2017-04-18,57415,24.0,0.119999997,143621,199.99,0.360000014,1,199.99,175.99,63.88,Central America,Yucatán,Pending_Payment,1073,Pelican Sunstream 100 Kayak,199.99,2017-04-20,First Class,2017,4,April,2,18,Tuesday,1,Delayed,2017,April,4,Low Profit,Medium
152559,Transfer,2,1,105.55,363.98,Shipping Cancelled,0,45,Fishing,New York,EE. UU.,11460,Richard Payne,Corporate,NY,1156 Silver Sky Line,10128.0,7,Fan Shop,40.64491653,-73.9460907,Usa,San Francisco,Estados Unidos,2016-05-16,34354,36.0,0.090000004,85808,399.98,0.289999992,1,399.98,363.98,105.55,West of USA ,California,Suspected_Fraud,1004,Field & Stream Sportsman 16 Gun Fire Safe,399.98,2016-05-18,First Class,2016,5,May,2,16,Monday,1,Delayed,2016,May,5,Medium Profit,Medium
29486,Payment,5,2,57.33,116.99,Late Delivery,1,18,Men's Footwear,Chicago,EE. UU.,369,Madison Sheppard,Corporate,IL,4152 Round Log Expressway,60624.0,4,Apparel,41.89555359,-87.73274231,Latin America,Santo Domingo,República Dominicana,2017-05-22,59784,13.0,0.100000001,149625,129.99,0.49000001,1,129.99,116.99,57.33,Caribbean,Santo Domingo,Pending_Payment,403,Nike Men's CJ Elite 2 TD Football Cleat,129.99,2017-05-27,Second Class,2017,5,May,2,22,Monday,3,Delayed,2017,May,5,Low Profit,Medium
10557,Payment,4,4,30.74,245.96,Shipping On Time,0,17,Cleats,Caguas,Puerto Rico,7287,Russell Guzman,Home Office,PR,593 Iron Mountain Trail,725.0,4,Apparel,18.24269867,-66.3706131,Europe,Valencia,España,2017-07-14,63433,53.99,0.180000007,158575,59.99,0.129999995,5,299.95,245.96,30.74,Southern Europe,Valenciana,Pending_Payment,365,Perfect Fitness Perfect Rip Deck,59.99,2017-07-18,Standard Class,2017,7,July,3,14,Friday,0,On Time/Early,2017,July,7,Low Profit,Low
95508,Debit,5,4,28.39,84.0,Late Delivery,1,24,Women's Apparel,Tallahassee,EE. UU.,11232,Denise Smith,Consumer,FL,659 Iron Manor,32308.0,5,Golf,30.49506187,-84.24580383,Europe,Pontoise,Francia,2017-07-25,64169,16.0,0.159999996,160452,50.0,0.340000004,2,100.0,84.0,28.39,Western Europe,Isla de Francia,Completed,502,Nike Men's Dri-FIT Victory Golf Polo,50.0,2017-07-30,Standard Class,2017,7,July,3,25,Tuesday,1,Delayed,2017,July,7,Low Profit,Low
112710,Transfer,2,2,35.09,134.95,Shipping On Time,0,46,Indoor/Outdoor Games,Jackson,EE. UU.,11713,Mary Frost,Consumer,MI,8398 Cinder Brook Cape,49201.0,7,Fan Shop,42.10625076,-84.4058075,Europe,Berdyans'k,Ucrania,2016-10-22,45276,14.99,0.100000001,113124,49.98,0.25999999,3,149.94,134.95,35.09,Eastern Europe,Zaporiyia,Processing,1014,O'Brien Men's Neoprene Life Vest,49.98,2016-10-24,Second Class,2016,10,October,4,22,Saturday,0,On Time/Early,2016,October,10,Low Profit,Low
16111,Cash,1,0,4.95,247.5,Late Delivery,1,24,Women's Apparel,Ann Arbor,EE. UU.,11075,Mary Meyer,Consumer,MI,5676 Bright Parade,48103.0,5,Golf,42.20297241,-83.79707336,Pacific Asia,Nowra,Australia,2015-11-30,22859,2.5,0.01,57220,50.0,0.02,5,250.0,247.5,4.95,Oceania,Nueva Gales del Sur,Closed,502,Nike Men's Dri-FIT Victory Golf Polo,50.0,2015-12-01,Same Day,2015,11,November,4,30,Monday,1,Delayed,2015,December,12,Low Profit,Low
114282,Transfer,2,1,-1.41,48.48,Late Delivery,1,46,Indoor/Outdoor Games,Hesperia,EE. UU.,11890,Kenneth Sampson,Consumer,CA,5571 Rocky Knoll,92345.0,7,Fan Shop,34.35308075,-117.4370422,Latin America,Gómez Palacio,México,2015-02-02,2260,1.5,0.029999999,5657,49.98,-0.029999999,1,49.98,48.48,-1.41,Central America,Durango,Processing,1014,O'Brien Men's Neoprene Life Vest,49.98,2015-02-04,First Class,2015,2,February,1,2,Monday,1,Delayed,2015,February,2,Loss,Low
35,Payment,2,1,152.6,317.92,Late Delivery,1,73,Sporting Goods,Caguas,Puerto Rico,19458,Aurora Sharp,Corporate,PR,830 Broad Beacon Maze,725.0,2,Fitness,18.24074173,-66.03705597,Pacific Asia,Singapur,Singapur,2018-01-13,75905,9.83,0.029999999,179220,327.75,0.479999989,1,327.75,317.92,152.6,Southeast Asia,Singapur,Pending_Payment,1360,Smart watch ,327.75,2018-01-15,First Class,2018,1,January,1,13,Saturday,1,Delayed,2018,January,1,Medium Profit,Medium
132007,Payment,4,2,6.19,49.48,Late Delivery,1,46,Indoor/Outdoor Games,Washington,EE. UU.,3212,Laura Griffin,Corporate,DC,2083 Sleepy Berry Landing,20020.0,7,Fan Shop,38.8549614,-76.96936035,Pacific Asia,Yakarta,Indonesia,2016-02-05,27468,0.5,0.01,68766,49.98,0.129999995,1,49.98,49.48,6.19,Southeast Asia,Yakarta,Pending_Payment,1014,O'Brien Men's Neoprene Life Vest,49.98,2016-02-09,Second Class,2016,2,February,1,5,Friday,2,Delayed,2016,February,2,Low Profit,Low
146551,Payment,6,2,31.68,359.98,Late Delivery,1,45,Fishing,San Diego,EE. UU.,12192,Mary Carlson,Consumer,CA,5104 Rustic Downs,92114.0,7,Fan Shop,32.75422669,-117.1972122,Pacific Asia,Wadi as Sir,Jordania,2016-11-14,46850,40.0,0.100000001,117115,399.98,0.090000004,1,399.98,359.98,31.68,West Asia,Amán,Pending_Payment,1004,Field & Stream Sportsman 16 Gun Fire Safe,399.98,2016-11-20,Second Class,2016,11,November,4,14,Monday,4,Delayed,2016,November,11,Low Profit,Medium
126958,Payment,6,4,8.19,129.99,Late Delivery,1,18,Men's Footwear,Caguas,Puerto Rico,1900,Paul Mercer,Consumer,PR,7072 Blue Sky Island,725.0,4,Apparel,18.20232201,-66.3706131,Latin America,Jequié,Brasil,2017-06-11,61125,0.0,0.0,152891,129.99,0.059999999,1,129.99,129.99,8.19,South America,Bahía,Pending_Payment,403,Nike Men's CJ Elite 2 TD Football Cleat,129.99,2017-06-17,Standard Class,2017,6,June,2,11,Sunday,2,Delayed,2017,June,6,Low Profit,Medium
6873,Payment,6,4,36.08,76.76,Late Delivery,1,36,Golf Balls,Caguas,Puerto Rico,2227,Mary Smith,Home Office,PR,1836 Cozy View Orchard,725.0,6,Outdoors,18.29138756,-66.3706131,Pacific Asia,Manila,Filipinas,2016-02-06,27505,3.2,0.039999999,68842,19.99,0.469999999,4,79.96,76.76,36.08,Southeast Asia,Capital Nacional,Pending_Payment,804,Glove It Women's Imperial Golf Glove,19.99,2016-02-12,Standard Class,2016,2,February,1,6,Saturday,2,Delayed,2016,February,2,Low Profit,Low
90360,Payment,5,2,19.66,173.96,Late Delivery,1,29,Shop By Sport,Caguas,Puerto Rico,6857,Scott Fuller,Corporate,PR,1221 Easy Campus,725.0,5,Golf,18.2053566,-66.37059784,Latin America,Las Tunas,Cuba,2015-01-21,1394,25.99,0.129999995,3447,39.99,0.109999999,5,199.95,173.96,19.66,Caribbean,Las Tunas,Pending_Payment,627,Under Armour Girls' Toddler Spine Surge Runni,39.99,2015-01-26,Second Class,2015,1,January,1,21,Wednesday,3,Delayed,2015,January,1,Low Profit,Low
57481,Debit,4,4,49.4,190.0,Shipping On Time,0,24,Women's Apparel,Caguas,Puerto Rico,7062,Jack Hines,Consumer,PR,3567 Misty Circle,725.0,5,Golf,18.26926041,-66.37059021,Latin America,Soyapango,El Salvador,2017-06-01,60473,10.0,0.050000001,151337,50.0,0.25999999,4,200.0,190.0,49.4,Central America,San Salvador,On_Hold,502,Nike Men's Dri-FIT Victory Golf Polo,50.0,2017-06-05,Standard Class,2017,6,June,2,1,Thursday,0,On Time/Early,2017,June,6,Low Profit,Low
71177,Transfer,2,1,87.42,186.0,Late Delivery,1,24,Women's Apparel,West Covina,EE. UU.,11133,Mary Smith,Corporate,CA,9541 Silent Jetty,91790.0,5,Golf,34.0547142,-117.9447479,Usa,San Francisco,Estados Unidos,2016-06-08,35931,14.0,0.07,89733,50.0,0.469999999,4,200.0,186.0,87.42,West of USA ,California,Pending,502,Nike Men's Dri-FIT Victory Golf Polo,50.0,2016-06-10,First Class,2016,6,June,2,8,Wednesday,1,Delayed,2016,June,6,Low Profit,Low
82954,Debit,3,4,135.03,371.98,Advance Shipping,0,45,Fishing,Memphis,EE. UU.,2389,Mary Smith,Consumer,TN,6953 Lazy Beacon Circuit,38111.0,7,Fan Shop,35.20891571,-89.83085632,Europe,Grigny,Francia,2015-07-28,14272,28.0,0.07,35705,399.98,0.360000014,1,399.98,371.98,135.03,Western Europe,Isla de Francia,Completed,1004,Field & Stream Sportsman 16 Gun Fire Safe,399.98,2015-07-31,Standard Class,2015,7,July,3,28,Tuesday,-1,On Time/Early,2015,July,7,Medium Profit,Medium
64240,Debit,2,2,-36.37,290.98,Shipping On Time,0,43,Camping & Hiking,Detroit,EE. UU.,2475,Dennis Hall,Consumer,MI,2355 Velvet Hickory Crest,48224.0,7,Fan Shop,42.41482544,-82.9394455,Europe,Cuenca,España,2017-09-15,67751,9.0,0.029999999,169387,299.98,-0.129999995,1,299.98,290.98,-36.37,Southern Europe,Castilla-La Mancha,Completed,957,Diamondback Women's Serene Classic Comfort Bi,299.98,2017-09-17,Second Class,2017,9,September,3,15,Friday,0,On Time/Early,2017,September,9,Loss,Medium
103373,Cash,5,4,-489.58,191.99,Late Delivery,1,48,Water Sports,Caguas,Puerto Rico,10665,Sean Smith,Consumer,PR,9761 Broad Crossing,725.0,7,Fan Shop,18.230093,-66.37062836,Europe,Niort,Francia,2015-09-15,17669,8.0,0.039999999,44142,199.99,-2.549999952,1,199.99,191.99,-489.58,Western Europe,Aquitania-Lemosín-Poitou-Charentes,Closed,1073,Pelican Sunstream 100 Kayak,199.99,2015-09-20,Standard Class,2015,9,September,3,15,Tuesday,1,Delayed,2015,September,9,Loss,Medium
46611,Payment,4,4,-3.12,46.5,Shipping On Time,0,24,Women's Apparel,Indianapolis,EE. UU.,4316,Kevin Tran,Corporate,IN,6471 Gentle Bank,46226.0,5,Golf,39.83699036,-86.01907349,Usa,San Antonio,Estados Unidos,2016-08-22,41073,3.5,0.07,102538,50.0,-0.07,1,50.0,46.5,-3.12,US Center ,Texas,Pending_Payment,502,Nike Men's Dri-FIT Victory Golf Polo,50.0,2016-08-26,Standard Class,2016,8,August,3,22,Monday,0,On Time/Early,2016,August,8,Loss,Low
121274,Transfer,4,4,128.3,272.98,Shipping Cancelled,0,43,Camping & Hiking,Santa Ana,EE. UU.,11214,Joseph Mccormick,Consumer,CA,1981 Thunder Zephyr Edge,92704.0,7,Fan Shop,33.6410408,-117.9077988,Latin America,Caucaia,Brasil,2015-02-21,3553,27.0,0.090000004,8843,299.98,0.469999999,1,299.98,272.98,128.3,South America,Ceará,Cancelled,957,Diamondback Women's Serene Classic Comfort Bi,299.98,2015-02-25,Standard Class,2015,2,February,1,21,Saturday,0,On Time/Early,2015,February,2,Medium Profit,Medium
116674,Transfer,2,1,45.34,139.5,Late Delivery,1,24,Women's Apparel,Brooklyn,EE. UU.,3813,Andrew Smith,Consumer,NY,1829 Jagged Gate Forest,11201.0,5,Golf,40.62839508,-73.94129944,Pacific Asia,Harbin,China,2016-02-21,28500,10.5,0.07,71328,50.0,0.330000013,3,150.0,139.5,45.34,Eastern Asia,Heilongjiang,Processing,502,Nike Men's Dri-FIT Victory Golf Polo,50.0,2016-02-23,First Class,2016,2,February,1,21,Sunday,1,Delayed,2016,February,2,Low Profit,Low
113731,Transfer,3,4,59.13,181.93,Advance Shipping,0,46,Indoor/Outdoor Games,Morristown,EE. UU.,5609,Michael Bailey,Consumer,NJ,7106 Emerald Pony Mountain,7960.0,7,Fan Shop,40.79858398,-74.4823761,Latin America,Zapopan,México,2015-03-04,4252,17.99,0.090000004,10635,49.98,0.330000013,4,199.92,181.93,59.13,Central America,Jalisco,Pending,1014,O'Brien Men's Neoprene Life Vest,49.98,2015-03-07,Standard Class,2015,3,March,1,4,Wednesday,-1,On Time/Early,2015,March,3,Low Profit,Low
102236,Payment,2,4,5.94,197.99,Advance Shipping,0,48,Water Sports,Detroit,EE. UU.,1850,Emily Riggs,Corporate,MI,2787 Quaking Common,48235.0,7,Fan Shop,42.43819809,-83.17873383,Pacific Asia,Manila,Filipinas,2015-11-28,22701,2.0,0.01,56814,199.99,0.029999999,1,199.99,197.99,5.94,Southeast Asia,Capital Nacional,Pending_Payment,1073,Pelican Sunstream 100 Kayak,199.99,2015-11-30,Standard Class,2015,11,November,4,28,Saturday,-2,On Time/Early,2015,November,11,Low Profit,Medium
14310,Debit,6,4,-72.59,263.97,Late Delivery,1,9,Cardio Equipment,Toms River,EE. UU.,963,Eugene Smith,Corporate,NJ,5382 Hazy Pathway,8753.0,3,Footwear,39.98124695,-74.18277741,Usa,Los Angeles,Estados Unidos,2016-08-21,41005,36.0,0.119999997,102356,99.99,-0.280000001,3,299.97,263.97,-72.59,West of USA ,California,Completed,191,Nike Men's Free 5.0+ Running Shoe,99.99,2016-08-27,Standard Class,2016,8,August,3,21,Sunday,2,Delayed,2016,August,8,Loss,Low
3959,Cash,1,0,51.73,112.46,Late Delivery,1,40,Accessories,Caguas,Puerto Rico,1525,Ralph Washington,Corporate,PR,5352 Jagged Subdivision,725.0,6,Outdoors,18.27647972,-66.37059784,Europe,Klaip?da,Lituania,2016-10-09,44372,12.5,0.100000001,110775,24.99,0.460000008,5,124.95,112.46,51.73,Northern Europe,Klaip?da,Closed,906,Team Golf Tennessee Volunteers Putter Grip,24.99,2016-10-10,Same Day,2016,10,October,4,9,Sunday,1,Delayed,2016,October,10,Low Profit,Low
20849,Debit,3,4,407.4,1455.0,Advance Shipping,0,64,Computers,Caguas,Puerto Rico,18080,Ann Bailey,Consumer,PR,7885 Misty Knoll,725.0,10,Technology,18.27580452,-66.03705597,Pacific Asia,Bangkok,Tailandia,2017-12-23,74527,45.0,0.029999999,177842,1500.0,0.280000001,1,1500.0,1455.0,407.4,Southeast Asia,Bangkok,Completed,1351,Dell Laptop,1500.0,2017-12-26,Standard Class,2017,12,December,4,23,Saturday,-1,On Time/Early,2017,December,12,Medium Profit,Premium
92363,Payment,6,4,91.3,207.5,Late Delivery,1,24,Women's Apparel,Caguas,Puerto Rico,8411,Harold Smith,Corporate,PR,7894 Colonial Knoll,725.0,5,Golf,18.21080971,-66.37059784,Pacific Asia,Ninghai,China,2015-12-13,23720,42.5,0.170000002,59345,50.0,0.439999998,5,250.0,207.5,91.3,Eastern Asia,Shandong,Pending_Payment,502,Nike Men's Dri-FIT Victory Golf Polo,50.0,2015-12-19,Standard Class,2015,12,December,4,13,Sunday,2,Delayed,2015,December,12,Low Profit,Low
82492,Debit,2,4,17.24,50.99,Advance Shipping,0,17,Cleats,Hollywood,EE. UU.,11136,Gloria Smith,Consumer,FL,8284 Pleasant Pine Villas,33021.0,4,Apparel,26.00035858,-80.25123596,Europe,Munster,Alemania,2017-06-21,61811,9.0,0.150000006,154514,59.99,0.340000004,1,59.99,50.99,17.24,Western Europe,Baja Sajonia,Completed,365,Perfect Fitness Perfect Rip Deck,59.99,2017-06-23,Standard Class,2017,6,June,2,21,Wednesday,-2,On Time/Early,2017,June,6,Low Profit,Low
92056,Payment,4,4,85.05,189.0,Shipping On Time,0,24,Women's Apparel,Caguas,Puerto Rico,4517,Mary Cline,Corporate,PR,1469 Cinder Leaf Cape,725.0,5,Golf,18.29146767,-66.37060547,Latin America,Itamaraju,Brasil,2017-04-01,56283,11.0,0.059999999,140764,50.0,0.449999988,4,200.0,189.0,85.05,South America,Bahía,Pending_Payment,502,Nike Men's Dri-FIT Victory Golf Polo,50.0,2017-04-05,Standard Class,2017,4,April,2,1,Saturday,0,On Time/Early,2017,April,4,Low Profit,Low
110354,Transfer,2,1,76.43,272.98,Late Delivery,1,43,Camping & Hiking,Oxnard,EE. UU.,8698,Mary Allen,Consumer,CA,5443 Old Timber Expressway,93030.0,7,Fan Shop,34.26338196,-119.1467667,Pacific Asia,Delhi,India,2016-02-03,27293,27.0,0.090000004,68372,299.98,0.280000001,1,299.98,272.98,76.43,South Asia,Delhi,Processing,957,Diamondback Women's Serene Classic Comfort Bi,299.98,2016-02-05,First Class,2016,2,February,1,3,Wednesday,1,Delayed,2016,February,2,Low Profit,Medium
135766,Transfer,4,4,32.67,104.38,Shipping Cancelled,0,3,Baseball & Softball,Waukegan,EE. UU.,4038,Mary Smith,Consumer,IL,5961 Velvet Creek Cape,60085.0,2,Fitness,42.365345,-87.83589935,Usa,Pleasant Grove,Estados Unidos,2016-07-13,38358,15.6,0.129999995,95729,59.99,0.310000002,2,119.98,104.38,32.67,West of USA ,Utah,Cancelled,44,adidas Men's F10 Messi TRX FG Soccer Cleat,59.99,2016-07-17,Standard Class,2016,7,July,3,13,Wednesday,0,On Time/Early,2016,July,7,Low Profit,Low
166849,Payment,4,4,-12.72,54.59,Shipping On Time,0,17,Cleats,Oceanside,EE. UU.,9778,Kathy Maddox,Home Office,CA,3427 Iron Willow Villas,92054.0,4,Apparel,33.20246124,-117.3142853,Latin America,Buenos Aires,Argentina,2017-03-25,55793,5.4,0.090000004,139531,59.99,-0.230000004,1,59.99,54.59,-12.72,South America,Buenos Aires,Pending_Payment,365,Perfect Fitness Perfect Rip Deck,59.99,2017-03-29,Standard Class,2017,3,March,1,25,Saturday,0,On Time/Early,2017,March,3,Loss,Low
150725,Payment,2,1,3.64,363.96,Late Delivery,1,9,Cardio Equipment,Caguas,Puerto Rico,9876,Mary Smith,Home Office,PR,2878 Hazy Wagon  Thicket,725.0,3,Footwear,18.27272224,-66.37054443,Europe,Bordeaux,Francia,2015-08-06,14900,36.0,0.090000004,37315,99.99,0.01,4,399.96,363.96,3.64,Western Europe,Aquitania-Lemosín-Poitou-Charentes,Pending_Payment,191,Nike Men's Free 5.0+ Running Shoe,99.99,2015-08-08,First Class,2015,8,August,3,6,Thursday,1,Delayed,2015,August,8,Low Profit,Low
174882,Cash,6,4,27.72,439.96,Late Delivery,1,9,Cardio Equipment,Caguas,Puerto Rico,3498,Elizabeth Ramos,Consumer,PR,7342 Hidden Walk,725.0,3,Footwear,18.28766632,-66.3705368,Europe,Southend-on-Sea,Reino Unido,2017-08-01,64645,59.99,0.119999997,161584,99.99,0.059999999,5,499.95,439.96,27.72,Northern Europe,Inglaterra,Closed,191,Nike Men's Free 5.0+ Running Shoe,99.99,2017-08-07,Standard Class,2017,8,August,3,1,Tuesday,2,Delayed,2017,August,8,Low Profit,Low
69008,Payment,1,0,3.78,59.99,Late Delivery,1,17,Cleats,Caguas,Puerto Rico,4601,Mary Huber,Corporate,PR,4546 Silver Goose Highlands,725.0,4,Apparel,18.29389763,-66.37058258,Europe,Viena,Austria,2015-07-26,14157,0.0,0.0,35428,59.99,0.059999999,1,59.99,59.99,3.78,Western Europe,Viena,Pending_Payment,365,Perfect Fitness Perfect Rip Deck,59.99,2015-07-27,Same Day,2015,7,July,3,26,Sunday,1,Delayed,2015,July,7,Low Profit,Low
142646,Transfer,2,1,49.96,146.94,Late Delivery,1,46,Indoor/Outdoor Games,Caguas,Puerto Rico,8605,Johnny Morse,Home Office,PR,4149 Gentle Log Cape,725.0,7,Fan Shop,18.20575523,-66.37055206,Pacific Asia,Tangshan,China,2015-10-30,20743,3.0,0.02,51836,49.98,0.340000004,3,149.94,146.94,49.96,Eastern Asia,Hebei,Pending,1014,O'Brien Men's Neoprene Life Vest,49.98,2015-11-01,First Class,2015,10,October,4,30,Friday,1,Delayed,2015,November,11,Low Profit,Low
75968,Transfer,2,1,21.69,191.99,Late Delivery,1,48,Water Sports,Caguas,Puerto Rico,400,Matthew Vaughan,Corporate,PR,7538 High Heights,725.0,7,Fan Shop,18.24760056,-66.02527618,Latin America,Talcahuano,Chile,2015-03-09,4621,8.0,0.039999999,11586,199.99,0.109999999,1,199.99,191.99,21.69,South America,Bío-Bío,Processing,1073,Pelican Sunstream 100 Kayak,199.99,2015-03-11,First Class,2015,3,March,1,9,Monday,1,Delayed,2015,March,3,Low Profit,Medium
157725,Transfer,6,2,99.94,379.98,Shipping Cancelled,0,45,Fishing,Caguas,Puerto Rico,6977,Mary Short,Consumer,PR,5486 Jagged Lake Avenue,725.0,7,Fan Shop,18.21075821,-66.3705368,Europe,Lyon,Francia,2015-08-17,15640,20.0,0.050000001,39104,399.98,0.25999999,1,399.98,379.98,99.94,Western Europe,Auvernia-Ródano-Alpes,Suspected_Fraud,1004,Field & Stream Sportsman 16 Gun Fire Safe,399.98,2015-08-23,Second Class,2015,8,August,3,17,Monday,4,Delayed,2015,August,8,Low Profit,Medium
119633,Transfer,3,2,-12.5,176.0,Shipping Cancelled,0,24,Women's Apparel,San Jose,EE. UU.,2917,Kyle Smith,Consumer,CA,7620 Misty Highlands,95125.0,5,Golf,37.26377106,-121.72686,Latin America,Mexico City,México,2017-01-25,51742,24.0,0.119999997,129274,50.0,-0.07,4,200.0,176.0,-12.5,Central America,Distrito Federal,Suspected_Fraud,502,Nike Men's Dri-FIT Victory Golf Polo,50.0,2017-01-28,Second Class,2017,1,January,1,25,Wednesday,1,Delayed,2017,January,1,Loss,Low
3493,Debit,2,2,-113.39,251.98,Shipping On Time,0,43,Camping & Hiking,Caguas,Puerto Rico,8625,Mary Smith,Consumer,PR,902 Little Falls,725.0,7,Fan Shop,18.26588821,-66.37058258,Latin America,São Paulo,Brasil,2017-01-18,51301,48.0,0.159999996,128206,299.98,-0.449999988,1,299.98,251.98,-113.39,South America,São Paulo,On_Hold,957,Diamondback Women's Serene Classic Comfort Bi,299.98,2017-01-20,Second Class,2017,1,January,1,18,Wednesday,0,On Time/Early,2017,January,1,Loss,Medium
107953,Payment,5,4,37.8,135.0,Late Delivery,1,24,Women's Apparel,Rego Park,EE. UU.,9179,Mary Pearson,Consumer,NY,1109 Heather Rise,11374.0,5,Golf,40.73192978,-73.8688736,Latin America,Villa Frontera,México,2017-02-27,53999,15.0,0.100000001,135017,50.0,0.280000001,3,150.0,135.0,37.8,Central America,Coahuila,Pending_Payment,502,Nike Men's Dri-FIT Victory Golf Polo,50.0,2017-03-04,Standard Class,2017,2,February,1,27,Monday,1,Delayed,2017,March,3,Low Profit,Low
136282,Transfer,5,4,44.63,127.5,Late Delivery,1,24,Women's Apparel,Carrollton,EE. UU.,2641,Betty Spears,Consumer,TX,6398 Indian Brook Valley,75006.0,5,Golf,32.96593094,-96.84902191,Latin America,Holguín,Cuba,2015-04-03,6304,22.5,0.150000006,15778,50.0,0.349999994,3,150.0,127.5,44.63,Caribbean,Holguín,Pending,502,Nike Men's Dri-FIT Victory Golf Polo,50.0,2015-04-08,Standard Class,2015,4,April,2,3,Friday,1,Delayed,2015,April,4,Low Profit,Low
152465,Debit,2,4,38.4,383.98,Advance Shipping,0,45,Fishing,Dallas,EE. UU.,8307,Kimberly Irwin,Consumer,TX,9922 Umber Promenade,75228.0,7,Fan Shop,32.81010819,-96.68649292,Usa,San Francisco,Estados Unidos,2016-05-22,34746,16.0,0.039999999,86794,399.98,0.100000001,1,399.98,383.98,38.4,West of USA ,California,Completed,1004,Field & Stream Sportsman 16 Gun Fire Safe,399.98,2016-05-24,Standard Class,2016,5,May,2,22,Sunday,-2,On Time/Early,2016,May,5,Low Profit,Medium
142883,Transfer,5,4,60.43,232.41,Late Delivery,1,46,Indoor/Outdoor Games,Billings,EE. UU.,9548,Benjamin Washington,Corporate,MT,325 Misty Forest,59102.0,7,Fan Shop,45.76350021,-108.5342636,Europe,Mulhouse,Francia,2015-10-18,19869,17.49,0.07,49653,49.98,0.25999999,5,249.9,232.41,60.43,Western Europe,Alsacia-Champaña-Ardenas-Lorena,Pending,1014,O'Brien Men's Neoprene Life Vest,49.98,2015-10-23,Standard Class,2015,10,October,4,18,Sunday,1,Delayed,2015,October,10,Low Profit,Low
25366,Debit,2,1,34.22,91.25,Late Delivery,1,12,Boxing & MMA,Santa Clara,EE. UU.,7401,Mary Moore,Corporate,CA,5401 Hidden Island Hollow,95051.0,3,Footwear,37.34420395,-121.9884415,Pacific Asia,Basra,Irak,2016-08-29,41549,18.69,0.170000002,103719,54.97,0.379999995,2,109.94,91.25,34.22,West Asia,Basora,On_Hold,249,Under Armour Women's Micro G Skulpt Running S,54.97,2016-08-31,First Class,2016,8,August,3,29,Monday,1,Delayed,2016,August,8,Low Profit,Low
114627,Payment,5,2,93.49,217.41,Late Delivery,1,46,Indoor/Outdoor Games,Moline,EE. UU.,2444,Kenneth Smith,Consumer,IL,9772 Indian Island Moor,61265.0,7,Fan Shop,41.49992752,-90.51541138,Latin America,Jurema,Brasil,2015-01-16,1044,32.49,0.129999995,2603,49.98,0.430000007,5,249.9,217.41,93.49,South America,Pernambuco,Pending_Payment,1014,O'Brien Men's Neoprene Life Vest,49.98,2015-01-21,Second Class,2015,1,January,1,16,Friday,3,Delayed,2015,January,1,Low Profit,Low
115524,Debit,2,1,25.99,387.98,Late Delivery,1,45,Fishing,Bell Gardens,EE. UU.,7464,Mary Ramirez,Consumer,CA,6502 Hazy Promenade,90201.0,7,Fan Shop,33.97483063,-118.1829376,Europe,Hamburgo,Alemania,2017-08-30,66598,12.0,0.029999999,166468,399.98,0.07,1,399.98,387.98,25.99,Western Europe,Hamburgo,Completed,1004,Field & Stream Sportsman 16 Gun Fire Safe,399.98,2017-09-01,First Class,2017,8,August,3,30,Wednesday,1,Delayed,2017,September,9,Low Profit,Medium
62208,Debit,6,4,61.5,163.99,Late Delivery,1,48,Water Sports,Rowland Heights,EE. UU.,7777,Evelyn Rogers,Consumer,CA,5760 High Circle,91748.0,7,Fan Shop,34.1051712,-118.0531235,Latin America,Huehuetenango,Guatemala,2015-04-16,7205,36.0,0.180000007,18039,199.99,0.379999995,1,199.99,163.99,61.5,Central America,Huehuetenango,Completed,1073,Pelican Sunstream 100 Kayak,199.99,2015-04-22,Standard Class,2015,4,April,2,16,Thursday,2,Delayed,2015,April,4,Low Profit,Medium
142020,Debit,6,2,23.5,50.0,Late Delivery,1,24,Women's Apparel,Caguas,Puerto Rico,4768,Amanda Hays,Home Office,PR,7213 Sleepy Cove,725.0,5,Golf,18.24871254,-66.37062073,Latin America,Durango,México,2017-05-09,58875,0.0,0.0,147377,50.0,0.469999999,1,50.0,50.0,23.5,Central America,Durango,Completed,502,Nike Men's Dri-FIT Victory Golf Polo,50.0,2017-05-15,Second Class,2017,5,May,2,9,Tuesday,4,Delayed,2017,May,5,Low Profit,Low
103124,Debit,3,2,-37.2,185.99,Late Delivery,1,48,Water Sports,South El Monte,EE. UU.,2274,Mary Reed,Consumer,CA,6231 Green Meadow,91733.0,7,Fan Shop,34.04491425,-118.0166092,Europe,Lyon,Francia,2015-10-02,18802,14.0,0.07,47017,199.99,-0.200000003,1,199.99,185.99,-37.2,Western Europe,Auvernia-Ródano-Alpes,Completed,1073,Pelican Sunstream 100 Kayak,199.99,2015-10-05,Second Class,2015,10,October,4,2,Friday,1,Delayed,2015,October,10,Loss,Medium
117342,Transfer,1,0,108.89,299.98,Late Delivery,1,43,Camping & Hiking,Phoenix,EE. UU.,6313,Zachary Smith,Consumer,AZ,4155 Cinder Hickory Thicket,85032.0,7,Fan Shop,33.60445786,-111.9907379,Latin America,Blumenau,Brasil,2015-02-09,2719,0.0,0.0,6807,299.98,0.360000014,1,299.98,299.98,108.89,South America,Santa Catarina,Processing,957,Diamondback Women's Serene Classic Comfort Bi,299.98,2015-02-10,Same Day,2015,2,February,1,9,Monday,1,Delayed,2015,February,2,Medium Profit,Medium
1749,Transfer,4,4,76.03,155.16,Shipping On Time,0,29,Shop By Sport,Fort Lauderdale,EE. UU.,9253,Benjamin Smith,Consumer,FL,5593 Blue Anchor Avenue,33313.0,5,Golf,26.15128136,-80.21017456,Europe,Tarbes,Francia,2015-06-27,12158,4.8,0.029999999,30388,39.99,0.49000001,4,159.96,155.16,76.03,Western Europe,Languedoc-Rosellón-Mediodía-Pirineos,Processing,627,Under Armour Girls' Toddler Spine Surge Runni,39.99,2015-07-01,Standard Class,2015,6,June,2,27,Saturday,0,On Time/Early,2015,July,7,Low Profit,Low
55947,Debit,2,4,78.72,163.99,Advance Shipping,0,48,Water Sports,Caguas,Puerto Rico,2942,Mary Taylor,Consumer,PR,9332 Round Limits,725.0,7,Fan Shop,18.25472069,-66.37059784,Latin America,Santiago de Chile,Chile,2017-03-09,54701,36.0,0.180000007,136794,199.99,0.479999989,1,199.99,163.99,78.72,South America,Santiago de Chile,Completed,1073,Pelican Sunstream 100 Kayak,199.99,2017-03-11,Standard Class,2017,3,March,1,9,Thursday,-2,On Time/Early,2017,March,3,Low Profit,Medium
82202,Debit,6,4,45.04,128.69,Late Delivery,1,18,Men's Footwear,Wayne,EE. UU.,1465,Mary Smith,Consumer,NJ,8495 Lazy Rabbit Diversion,7470.0,4,Apparel,40.95141602,-74.22407532,Europe,Amberes,Bélgica,2015-09-26,18370,1.3,0.01,45906,129.99,0.349999994,1,129.99,128.69,45.04,Western Europe,Amberes,Completed,403,Nike Men's CJ Elite 2 TD Football Cleat,129.99,2015-10-02,Standard Class,2015,9,September,3,26,Saturday,2,Delayed,2015,October,10,Low Profit,Medium
127396,Payment,5,4,56.25,224.99,Late Delivery,1,43,Camping & Hiking,Caguas,Puerto Rico,3339,Mary Payne,Consumer,PR,4221 Broad Limits,725.0,7,Fan Shop,18.28372192,-66.37052918,Latin America,San Salvador,El Salvador,2015-02-22,3594,75.0,0.25,8933,299.98,0.25,1,299.98,224.99,56.25,Central America,San Salvador,Pending_Payment,957,Diamondback Women's Serene Classic Comfort Bi,299.98,2015-02-27,Standard Class,2015,2,February,1,22,Sunday,1,Delayed,2015,February,2,Low Profit,Medium
21699,Debit,5,4,38.22,113.09,Late Delivery,1,18,Men's Footwear,Caguas,Puerto Rico,10113,Frances Ward,Consumer,PR,3045 Grand Pony Promenade,725.0,4,Apparel,18.28389931,-66.37062836,Usa,Salem,Estados Unidos,2016-06-11,36144,16.9,0.129999995,90268,129.99,0.340000004,1,129.99,113.09,38.22,West of USA ,Oregón,Completed,403,Nike Men's CJ Elite 2 TD Football Cleat,129.99,2016-06-16,Standard Class,2016,6,June,2,11,Saturday,1,Delayed,2016,June,6,Low Profit,Medium
50639,Cash,6,4,-85.8,263.99,Late Delivery,1,35,Golf Gloves,Visalia,EE. UU.,10706,Joshua Smith,Consumer,CA,3698 Dusty Diversion,93277.0,6,Outdoors,36.29843521,-119.3312988,Europe,Alfortville,Francia,2017-09-21,68145,36.0,0.119999997,170376,299.99,-0.330000013,1,299.99,263.99,-85.8,Western Europe,Isla de Francia,Closed,768,Titleist Club Glove Travel Cover,299.99,2017-09-27,Standard Class,2017,9,September,3,21,Thursday,2,Delayed,2017,September,9,Loss,Medium
3266,Payment,4,4,-180.17,109.19,Shipping On Time,0,18,Men's Footwear,Caguas,Puerto Rico,10747,Mary Bates,Home Office,PR,4775 Old Street,725.0,4,Apparel,18.25805283,-66.37055206,Pacific Asia,Gongzhuling,China,2015-11-07,21303,20.8,0.159999996,53279,129.99,-1.649999976,1,129.99,109.19,-180.17,Eastern Asia,Jilin,Pending_Payment,403,Nike Men's CJ Elite 2 TD Football Cleat,129.99,2015-11-11,Standard Class,2015,11,November,4,7,Saturday,0,On Time/Early,2015,November,11,Loss,Medium
13452,Debit,4,4,46.43,107.98,Shipping On Time,0,17,Cleats,Chesapeake,EE. UU.,4177,Linda Smith,Corporate,VA,8990 Heather Barn Pathway,23322.0,4,Apparel,36.70524979,-76.2432785,Latin America,Puebla,México,2017-04-27,58068,12.0,0.100000001,145286,59.99,0.430000007,2,119.98,107.98,46.43,Central America,Puebla,On_Hold,365,Perfect Fitness Perfect Rip Deck,59.99,2017-05-01,Standard Class,2017,4,April,2,27,Thursday,0,On Time/Early,2017,May,5,Low Profit,Low
176154,Debit,2,1,63.45,135.0,Late Delivery,1,24,Women's Apparel,Caguas,Puerto Rico,8024,Christopher Smith,Consumer,PR,3006 Sleepy Leaf Farm,725.0,5,Golf,18.21414375,-66.37052155,Latin America,Saltillo,México,2017-02-03,52373,15.0,0.100000001,130886,50.0,0.469999999,3,150.0,135.0,63.45,Central America,Coahuila,Completed,502,Nike Men's Dri-FIT Victory Golf Polo,50.0,2017-02-05,First Class,2017,2,February,1,3,Friday,1,Delayed,2017,February,2,Low Profit,Low
23568,Cash,2,4,-176.08,263.98,Advance Shipping,0,43,Camping & Hiking,Frankfort,EE. UU.,6373,Mary Walker,Corporate,KY,7094 Pleasant Street,40601.0,7,Fan Shop,38.11861801,-84.96742249,Pacific Asia,Mersin,Turquía,2016-09-16,42776,36.0,0.119999997,106772,299.98,-0.670000017,1,299.98,263.98,-176.08,West Asia,Mersin,Closed,957,Diamondback Women's Serene Classic Comfort Bi,299.98,2016-09-18,Standard Class,2016,9,September,3,16,Friday,-2,On Time/Early,2016,September,9,Loss,Medium
5617,Transfer,2,1,0.0,112.5,Late Delivery,1,7,Hockey,Columbia,EE. UU.,3377,Ralph Smith,Consumer,SC,4545 Quaking Hickory Ledge,29223.0,2,Fitness,33.99906921,-80.81486511,Europe,Hamburgo,Alemania,2015-08-09,15116,12.5,0.100000001,37823,25.0,0.0,5,125.0,112.5,0.0,Western Europe,Hamburgo,Pending,134,Nike Women's Legend V-Neck T-Shirt,25.0,2015-08-11,First Class,2015,8,August,3,9,Sunday,1,Delayed,2015,August,8,Low Profit,Low
56082,Payment,6,4,63.88,188.99,Late Delivery,1,48,Water Sports,Brooklyn,EE. UU.,5291,Carolyn Johnson,Consumer,NY,122 Stony Quail Canyon,11201.0,7,Fan Shop,40.69200897,-73.9917984,Latin America,Arraiján,Panamá,2017-02-28,54110,11.0,0.059999999,135301,199.99,0.340000004,1,199.99,188.99,63.88,Central America,Panamá,Pending_Payment,1073,Pelican Sunstream 100 Kayak,199.99,2017-03-06,Standard Class,2017,2,February,1,28,Tuesday,2,Delayed,2017,March,3,Low Profit,Medium
148458,Debit,4,4,10.81,122.84,Shipping On Time,0,18,Men's Footwear,Caguas,Puerto Rico,4962,Arthur Smith,Home Office,PR,8164 Silver Plaza,725.0,4,Apparel,18.26270294,-66.3705368,Europe,Sale,Reino Unido,2015-08-13,15393,7.15,0.059999999,38498,129.99,0.090000004,1,129.99,122.84,10.81,Northern Europe,Inglaterra,Completed,403,Nike Men's CJ Elite 2 TD Football Cleat,129.99,2015-08-17,Standard Class,2015,8,August,3,13,Thursday,0,On Time/Early,2015,August,8,Low Profit,Medium
172387,Cash,2,1,47.28,126.09,Late Delivery,1,18,Men's Footwear,Caguas,Puerto Rico,2242,Mary Johnson,Consumer,PR,7258 Grand Pond Acres,725.0,4,Apparel,18.29656792,-66.37059784,Latin America,Caracas,Venezuela,2017-05-09,58878,3.9,0.029999999,147384,129.99,0.379999995,1,129.99,126.09,47.28,South America,Distrito Capital,Closed,403,Nike Men's CJ Elite 2 TD Football Cleat,129.99,2017-05-11,First Class,2017,5,May,2,9,Tuesday,1,Delayed,2017,May,5,Low Profit,Medium
139457,Transfer,6,4,65.48,145.5,Late Delivery,1,24,Women's Apparel,Caguas,Puerto Rico,9690,Edward Mccoy,Corporate,PR,742 High Lake Farm,725.0,5,Golf,18.25218201,-66.37059021,Pacific Asia,Maryborough,Australia,2016-02-12,27925,4.5,0.029999999,69893,50.0,0.449999988,3,150.0,145.5,65.48,Oceania,Queensland,Pending,502,Nike Men's Dri-FIT Victory Golf Polo,50.0,2016-02-18,Standard Class,2016,2,February,1,12,Friday,2,Delayed,2016,February,2,Low Profit,Low
134561,Transfer,2,4,11.29,33.39,Advance Shipping,0,75,Video Games,Portland,EE. UU.,17124,Wynter Mathews,Consumer,OR,4166 Golden Willow Circuit,97223.0,9,Discs Shop,45.44815064,-122.7694931,Pacific Asia,Cairns,Australia,2017-12-09,73571,6.36,0.159999996,176886,39.75,0.340000004,1,39.75,33.39,11.29,Oceania,Queensland,Processing,1362,Fighting video games,39.75,2017-12-11,Standard Class,2017,12,December,4,9,Saturday,-2,On Time/Early,2017,December,12,Low Profit,Low
143939,Cash,5,4,-36.8,47.98,Late Delivery,1,46,Indoor/Outdoor Games,Caguas,Puerto Rico,1744,Anna Bowers,Corporate,PR,6473 Bright Expressway,725.0,7,Fan Shop,18.23983002,-66.3705368,Europe,Roissy-en-Brie,Francia,2015-08-22,16029,2.0,0.039999999,40048,49.98,-0.769999981,1,49.98,47.98,-36.8,Western Europe,Isla de Francia,Closed,1014,O'Brien Men's Neoprene Life Vest,49.98,2015-08-27,Standard Class,2015,8,August,3,22,Saturday,1,Delayed,2015,August,8,Loss,Low
44463,Debit,0,0,27.55,95.0,Shipping On Time,0,24,Women's Apparel,Hanford,EE. UU.,9470,Bryan Smith,Consumer,CA,3927 Rustic Mews,93230.0,5,Golf,36.33087921,-119.6439438,Latin America,Bridgetown,Barbados,2017-05-25,59954,5.0,0.050000001,150042,50.0,0.289999992,2,100.0,95.0,27.55,Caribbean,San Miguel,Completed,502,Nike Men's Dri-FIT Victory Golf Polo,50.0,2017-05-25,Same Day,2017,5,May,2,25,Thursday,0,On Time/Early,2017,May,5,Low Profit,Low
57542,Debit,5,4,74.87,230.36,Late Delivery,1,17,Cleats,Caguas,Puerto Rico,3797,David Gutierrez,Consumer,PR,8321 Little Stead,725.0,4,Apparel,18.27091599,-66.37056732,Pacific Asia,Yancheng,China,2016-02-18,28299,9.6,0.039999999,70803,59.99,0.330000013,4,239.96,230.36,74.87,Eastern Asia,Jiangsu,Completed,365,Perfect Fitness Perfect Rip Deck,59.99,2016-02-23,Standard Class,2016,2,February,1,18,Thursday,1,Delayed,2016,February,2,Low Profit,Low
12184,Debit,6,2,35.33,185.95,Late Delivery,1,29,Shop By Sport,Caguas,Puerto Rico,10308,Mary Smith,Consumer,PR,1612 Golden Willow Crest,725.0,5,Golf,18.27949333,-66.37052918,Europe,Six-Fours-les-Plages,Francia,2017-07-05,62795,14.0,0.07,156996,39.99,0.189999998,5,199.95,185.95,35.33,Western Europe,Provenza-Alpes-Costa Azul,Completed,627,Under Armour Girls' Toddler Spine Surge Runni,39.99,2017-07-11,Second Class,2017,7,July,3,5,Wednesday,4,Delayed,2017,July,7,Low Profit,Low
9771,Payment,2,1,107.8,296.98,Late Delivery,1,43,Camping & Hiking,Beaverton,EE. UU.,7110,Thomas Farley,Consumer,OR,593 Silent Dale Pointe,97007.0,7,Fan Shop,45.48323059,-122.8469543,Europe,Barcelona,España,2017-09-25,68388,3.0,0.01,170977,299.98,0.360000014,1,299.98,296.98,107.8,Southern Europe,Cataluña,Pending_Payment,957,Diamondback Women's Serene Classic Comfort Bi,299.98,2017-09-27,First Class,2017,9,September,3,25,Monday,1,Delayed,2017,September,9,Medium Profit,Medium
43260,Debit,2,1,5.76,287.97,Late Delivery,1,9,Cardio Equipment,Houston,EE. UU.,5749,Mary Smith,Consumer,TX,6058 Fallen Walk,77084.0,3,Footwear,29.86195946,-95.64417267,Usa,San Diego,Estados Unidos,2016-05-20,34609,12.0,0.039999999,86434,99.99,0.02,3,299.97,287.97,5.76,West of USA ,California,Completed,191,Nike Men's Free 5.0+ Running Shoe,99.99,2016-05-22,First Class,2016,5,May,2,20,Friday,1,Delayed,2016,May,5,Low Profit,Low
34102,Cash,2,4,99.74,284.98,Advance Shipping,0,43,Camping & Hiking,Fresno,EE. UU.,1860,Christopher Osborn,Consumer,CA,7706 Foggy Pine Wynd,93702.0,7,Fan Shop,36.84977341,-119.7836075,Pacific Asia,Srinagar,India,2016-03-10,29751,15.0,0.050000001,74439,299.98,0.349999994,1,299.98,284.98,99.74,South Asia,Jammu y Cachemira,Closed,957,Diamondback Women's Serene Classic Comfort Bi,299.98,2016-03-12,Standard Class,2016,3,March,1,10,Thursday,-2,On Time/Early,2016,March,3,Low Profit,Medium
100096,Cash,2,4,26.87,95.96,Advance Shipping,0,46,Indoor/Outdoor Games,Caguas,Puerto Rico,3981,Mary Richards,Home Office,PR,6657 Rustic Brook Line,725.0,7,Fan Shop,18.28129768,-66.37055206,Usa,Salem,Estados Unidos,2016-07-06,37881,4.0,0.039999999,94553,49.98,0.280000001,2,99.96,95.96,26.87,South of  USA ,Virginia,Closed,1014,O'Brien Men's Neoprene Life Vest,49.98,2016-07-08,Standard Class,2016,7,July,3,6,Wednesday,-2,On Time/Early,2016,July,7,Low Profit,Low
175450,Debit,2,1,16.89,38.39,Late Delivery,1,29,Shop By Sport,Caguas,Puerto Rico,4705,Mary Smith,Consumer,PR,6967 Cinder Pond Gate,725.0,5,Golf,18.24199867,-66.37055969,Latin America,Zapopan,México,2017-04-29,58162,1.6,0.039999999,145530,39.99,0.439999998,1,39.99,38.39,16.89,Central America,Jalisco,Completed,627,Under Armour Girls' Toddler Spine Surge Runni,39.99,2017-05-01,First Class,2017,4,April,2,29,Saturday,1,Delayed,2017,May,5,Low Profit,Low
144824,Payment,6,4,23.23,82.97,Late Delivery,1,46,Indoor/Outdoor Games,Caguas,Puerto Rico,4597,Linda Smith,Consumer,PR,5628 Clear Knoll,725.0,7,Fan Shop,18.24035835,-66.37055969,Europe,London,Reino Unido,2015-07-05,12710,16.99,0.170000002,31810,49.98,0.280000001,2,99.96,82.97,23.23,Northern Europe,Inglaterra,Pending_Payment,1014,O'Brien Men's Neoprene Life Vest,49.98,2015-07-11,Standard Class,2015,7,July,3,5,Sunday,2,Delayed,2015,July,7,Low Profit,Low
17703,Cash,2,1,92.48,196.77,Late Delivery,1,17,Cleats,North Richland Hills,EE. UU.,7113,Mary Shepherd,Corporate,TX,5630 Silent Farms,76180.0,4,Apparel,32.84292221,-97.22615814,Europe,Calais,Francia,2015-08-15,15499,43.19,0.180000007,38742,59.99,0.469999999,4,239.96,196.77,92.48,Western Europe,Norte-Paso de Calais-Picardía,Closed,365,Perfect Fitness Perfect Rip Deck,59.99,2015-08-17,First Class,2015,8,August,3,15,Saturday,1,Delayed,2015,August,8,Low Profit,Low
136796,Transfer,1,0,129.19,379.98,Late Delivery,1,45,Fishing,Roseville,EE. UU.,7575,Mary Romero,Home Office,MI,6072 Heather Landing,48066.0,7,Fan Shop,42.4993248,-82.93652344,Europe,Guyancourt,Francia,2017-07-03,62672,20.0,0.050000001,156693,399.98,0.340000004,1,399.98,379.98,129.19,Western Europe,Isla de Francia,Processing,1004,Field & Stream Sportsman 16 Gun Fire Safe,399.98,2017-07-04,Same Day,2017,7,July,3,3,Monday,1,Delayed,2017,July,7,Medium Profit,Medium
110692,Transfer,4,4,4.0,159.94,Shipping On Time,0,46,Indoor/Outdoor Games,Bridgeton,EE. UU.,9634,Mary Weaver,Corporate,NJ,2269 High Limits,8302.0,7,Fan Shop,39.42603684,-75.23985291,Latin America,Parintins,Brasil,2017-02-03,52353,39.98,0.200000003,130830,49.98,0.029999999,4,199.92,159.94,4.0,South America,Amazonas,Processing,1014,O'Brien Men's Neoprene Life Vest,49.98,2017-02-07,Standard Class,2017,2,February,1,3,Friday,0,On Time/Early,2017,February,2,Low Profit,Low
157885,Transfer,3,2,27.72,99.0,Late Delivery,1,44,Hunting & Shooting,Caguas,Puerto Rico,10975,Martha Bolton,Consumer,PR,4955 Pleasant Grove Bay,725.0,7,Fan Shop,18.2353096,-66.37057495,Latin America,Joinville,Brasil,2017-05-26,60057,0.0,0.0,150318,99.0,0.280000001,1,99.0,99.0,27.72,South America,Santa Catarina,Processing,981,The North Face Women's Recon Backpack,99.0,2017-05-29,Second Class,2017,5,May,2,26,Friday,1,Delayed,2017,May,5,Low Profit,Low
55166,Transfer,2,4,-9.7,193.99,Advance Shipping,0,48,Water Sports,Florissant,EE. UU.,884,Mary Smith,Consumer,MO,8109 Amber Inlet,63033.0,7,Fan Shop,38.71577835,-90.26085663,Latin America,Barranquilla,Colombia,2017-04-27,58036,6.0,0.029999999,145209,199.99,-0.050000001,1,199.99,193.99,-9.7,South America,Atlántico,Pending,1073,Pelican Sunstream 100 Kayak,199.99,2017-04-29,Standard Class,2017,4,April,2,27,Thursday,-2,On Time/Early,2017,April,4,Loss,Medium
161515,Transfer,5,4,13.05,130.5,Late Delivery,1,24,Women's Apparel,Caguas,Puerto Rico,11278,Brandon Smith,Consumer,PR,3240 Indian Treasure Beach,725.0,5,Golf,18.28707123,-66.37059784,Africa,Nkongsamba,Camerún,2016-12-19,49189,19.5,0.129999995,122995,50.0,0.100000001,3,150.0,130.5,13.05,Central Africa,Littoral,Pending,502,Nike Men's Dri-FIT Victory Golf Polo,50.0,2016-12-24,Standard Class,2016,12,December,4,19,Monday,1,Delayed,2016,December,12,Low Profit,Low
95527,Debit,3,4,30.07,63.98,Advance Shipping,0,29,Shop By Sport,Hialeah,EE. UU.,10390,Anthony Stevenson,Consumer,FL,4055 Fallen Log Village,33012.0,5,Golf,25.86688042,-80.31456757,Europe,Celle,Alemania,2017-09-17,67882,16.0,0.200000003,169718,39.99,0.469999999,2,79.98,63.98,30.07,Western Europe,Baja Sajonia,Completed,627,Under Armour Girls' Toddler Spine Surge Runni,39.99,2017-09-20,Standard Class,2017,9,September,3,17,Sunday,-1,On Time/Early,2017,September,9,Low Profit,Low
65289,Debit,6,2,19.2,58.19,Late Delivery,1,17,Cleats,Alameda,EE. UU.,10681,Mary Hatfield,Consumer,CA,1023 Merry Canyon,94501.0,4,Apparel,37.77148056,-122.2670288,Usa,Apopka,Estados Unidos,2016-06-23,36985,1.8,0.029999999,92300,59.99,0.330000013,1,59.99,58.19,19.2,South of  USA ,Florida,Completed,365,Perfect Fitness Perfect Rip Deck,59.99,2016-06-29,Second Class,2016,6,June,2,23,Thursday,4,Delayed,2016,June,6,Low Profit,Low
7292,Debit,6,2,25.19,71.98,Late Delivery,1,29,Shop By Sport,Caguas,Puerto Rico,4569,Charles Smith,Consumer,PR,8721 Sleepy Passage,725.0,5,Golf,18.22802544,-66.37058258,Pacific Asia,Wadi as Sir,Jordania,2016-11-30,47950,8.0,0.100000001,119920,39.99,0.349999994,2,79.98,71.98,25.19,West Asia,Amán,Completed,627,Under Armour Girls' Toddler Spine Surge Runni,39.99,2016-12-06,Second Class,2016,11,November,4,30,Wednesday,4,Delayed,2016,December,12,Low Profit,Low
85153,Transfer,5,4,-79.67,293.98,Late Delivery,1,43,Camping & Hiking,La Mesa,EE. UU.,946,Mary Smith,Corporate,CA,7324 Wishing Rise Loop,91941.0,7,Fan Shop,37.66337585,-122.1207733,Europe,Ghent,Bélgica,2015-10-12,19499,6.0,0.02,48724,299.98,-0.270000011,1,299.98,293.98,-79.67,Western Europe,Flanders Oriental,Pending,957,Diamondback Women's Serene Classic Comfort Bi,299.98,2015-10-17,Standard Class,2015,10,October,4,12,Monday,1,Delayed,2015,October,10,Loss,Medium
175850,Debit,2,1,-7.56,37.79,Late Delivery,1,29,Shop By Sport,Caguas,Puerto Rico,98,William Smith,Consumer,PR,4592 Grand Timber Ramp,725.0,5,Golf,18.22761917,-66.04356384,Usa,Louisville,Estados Unidos,2016-07-05,37761,2.2,0.059999999,94235,39.99,-0.200000003,1,39.99,37.79,-7.56,South of  USA ,Kentucky,On_Hold,627,Under Armour Girls' Toddler Spine Surge Runni,39.99,2016-07-07,First Class,2016,7,July,3,5,Tuesday,1,Delayed,2016,July,7,Loss,Low
169161,Transfer,1,0,62.96,131.16,Late Delivery,1,37,Electronics,Toms River,EE. UU.,2124,Matthew Montgomery,Home Office,NJ,6077 Pleasant Cloud Maze,8753.0,6,Outdoors,39.95728302,-74.19393158,Europe,Makhachkala,Rusia,2016-11-04,46154,28.79,0.180000007,115377,31.99,0.479999989,5,159.95,131.16,62.96,Eastern Europe,Daguestán,Processing,828,Bridgestone e6 Straight Distance NFL San Dieg,31.99,2016-11-05,Same Day,2016,11,November,4,4,Friday,1,Delayed,2016,November,11,Low Profit,Low
53297,Debit,6,4,61.71,169.99,Late Delivery,1,48,Water Sports,Caguas,Puerto Rico,5618,Victoria Morales,Corporate,PR,2232 Broad Cove,725.0,7,Fan Shop,18.23388481,-66.37060547,Europe,Bonn,Alemania,2017-08-23,66115,30.0,0.150000006,165266,199.99,0.360000014,1,199.99,169.99,61.71,Western Europe,Renania del Norte-Westfalia,Completed,1073,Pelican Sunstream 100 Kayak,199.99,2017-08-29,Standard Class,2017,8,August,3,23,Wednesday,2,Delayed,2017,August,8,Low Profit,Medium
11918,Transfer,4,4,13.0,129.99,Shipping On Time,0,18,Men's Footwear,Caguas,Puerto Rico,9670,Mary Crane,Home Office,PR,2517 Green Bluff Stead,725.0,4,Apparel,18.2150631,-66.37055206,Europe,Metz,Francia,2015-08-13,15363,0.0,0.0,38413,129.99,0.100000001,1,129.99,129.99,13.0,Western Europe,Alsacia-Champaña-Ardenas-Lorena,Processing,403,Nike Men's CJ Elite 2 TD Football Cleat,129.99,2015-08-17,Standard Class,2015,8,August,3,13,Thursday,0,On Time/Early,2015,August,8,Low Profit,Medium
84988,Transfer,6,4,118.66,339.03,Late Delivery,1,62,Cameras ,Las Vegas,EE. UU.,13348,Kim Ashley,Corporate,NV,6886 Cotton Promenade ,89119.0,10,Technology,36.06469345,-115.1725388,Europe,Lanester,Francia,2017-10-15,69795,113.01,0.25,173110,452.04,0.349999994,1,452.04,339.03,118.66,Western Europe,Bretaña,Pending,1349,Web Camera,452.04,2017-10-21,Standard Class,2017,10,October,4,15,Sunday,2,Delayed,2017,October,10,Medium Profit,Medium
165909,Payment,2,2,86.6,346.39,Shipping On Time,0,63,Children's Clothing,Philadelphia,EE. UU.,13894,Amelia Mcclain,Home Office,PA,9126 Colonial Gardens,19148.0,4,Apparel,39.92321014,-75.16308594,Europe,Tarragona,España,2017-10-23,70341,10.71,0.029999999,173656,357.1,0.25,1,357.1,346.39,86.6,Southern Europe,Cataluña,Pending_Payment,1350,Children's heaters,357.1,2017-10-25,Second Class,2017,10,October,4,23,Monday,0,On Time/Early,2017,October,10,Low Profit,Medium
156254,Transfer,2,1,3.7,123.49,Late Delivery,1,18,Men's Footwear,Caguas,Puerto Rico,6881,Mary Arnold,Consumer,PR,4490 Dusty Byway,725.0,4,Apparel,18.2817421,-66.3706131,Latin America,Soyapango,El Salvador,2017-05-29,60232,6.5,0.050000001,150697,129.99,0.029999999,1,129.99,123.49,3.7,Central America,San Salvador,Processing,403,Nike Men's CJ Elite 2 TD Football Cleat,129.99,2017-05-31,First Class,2017,5,May,2,29,Monday,1,Delayed,2017,May,5,Low Profit,Medium
121308,Transfer,6,4,10.73,94.99,Late Delivery,1,9,Cardio Equipment,Richmond,EE. UU.,4619,Mary Nelson,Consumer,TX,9993 Clear Round,77469.0,3,Footwear,29.72867012,-95.54859924,Latin America,Santo Domingo,República Dominicana,2015-04-18,7385,5.0,0.050000001,18492,99.99,0.109999999,1,99.99,94.99,10.73,Caribbean,Santo Domingo,Pending,191,Nike Men's Free 5.0+ Running Shoe,99.99,2015-04-24,Standard Class,2015,4,April,2,18,Saturday,2,Delayed,2015,April,4,Low Profit,Low
173162,Cash,3,2,15.22,43.48,Late Delivery,1,5,Lacrosse,Caguas,Puerto Rico,1468,Robert Smith,Consumer,PR,8248 Clear Glade,725.0,2,Fitness,18.27948189,-66.37051392,Pacific Asia,Perth,Australia,2015-10-24,20332,6.5,0.129999995,50771,24.99,0.349999994,2,49.98,43.48,15.22,Oceania,Australia Occidental,Closed,93,Under Armour Men's Tech II T-Shirt,24.99,2015-10-27,Second Class,2015,10,October,4,24,Saturday,1,Delayed,2015,October,10,Low Profit,Low
151568,Debit,3,2,37.2,371.98,Late Delivery,1,45,Fishing,Rome,EE. UU.,10194,Bobby Walker,Consumer,NY,4174 Pleasant Mountain Acres,13440.0,7,Fan Shop,43.21662521,-75.45603943,Usa,New York City,Estados Unidos,2016-07-12,38277,28.0,0.07,95547,399.98,0.100000001,1,399.98,371.98,37.2,East of USA,Nueva York,Completed,1004,Field & Stream Sportsman 16 Gun Fire Safe,399.98,2016-07-15,Second Class,2016,7,July,3,12,Tuesday,1,Delayed,2016,July,7,Low Profit,Medium
124585,Transfer,4,4,33.03,91.0,Shipping On Time,0,24,Women's Apparel,Caguas,Puerto Rico,9238,Judy Gillespie,Corporate,PR,3880 Rustic Port,725.0,5,Golf,18.22192192,-66.37055969,Europe,Frankfurt,Alemania,2015-08-25,16168,9.0,0.090000004,40346,50.0,0.360000014,2,100.0,91.0,33.03,Western Europe,Hesse,Processing,502,Nike Men's Dri-FIT Victory Golf Polo,50.0,2015-08-29,Standard Class,2015,8,August,3,25,Tuesday,0,On Time/Early,2015,August,8,Low Profit,Low
118897,Transfer,4,2,133.24,283.48,Late Delivery,1,43,Camping & Hiking,Brooklyn,EE. UU.,3336,Sandra Hunter,Consumer,NY,6350 Lost Hollow,11209.0,7,Fan Shop,40.61923981,-74.03337097,Usa,Baltimore,Estados Unidos,2016-07-05,37758,16.5,0.059999999,94226,299.98,0.469999999,1,299.98,283.48,133.24,East of USA,Maryland,Processing,957,Diamondback Women's Serene Classic Comfort Bi,299.98,2016-07-09,Second Class,2016,7,July,3,5,Tuesday,2,Delayed,2016,July,7,Medium Profit,Medium
110890,Debit,0,0,4.74,41.98,Shipping On Time,0,46,Indoor/Outdoor Games,Caguas,Puerto Rico,6109,Zachary Tate,Consumer,PR,8916 Round Zephyr Ridge,725.0,7,Fan Shop,18.20397568,-66.37054443,Latin America,Buenos Aires,Argentina,2017-01-25,51728,8.0,0.159999996,129248,49.98,0.109999999,1,49.98,41.98,4.74,South America,Buenos Aires,Completed,1014,O'Brien Men's Neoprene Life Vest,49.98,2017-01-25,Same Day,2017,1,January,1,25,Wednesday,0,On Time/Early,2017,January,1,Low Profit,Low
126957,Payment,6,4,61.1,129.99,Late Delivery,1,18,Men's Footwear,Caguas,Puerto Rico,1222,Michael Garcia,Consumer,PR,9026 Little Avenue,725.0,4,Apparel,18.23555565,-66.37051392,Latin America,Mexicali,México,2015-01-03,165,0.0,0.0,395,129.99,0.469999999,1,129.99,129.99,61.1,Central America,Baja California,Pending_Payment,403,Nike Men's CJ Elite 2 TD Football Cleat,129.99,2015-01-09,Standard Class,2015,1,January,1,3,Saturday,2,Delayed,2015,January,1,Low Profit,Medium
144166,Debit,2,4,18.91,145.44,Advance Shipping,0,46,Indoor/Outdoor Games,Caguas,Puerto Rico,11104,Daniel Smith,Consumer,PR,6468 Harvest Parade,725.0,7,Fan Shop,18.26346016,-66.37062836,Europe,Viena,Austria,2015-08-08,15031,4.5,0.029999999,37633,49.98,0.129999995,3,149.94,145.44,18.91,Western Europe,Viena,Completed,1014,O'Brien Men's Neoprene Life Vest,49.98,2015-08-10,Standard Class,2015,8,August,3,8,Saturday,-2,On Time/Early,2015,August,8,Low Profit,Low
57884,Debit,2,4,84.36,224.96,Advance Shipping,0,17,Cleats,Caguas,Puerto Rico,8755,Catherine Lutz,Consumer,PR,9729 Middle Shadow Run,725.0,4,Apparel,18.20644951,-66.37060547,Europe,Illkirch-Graffenstaden,Francia,2015-09-04,16886,74.99,0.25,42211,59.99,0.379999995,5,299.95,224.96,84.36,Western Europe,Alsacia-Champaña-Ardenas-Lorena,Completed,365,Perfect Fitness Perfect Rip Deck,59.99,2015-09-06,Standard Class,2015,9,September,3,4,Friday,-2,On Time/Early,2015,September,9,Low Profit,Low
5591,Debit,3,4,8.31,73.5,Advance Shipping,0,7,Hockey,Caguas,Puerto Rico,10620,Mary Smith,Corporate,PR,3931 Green Concession,725.0,2,Fitness,18.2719574,-66.37052918,Pacific Asia,Ichikawa,Japón,2015-10-30,20757,1.5,0.02,51875,25.0,0.109999999,3,75.0,73.5,8.31,Eastern Asia,Chiba,Completed,134,Nike Women's Legend V-Neck T-Shirt,25.0,2015-11-02,Standard Class,2015,10,October,4,30,Friday,-1,On Time/Early,2015,November,11,Low Profit,Low
5810,Cash,2,1,8.29,110.49,Late Delivery,1,18,Men's Footwear,Chillicothe,EE. UU.,6521,Mary Hanson,Consumer,OH,2647 Emerald Mall ,45601.0,4,Apparel,39.33096314,-82.97971344,Europe,Doncaster,Reino Unido,2015-09-21,18026,19.5,0.150000006,45045,129.99,0.079999998,1,129.99,110.49,8.29,Northern Europe,Inglaterra,Closed,403,Nike Men's CJ Elite 2 TD Football Cleat,129.99,2015-09-23,First Class,2015,9,September,3,21,Monday,1,Delayed,2015,September,9,Low Profit,Medium
19415,Payment,2,1,141.03,327.97,Late Delivery,1,9,Cardio Equipment,Woonsocket,EE. UU.,2091,Doris Smith,Consumer,RI,3087 Hazy Glen,2895.0,3,Footwear,42.00220108,-71.51410675,Africa,Antananarivo,Madagascar,2016-12-31,50034,71.99,0.180000007,125079,99.99,0.430000007,4,399.96,327.97,141.03,East Africa,Analamanga,Pending_Payment,191,Nike Men's Free 5.0+ Running Shoe,99.99,2017-01-02,First Class,2016,12,December,4,31,Saturday,1,Delayed,2017,January,1,Medium Profit,Low
1538,Debit,2,2,-266.8,363.98,Shipping On Time,0,45,Fishing,Caguas,Puerto Rico,1948,Peter Smith,Consumer,PR,5953 Broad Close,725.0,7,Fan Shop,18.258358,-66.37052918,Europe,Dijon,Francia,2015-09-05,16966,36.0,0.090000004,42417,399.98,-0.730000019,1,399.98,363.98,-266.8,Western Europe,Borgoña-Franco Condado,Completed,1004,Field & Stream Sportsman 16 Gun Fire Safe,399.98,2015-09-07,Second Class,2015,9,September,3,5,Saturday,0,On Time/Early,2015,September,9,Loss,Medium
140024,Transfer,6,4,32.08,102.5,Late Delivery,1,26,Girls' Apparel,Caguas,Puerto Rico,10777,Martha Smith,Corporate,PR,9602 Shady Oak Bay,725.0,5,Golf,18.28759575,-66.37058258,Latin America,San Martín,El Salvador,2015-03-22,5540,22.5,0.180000007,13829,25.0,0.310000002,5,125.0,102.5,32.08,Central America,Cuscatlán,Processing,567,adidas Men's Germany Black Crest Away Tee,25.0,2015-03-28,Standard Class,2015,3,March,1,22,Sunday,2,Delayed,2015,March,3,Low Profit,Low
79491,Debit,6,2,53.94,173.99,Late Delivery,1,48,Water Sports,Hialeah,EE. UU.,10390,Anthony Stevenson,Consumer,FL,4055 Fallen Log Village,33012.0,7,Fan Shop,25.86688042,-80.31456757,Usa,Philadelphia,Estados Unidos,2016-05-13,34140,26.0,0.129999995,85229,199.99,0.310000002,1,199.99,173.99,53.94,East of USA,Pensilvania,Completed,1073,Pelican Sunstream 100 Kayak,199.99,2016-05-19,Second Class,2016,5,May,2,13,Friday,4,Delayed,2016,May,5,Low Profit,Medium
89413,Payment,4,4,31.93,87.95,Shipping On Time,0,12,Boxing & MMA,Jamaica,EE. UU.,1014,Mary Maxwell,Consumer,NY,2638 Clear Log Island,11435.0,3,Footwear,40.7045517,-73.79679108,Africa,Kano,Nigeria,2017-01-12,50843,21.99,0.200000003,127075,54.97,0.360000014,2,109.94,87.95,31.93,West Africa,Kano,Pending_Payment,249,Under Armour Women's Micro G Skulpt Running S,54.97,2017-01-16,Standard Class,2017,1,January,1,12,Thursday,0,On Time/Early,2017,January,1,Low Profit,Low
11572,Transfer,4,2,46.07,141.75,Late Delivery,1,24,Women's Apparel,Caguas,Puerto Rico,10626,Emma Anderson,Home Office,PR,3930 Cozy Byway,725.0,5,Golf,18.28305817,-66.37059784,Africa,Abidjan,Costa de Marfil,2016-09-19,42968,8.25,0.059999999,107330,50.0,0.330000013,3,150.0,141.75,46.07,West Africa,Lagunes,Pending,502,Nike Men's Dri-FIT Victory Golf Polo,50.0,2016-09-23,Second Class,2016,9,September,3,19,Monday,2,Delayed,2016,September,9,Low Profit,Low
153351,Transfer,5,4,41.13,363.98,Late Delivery,1,45,Fishing,San Juan,Puerto Rico,3689,Mary Wallace,Corporate,PR,8044 Merry Landing,921.0,7,Fan Shop,38.10029221,-107.9681396,Pacific Asia,Wellington,Nueva Zelanda,2016-03-31,31219,36.0,0.090000004,78017,399.98,0.109999999,1,399.98,363.98,41.13,Oceania,Wellington,Processing,1004,Field & Stream Sportsman 16 Gun Fire Safe,399.98,2016-04-05,Standard Class,2016,3,March,1,31,Thursday,1,Delayed,2016,April,4,Low Profit,Medium
102549,Debit,3,4,47.32,181.99,Advance Shipping,0,48,Water Sports,New York,EE. UU.,6843,Rebecca Smith,Consumer,NY,2033 Thunder Ledge,10040.0,7,Fan Shop,40.85889053,-73.93106842,Pacific Asia,Bangkok,Tailandia,2015-11-08,21352,18.0,0.090000004,53395,199.99,0.25999999,1,199.99,181.99,47.32,Southeast Asia,Bangkok,On_Hold,1073,Pelican Sunstream 100 Kayak,199.99,2015-11-11,Standard Class,2015,11,November,4,8,Sunday,-1,On Time/Early,2015,November,11,Low Profit,Medium
129214,Debit,6,4,34.01,113.37,Late Delivery,1,29,Shop By Sport,Clarksville,EE. UU.,8529,Mary Watts,Consumer,TN,6231 Sleepy Chase,37042.0,5,Golf,36.54824066,-87.37922669,Pacific Asia,Brisbane,Australia,2016-02-13,27990,6.6,0.059999999,70048,39.99,0.300000012,3,119.97,113.37,34.01,Oceania,Queensland,Completed,627,Under Armour Girls' Toddler Spine Surge Runni,39.99,2016-02-19,Standard Class,2016,2,February,1,13,Saturday,2,Delayed,2016,February,2,Low Profit,Low
167283,Payment,5,4,76.49,254.98,Late Delivery,1,43,Camping & Hiking,Clovis,EE. UU.,7076,Mary Olson,Home Office,CA,1247 Tawny Berry Court,93611.0,7,Fan Shop,36.81530762,-119.7002182,Pacific Asia,Bekasi,Indonesia,2016-02-04,27344,45.0,0.150000006,68483,299.98,0.300000012,1,299.98,254.98,76.49,Southeast Asia,Java Occidental,Pending_Payment,957,Diamondback Women's Serene Classic Comfort Bi,299.98,2016-02-09,Standard Class,2016,2,February,1,4,Thursday,1,Delayed,2016,February,2,Low Profit,Medium
53200,Payment,4,4,-71.5,163.99,Shipping On Time,0,48,Water Sports,Glendale,EE. UU.,2267,Rebecca Tran,Consumer,AZ,1491 Foggy Glade,85308.0,7,Fan Shop,33.66019821,-112.1931229,Europe,Meudon,Francia,2017-08-29,66583,36.0,0.180000007,166426,199.99,-0.439999998,1,199.99,163.99,-71.5,Western Europe,Isla de Francia,Pending_Payment,1073,Pelican Sunstream 100 Kayak,199.99,2017-09-02,Standard Class,2017,8,August,3,29,Tuesday,0,On Time/Early,2017,September,9,Loss,Medium
64390,Debit,2,2,40.56,103.99,Shipping On Time,0,18,Men's Footwear,Lakewood,EE. UU.,5657,Mary James,Consumer,OH,1389 Dusty Circuit,44107.0,4,Apparel,41.48466873,-81.77624512,Europe,Getafe,España,2015-08-20,15876,26.0,0.200000003,39668,129.99,0.389999986,1,129.99,103.99,40.56,Southern Europe,Madrid,On_Hold,403,Nike Men's CJ Elite 2 TD Football Cleat,129.99,2015-08-22,Second Class,2015,8,August,3,20,Thursday,0,On Time/Early,2015,August,8,Low Profit,Medium
65217,Debit,4,2,35.09,79.76,Late Delivery,1,72,Pet Supplies,Chicago,EE. UU.,19191,Darryl Noble,Consumer,IL,9128 Little Cloud Bay,60617.0,11,Pet Shop,41.73297119,-87.54953003,Pacific Asia,Rangún,Myanmar (Birmania),2018-01-09,75638,4.64,0.059999999,178953,84.4,0.439999998,1,84.4,79.76,35.09,Southeast Asia,Rangún,On_Hold,1359,Adult dog supplies,84.4,2018-01-13,Second Class,2018,1,January,1,9,Tuesday,2,Delayed,2018,January,1,Low Profit,Low
102438,Transfer,2,1,76.0,189.99,Late Delivery,1,48,Water Sports,Caguas,Puerto Rico,11129,Danielle Smith,Consumer,PR,1936 Hazy Goose Mount,725.0,7,Fan Shop,18.26877403,-66.37057495,Pacific Asia,Qingdao,China,2015-11-16,21882,10.0,0.050000001,54724,199.99,0.400000006,1,199.99,189.99,76.0,Eastern Asia,Shandong,Processing,1073,Pelican Sunstream 100 Kayak,199.99,2015-11-18,First Class,2015,11,November,4,16,Monday,1,Delayed,2015,November,11,Low Profit,Medium
109241,Payment,4,4,71.99,287.95,Shipping On Time,0,17,Cleats,Dorchester Center,EE. UU.,10915,Andrew Booth,Consumer,MA,4103 Rocky View Harbour,2124.0,4,Apparel,42.29163361,-71.06265259,Latin America,Santa Ana,El Salvador,2015-03-10,4713,12.0,0.039999999,11810,59.99,0.25,5,299.95,287.95,71.99,Central America,Santa Ana,Pending_Payment,365,Perfect Fitness Perfect Rip Deck,59.99,2015-03-14,Standard Class,2015,3,March,1,10,Tuesday,0,On Time/Early,2015,March,3,Low Profit,Low
159587,Transfer,4,4,42.62,126.09,Shipping On Time,0,18,Men's Footwear,Caguas,Puerto Rico,5118,Mary Smith,Consumer,PR,1388 Blue Turnabout,725.0,4,Apparel,18.25333214,-66.37051392,Latin America,Santiago de Cuba,Cuba,2015-01-15,973,3.9,0.029999999,2421,129.99,0.340000004,1,129.99,126.09,42.62,Caribbean,Santiago de Cuba,Pending,403,Nike Men's CJ Elite 2 TD Football Cleat,129.99,2015-01-19,Standard Class,2015,1,January,1,15,Thursday,0,On Time/Early,2015,January,1,Low Profit,Medium
23541,Cash,2,4,108.89,299.98,Advance Shipping,0,43,Camping & Hiking,Saginaw,EE. UU.,11503,Juan Curry,Corporate,MI,4355 Gentle Abbey,48601.0,7,Fan Shop,43.36036682,-84.13088989,Pacific Asia,Yakarta,Indonesia,2016-03-10,29776,0.0,0.0,74508,299.98,0.360000014,1,299.98,299.98,108.89,Southeast Asia,Yakarta,Closed,957,Diamondback Women's Serene Classic Comfort Bi,299.98,2016-03-12,Standard Class,2016,3,March,1,10,Thursday,-2,On Time/Early,2016,March,3,Medium Profit,Medium
132070,Payment,5,4,61.72,125.95,Late Delivery,1,46,Indoor/Outdoor Games,Caguas,Puerto Rico,11344,Mary Sparks,Consumer,PR,1534 Cinder View Thicket,725.0,7,Fan Shop,18.2042408,-66.37049866,Pacific Asia,Rangún,Myanmar (Birmania),2016-02-02,27249,23.99,0.159999996,68260,49.98,0.49000001,3,149.94,125.95,61.72,Southeast Asia,Rangún,Pending_Payment,1014,O'Brien Men's Neoprene Life Vest,49.98,2016-02-07,Standard Class,2016,2,February,1,2,Tuesday,1,Delayed,2016,February,2,Low Profit,Low
77523,Payment,6,4,-230.08,139.44,Late Delivery,1,46,Indoor/Outdoor Games,Chicago,EE. UU.,7978,Amber Santos,Corporate,IL,8976 Wishing Quail Ramp,60626.0,7,Fan Shop,41.73286438,-87.55976105,Europe,Carrara,Italia,2017-09-05,67060,10.5,0.07,167636,49.98,-1.649999976,3,149.94,139.44,-230.08,Southern Europe,Toscana,Pending_Payment,1014,O'Brien Men's Neoprene Life Vest,49.98,2017-09-11,Standard Class,2017,9,September,3,5,Tuesday,2,Delayed,2017,September,9,Loss,Low
172436,Cash,2,1,114.71,238.97,Late Delivery,1,65,Consumer Electronics,Caguas,Puerto Rico,18149,Stella Perez,Consumer,PR,1927 Harvest Lane,725.0,10,Technology,18.29052353,-66.03705597,Pacific Asia,Brisbane,Australia,2017-12-24,74596,13.91,0.059999999,177911,252.88,0.479999989,1,252.88,238.97,114.71,Oceania,Queensland,Closed,1352,Industrial consumer electronics,252.88,2017-12-26,First Class,2017,12,December,4,24,Sunday,1,Delayed,2017,December,12,Medium Profit,Medium
159809,Transfer,5,4,25.5,254.98,Late Delivery,1,43,Camping & Hiking,Caguas,Puerto Rico,10552,Mary Finley,Consumer,PR,4524 Honey Carrefour,725.0,7,Fan Shop,18.22195053,-66.3705368,Latin America,Tijuana,México,2017-03-26,55874,45.0,0.150000006,139709,299.98,0.100000001,1,299.98,254.98,25.5,Central America,Baja California,Pending,957,Diamondback Women's Serene Classic Comfort Bi,299.98,2017-03-31,Standard Class,2017,3,March,1,26,Sunday,1,Delayed,2017,March,3,Low Profit,Medium
97291,Debit,1,0,53.87,141.75,Late Delivery,1,24,Women's Apparel,Saint Louis,EE. UU.,5849,Mary Conrad,Home Office,MO,6135 Lazy Prairie Ridge,63129.0,5,Golf,38.45304108,-90.30644989,Latin America,Mérida,México,2015-05-25,9924,8.25,0.059999999,24792,50.0,0.379999995,3,150.0,141.75,53.87,Central America,Yucatán,On_Hold,502,Nike Men's Dri-FIT Victory Golf Polo,50.0,2015-05-26,Same Day,2015,5,May,2,25,Monday,1,Delayed,2015,May,5,Low Profit,Low
42119,Debit,2,1,134.99,269.98,Late Delivery,1,43,Camping & Hiking,San Antonio,EE. UU.,2015,Mary Smith,Consumer,TX,2407 Tawny Elk Front,78228.0,7,Fan Shop,29.47656632,-98.579216,Latin America,La Romana,República Dominicana,2017-03-16,55215,30.0,0.100000001,138096,299.98,0.5,1,299.98,269.98,134.99,Caribbean,La Romana,Completed,957,Diamondback Women's Serene Classic Comfort Bi,299.98,2017-03-18,First Class,2017,3,March,1,16,Thursday,1,Delayed,2017,March,3,Medium Profit,Medium
134261,Transfer,5,4,3.27,43.64,Late Delivery,1,13,Electronics,Phoenix,EE. UU.,11646,Joe Snyder,Consumer,AZ,6608 Silver Goose Point,85022.0,3,Footwear,33.64781952,-112.0518799,Pacific Asia,Semarang,Indonesia,2016-02-15,28124,1.35,0.029999999,70329,44.99,0.079999998,1,44.99,43.64,3.27,Southeast Asia,Java Central,Processing,278,Under Armour Men's Compression EV SL Slide,44.99,2016-02-20,Standard Class,2016,2,February,1,15,Monday,1,Delayed,2016,February,2,Low Profit,Low
178016,Transfer,2,1,14.39,44.98,Shipping Cancelled,0,46,Indoor/Outdoor Games,Caguas,Puerto Rico,2773,Linda Hale,Corporate,PR,2544 Honey Rise Loop,725.0,7,Fan Shop,18.2424221,-66.3706131,Latin America,Mérida,México,2015-05-25,9925,5.0,0.100000001,24796,49.98,0.319999993,1,49.98,44.98,14.39,Central America,Yucatán,Suspected_Fraud,1014,O'Brien Men's Neoprene Life Vest,49.98,2015-05-27,First Class,2015,5,May,2,25,Monday,1,Delayed,2015,May,5,Low Profit,Low
153752,Transfer,5,4,40.32,335.98,Late Delivery,1,45,Fishing,Buena Park,EE. UU.,6404,Dylan Smith,Home Office,CA,9130 Emerald Plaza,90620.0,7,Fan Shop,33.83950424,-118.011467,Pacific Asia,Adelaide,Australia,2016-03-08,29639,64.0,0.159999996,74157,399.98,0.119999997,1,399.98,335.98,40.32,Oceania,Australia del Sur,Processing,1004,Field & Stream Sportsman 16 Gun Fire Safe,399.98,2016-03-13,Standard Class,2016,3,March,1,8,Tuesday,1,Delayed,2016,March,3,Low Profit,Medium
107379,Payment,4,4,14.54,193.92,Shipping On Time,0,46,Indoor/Outdoor Games,Elyria,EE. UU.,5245,Mary Montgomery,Consumer,OH,7810 Stony Stead,44035.0,7,Fan Shop,41.36125946,-82.11012268,Latin America,San Miguelito,Panamá,2017-02-23,53738,6.0,0.029999999,134340,49.98,0.079999998,4,199.92,193.92,14.54,Central America,Panamá,Pending_Payment,1014,O'Brien Men's Neoprene Life Vest,49.98,2017-02-27,Standard Class,2017,2,February,1,23,Thursday,0,On Time/Early,2017,February,2,Low Profit,Low
156465,Transfer,2,1,-13.49,107.89,Shipping Cancelled,0,18,Men's Footwear,Caguas,Puerto Rico,10775,Mary Woodard,Consumer,PR,9658 Merry Landing,725.0,4,Apparel,18.24983788,-66.37062073,Pacific Asia,Mecca,Arabia Saudí,2016-11-02,45999,22.1,0.170000002,114965,129.99,-0.129999995,1,129.99,107.89,-13.49,West Asia,Meca,Suspected_Fraud,403,Nike Men's CJ Elite 2 TD Football Cleat,129.99,2016-11-04,First Class,2016,11,November,4,2,Wednesday,1,Delayed,2016,November,11,Loss,Medium
72016,Transfer,2,2,40.32,251.98,Shipping On Time,0,43,Camping & Hiking,Brighton,EE. UU.,8683,Samantha Smith,Corporate,MA,8335 Little Rise Downs,2135.0,7,Fan Shop,42.34962845,-71.15328217,Latin America,Natal,Brasil,2015-01-02,96,48.0,0.159999996,217,299.98,0.159999996,1,299.98,251.98,40.32,South America,Río Grande del Norte,Pending,957,Diamondback Women's Serene Classic Comfort Bi,299.98,2015-01-04,Second Class,2015,1,January,1,2,Friday,0,On Time/Early,2015,January,1,Low Profit,Medium
140966,Cash,6,4,24.9,199.17,Late Delivery,1,17,Cleats,Caguas,Puerto Rico,2903,Mary Smith,Home Office,PR,3772 Silent Dale Walk,725.0,4,Apparel,18.220644,-66.37058258,Africa,Vanderbijlpark,SudAfrica,2016-10-12,44545,40.79,0.170000002,111219,59.99,0.129999995,4,239.96,199.17,24.9,Southern Africa,Gauteng,Closed,365,Perfect Fitness Perfect Rip Deck,59.99,2016-10-18,Standard Class,2016,10,October,4,12,Wednesday,2,Delayed,2016,October,10,Low Profit,Low
153941,Payment,2,4,-3.06,18.74,Advance Shipping,0,5,Lacrosse,Caguas,Puerto Rico,4246,Mary Cunningham,Consumer,PR,9753 Little Willow Estates,725.0,2,Fitness,18.27494812,-66.37050629,Usa,Mesa,Estados Unidos,2016-04-17,32371,6.25,0.25,80956,24.99,-0.159999996,1,24.99,18.74,-3.06,West of USA ,Arizona,Pending_Payment,93,Under Armour Men's Tech II T-Shirt,24.99,2016-04-19,Standard Class,2016,4,April,2,17,Sunday,-2,On Time/Early,2016,April,4,Loss,Low
161671,Transfer,6,4,61.98,151.17,Late Delivery,1,3,Baseball & Softball,Caguas,Puerto Rico,10269,Mary Flowers,Consumer,PR,833 Honey Panda Acres,725.0,2,Fitness,18.28783035,-66.3705368,Latin America,Buenos Aires,Argentina,2015-02-22,3595,28.8,0.159999996,8937,59.99,0.409999996,3,179.97,151.17,61.98,South America,Buenos Aires,Pending,44,adidas Men's F10 Messi TRX FG Soccer Cleat,59.99,2015-02-28,Standard Class,2015,2,February,1,22,Sunday,2,Delayed,2015,February,2,Low Profit,Low
83735,Debit,3,4,31.94,118.29,Advance Shipping,0,18,Men's Footwear,Rosemead,EE. UU.,10830,Mary Espinoza,Consumer,CA,4173 Quiet Common,91770.0,4,Apparel,34.08244705,-118.0733643,Latin America,Veracruz,México,2017-05-14,59212,11.7,0.090000004,148216,129.99,0.270000011,1,129.99,118.29,31.94,Central America,Veracruz,Completed,403,Nike Men's CJ Elite 2 TD Football Cleat,129.99,2017-05-17,Standard Class,2017,5,May,2,14,Sunday,-1,On Time/Early,2017,May,5,Low Profit,Medium
153254,Payment,2,2,186.11,395.98,Shipping On Time,0,45,Fishing,Caguas,Puerto Rico,3480,James Smith,Corporate,PR,2447 Wishing View Pathway,725.0,7,Fan Shop,18.23722267,-66.37057495,Usa,Cincinnati,Estados Unidos,2016-04-05,31566,4.0,0.01,78870,399.98,0.469999999,1,399.98,395.98,186.11,East of USA,Ohio,Pending_Payment,1004,Field & Stream Sportsman 16 Gun Fire Safe,399.98,2016-04-07,Second Class,2016,4,April,2,5,Tuesday,0,On Time/Early,2016,April,4,Medium Profit,Medium
152953,Transfer,2,4,137.21,377.98,Advance Shipping,0,45,Fishing,Garden Grove,EE. UU.,6047,Mary Smith,Consumer,CA,6175 Golden Glade,92843.0,7,Fan Shop,33.76652145,-117.9461899,Usa,Colorado Springs,Estados Unidos,2016-04-21,32666,22.0,0.059999999,81721,399.98,0.360000014,1,399.98,377.98,137.21,West of USA ,Colorado,Processing,1004,Field & Stream Sportsman 16 Gun Fire Safe,399.98,2016-04-23,Standard Class,2016,4,April,2,21,Thursday,-2,On Time/Early,2016,April,4,Medium Profit,Medium
141291,Debit,2,1,36.4,129.99,Late Delivery,1,18,Men's Footwear,Caguas,Puerto Rico,5813,Mary Brock,Home Office,PR,3668 Sunny Wharf,725.0,4,Apparel,18.26782417,-66.37055969,Pacific Asia,Denpasar,Indonesia,2016-03-02,29242,0.0,0.0,73139,129.99,0.280000001,1,129.99,129.99,36.4,Southeast Asia,Bali,Completed,403,Nike Men's CJ Elite 2 TD Football Cleat,129.99,2016-03-04,First Class,2016,3,March,1,2,Wednesday,1,Delayed,2016,March,3,Low Profit,Medium
33524,Cash,6,4,44.59,127.39,Late Delivery,1,18,Men's Footwear,Austin,EE. UU.,7763,Philip Smith,Consumer,TX,5270 Quaking Autoroute,78745.0,4,Apparel,30.20363426,-97.7858963,Latin America,Acarigua,Venezuela,2017-05-13,59130,2.6,0.02,147994,129.99,0.349999994,1,129.99,127.39,44.59,South America,Portuguesa,Closed,403,Nike Men's CJ Elite 2 TD Football Cleat,129.99,2017-05-19,Standard Class,2017,5,May,2,13,Saturday,2,Delayed,2017,May,5,Low Profit,Medium
53850,Debit,5,4,-14.7,195.99,Late Delivery,1,48,Water Sports,San Jose,EE. UU.,7075,Frank Smith,Home Office,CA,9335 Hidden Crescent,95112.0,7,Fan Shop,37.33271027,-121.8783722,Europe,Duisburg,Alemania,2017-07-19,63729,4.0,0.02,159308,199.99,-0.079999998,1,199.99,195.99,-14.7,Western Europe,Renania del Norte-Westfalia,Completed,1073,Pelican Sunstream 100 Kayak,199.99,2017-07-24,Standard Class,2017,7,July,3,19,Wednesday,1,Delayed,2017,July,7,Loss,Medium
130831,Payment,5,4,-61.86,90.96,Late Delivery,1,46,Indoor/Outdoor Games,Caguas,Puerto Rico,6344,Mary Smith,Corporate,PR,4462 Blue Drive,725.0,7,Fan Shop,18.28071594,-66.3705368,Usa,Los Angeles,Estados Unidos,2016-04-07,31714,9.0,0.090000004,79253,49.98,-0.680000007,2,99.96,90.96,-61.86,West of USA ,California,Pending_Payment,1014,O'Brien Men's Neoprene Life Vest,49.98,2016-04-12,Standard Class,2016,4,April,2,7,Thursday,1,Delayed,2016,April,4,Loss,Low
7698,Cash,6,2,13.39,37.19,Late Delivery,1,29,Shop By Sport,Caguas,Puerto Rico,4412,Mary Ellison,Corporate,PR,432 Rocky Link,725.0,5,Golf,18.23457146,-66.3706131,Latin America,Aracaju,Brasil,2017-02-03,52380,2.8,0.07,130909,39.99,0.360000014,1,39.99,37.19,13.39,South America,Sergipe,Closed,627,Under Armour Girls' Toddler Spine Surge Runni,39.99,2017-02-09,Second Class,2017,2,February,1,3,Friday,4,Delayed,2017,February,2,Low Profit,Low
54630,Transfer,2,4,34.2,179.99,Advance Shipping,0,48,Water Sports,Caguas,Puerto Rico,9554,Mary Hayes,Consumer,PR,6314 Honey Canyon,725.0,7,Fan Shop,18.22172546,-66.37059021,Latin America,Belo Horizonte,Brasil,2017-05-31,60386,20.0,0.100000001,151123,199.99,0.189999998,1,199.99,179.99,34.2,South America,Minas Gerais,Pending,1073,Pelican Sunstream 100 Kayak,199.99,2017-06-02,Standard Class,2017,5,May,2,31,Wednesday,-2,On Time/Early,2017,June,6,Low Profit,Medium
128511,Debit,6,4,-224.06,149.38,Late Delivery,1,17,Cleats,Wayne,EE. UU.,2589,Nathan Taylor,Consumer,NJ,923 Tawny Estates,7470.0,4,Apparel,40.95141602,-74.22407532,Europe,Arkhangelsk,Rusia,2016-11-04,46135,30.59,0.170000002,115340,59.99,-1.5,3,179.97,149.38,-224.06,Eastern Europe,Arjánguelsk,Completed,365,Perfect Fitness Perfect Rip Deck,59.99,2016-11-10,Standard Class,2016,11,November,4,4,Friday,2,Delayed,2016,November,11,Loss,Low
6138,Cash,2,1,34.65,105.0,Late Delivery,1,26,Girls' Apparel,Union City,EE. UU.,12066,Kevin Smith,Consumer,NJ,6234 Honey Grove Expressway,7087.0,5,Golf,40.7615242,-74.03826904,Latin America,Santiago de Cuba,Cuba,2015-05-06,8605,35.0,0.25,21472,70.0,0.330000013,2,140.0,105.0,34.65,Caribbean,Santiago de Cuba,Closed,565,adidas Youth Germany Black/Red Away Match Soc,70.0,2015-05-08,First Class,2015,5,May,2,6,Wednesday,1,Delayed,2015,May,5,Low Profit,Low
37585,Payment,2,2,-4.05,161.97,Shipping On Time,0,17,Cleats,Aurora,EE. UU.,11194,Frances Nielsen,Consumer,CO,9765 Quaking Turnabout,80012.0,4,Apparel,39.69681549,-104.8411789,Europe,Gothenburg,Suecia,2017-07-04,62731,18.0,0.100000001,156843,59.99,-0.029999999,3,179.97,161.97,-4.05,Northern Europe,Västra Götaland,Pending_Payment,365,Perfect Fitness Perfect Rip Deck,59.99,2017-07-06,Second Class,2017,7,July,3,4,Tuesday,0,On Time/Early,2017,July,7,Loss,Low
82385,Debit,5,4,41.4,118.29,Late Delivery,1,18,Men's Footwear,Lynn,EE. UU.,3096,Stephanie Larson,Consumer,MA,3050 Cinder End,1902.0,4,Apparel,42.46523285,-70.93743134,Europe,Pforzheim,Alemania,2015-07-04,12669,11.7,0.090000004,31702,129.99,0.349999994,1,129.99,118.29,41.4,Western Europe,Baden-Wurtemberg,Completed,403,Nike Men's CJ Elite 2 TD Football Cleat,129.99,2015-07-09,Standard Class,2015,7,July,3,4,Saturday,1,Delayed,2015,July,7,Low Profit,Medium
153272,Transfer,5,2,44.75,395.98,Late Delivery,1,45,Fishing,Miami,EE. UU.,8781,Mary Chan,Home Office,FL,6179 Easy Swale,33186.0,7,Fan Shop,25.67947006,-80.42615509,Usa,Denver,Estados Unidos,2016-04-04,31499,4.0,0.01,78714,399.98,0.109999999,1,399.98,395.98,44.75,West of USA ,Colorado,Pending,1004,Field & Stream Sportsman 16 Gun Fire Safe,399.98,2016-04-09,Second Class,2016,4,April,2,4,Monday,3,Delayed,2016,April,4,Low Profit,Medium
71968,Transfer,6,2,14.1,124.79,Late Delivery,1,18,Men's Footwear,Chesapeake,EE. UU.,5386,Brenda Smith,Corporate,VA,3067 Hazy Autoroute,23322.0,4,Apparel,36.87338257,-76.25468445,Latin America,Mixco,Guatemala,2015-04-24,7785,5.2,0.039999999,19466,129.99,0.109999999,1,129.99,124.79,14.1,Central America,Guatemala,Pending,403,Nike Men's CJ Elite 2 TD Football Cleat,129.99,2015-04-30,Second Class,2015,4,April,2,24,Friday,4,Delayed,2015,April,4,Low Profit,Medium
109041,Payment,6,4,232.78,484.95,Late Delivery,1,9,Cardio Equipment,Fresno,EE. UU.,6834,Mary Smith,Consumer,CA,2926 Golden Townline,93727.0,3,Footwear,36.74282074,-119.7823944,Europe,Wolverhampton,Reino Unido,2015-09-08,17160,15.0,0.029999999,42909,99.99,0.479999989,5,499.95,484.95,232.78,Northern Europe,Inglaterra,Pending_Payment,191,Nike Men's Free 5.0+ Running Shoe,99.99,2015-09-14,Standard Class,2015,9,September,3,8,Tuesday,2,Delayed,2015,September,9,Medium Profit,Low
155367,Payment,5,4,110.16,351.96,Late Delivery,1,9,Cardio Equipment,Caguas,Puerto Rico,8812,Mary Woodward,Consumer,PR,5352 Jagged Subdivision,725.0,3,Footwear,18.28175926,-66.37060547,Pacific Asia,Sukkur,Pakistán,2015-12-06,23289,48.0,0.119999997,58315,99.99,0.310000002,4,399.96,351.96,110.16,South Asia,Sind,Pending_Payment,191,Nike Men's Free 5.0+ Running Shoe,99.99,2015-12-11,Standard Class,2015,12,December,4,6,Sunday,1,Delayed,2015,December,12,Medium Profit,Low
22387,Debit,3,4,50.69,149.99,Advance Shipping,0,9,Cardio Equipment,Caguas,Puerto Rico,2932,Mary Scott,Consumer,PR,8612 Merry Horse Campus,725.0,3,Footwear,18.23119164,-66.37055206,Latin America,Buenos Aires,Argentina,2015-04-22,7632,50.0,0.25,19100,99.99,0.340000004,2,199.98,149.99,50.69,South America,Buenos Aires,On_Hold,191,Nike Men's Free 5.0+ Running Shoe,99.99,2015-04-25,Standard Class,2015,4,April,2,22,Wednesday,-1,On Time/Early,2015,April,4,Low Profit,Low
82313,Debit,6,4,47.15,120.89,Late Delivery,1,18,Men's Footwear,Wayne,EE. UU.,2589,Nathan Taylor,Consumer,NJ,923 Tawny Estates,7470.0,4,Apparel,40.95141602,-74.22407532,Europe,Arkhangelsk,Rusia,2016-11-04,46135,9.1,0.07,115339,129.99,0.389999986,1,129.99,120.89,47.15,Eastern Europe,Arjánguelsk,Completed,403,Nike Men's CJ Elite 2 TD Football Cleat,129.99,2016-11-10,Standard Class,2016,11,November,4,4,Friday,2,Delayed,2016,November,11,Low Profit,Medium
157115,Transfer,2,1,-31.25,250.0,Late Delivery,1,24,Women's Apparel,Caguas,Puerto Rico,4875,Edward Peters,Consumer,PR,6715 Blue Shadow Square,725.0,5,Golf,18.24205971,-66.37055969,Usa,Gilbert,Estados Unidos,2016-05-28,35179,0.0,0.0,87869,50.0,-0.129999995,5,250.0,250.0,-31.25,West of USA ,Arizona,Processing,502,Nike Men's Dri-FIT Victory Golf Polo,50.0,2016-05-30,First Class,2016,5,May,2,28,Saturday,1,Delayed,2016,May,5,Loss,Low
112806,Payment,4,4,-1.14,45.48,Shipping On Time,0,46,Indoor/Outdoor Games,Caguas,Puerto Rico,10269,Mary Flowers,Consumer,PR,833 Honey Panda Acres,725.0,7,Fan Shop,18.28783035,-66.3705368,Pacific Asia,Andijon,Uzbekistán,2016-10-18,44973,4.5,0.090000004,112319,49.98,-0.029999999,1,49.98,45.48,-1.14,Central Asia,Andiján,Pending_Payment,1014,O'Brien Men's Neoprene Life Vest,49.98,2016-10-22,Standard Class,2016,10,October,4,18,Tuesday,0,On Time/Early,2016,October,10,Loss,Low
123018,Transfer,3,2,163.18,339.97,Late Delivery,1,9,Cardio Equipment,Caguas,Puerto Rico,5690,Mary Smith,Corporate,PR,5950 Misty Branch Dale,725.0,3,Footwear,18.28432274,-66.37055969,Europe,Karlsruhe,Alemania,2015-07-11,13112,59.99,0.150000006,32799,99.99,0.479999989,4,399.96,339.97,163.18,Western Europe,Baden-Wurtemberg,Processing,191,Nike Men's Free 5.0+ Running Shoe,99.99,2015-07-14,Second Class,2015,7,July,3,11,Saturday,1,Delayed,2015,July,7,Medium Profit,Low
7054,Debit,2,2,12.79,49.19,Shipping On Time,0,17,Cleats,Caguas,Puerto Rico,11230,Sara Collins,Consumer,PR,1017 Quiet Villas,725.0,4,Apparel,18.28994179,-66.37063599,Usa,Los Angeles,Estados Unidos,2016-04-14,32141,10.8,0.180000007,80376,59.99,0.25999999,1,59.99,49.19,12.79,West of USA ,California,Completed,365,Perfect Fitness Perfect Rip Deck,59.99,2016-04-16,Second Class,2016,4,April,2,14,Thursday,0,On Time/Early,2016,April,4,Low Profit,Low
131472,Debit,2,4,46.18,131.95,Advance Shipping,0,46,Indoor/Outdoor Games,Bell Gardens,EE. UU.,10505,Eugene Wu,Consumer,CA,8968 Tawny Forest Estates,90201.0,7,Fan Shop,33.97483063,-118.1829376,Pacific Asia,Melbourne,Australia,2016-03-03,29306,17.99,0.119999997,73327,49.98,0.349999994,3,149.94,131.95,46.18,Oceania,Victoria,Completed,1014,O'Brien Men's Neoprene Life Vest,49.98,2016-03-05,Standard Class,2016,3,March,1,3,Thursday,-2,On Time/Early,2016,March,3,Low Profit,Low
73094,Payment,2,1,22.5,179.99,Late Delivery,1,48,Water Sports,Detroit,EE. UU.,5511,Linda Smith,Corporate,MI,9667 Cinder Bend,48205.0,7,Fan Shop,42.42877197,-82.98252869,Pacific Asia,Basra,Irak,2016-12-24,49594,20.0,0.100000001,123948,199.99,0.129999995,1,199.99,179.99,22.5,West Asia,Basora,Pending_Payment,1073,Pelican Sunstream 100 Kayak,199.99,2016-12-26,First Class,2016,12,December,4,24,Saturday,1,Delayed,2016,December,12,Low Profit,Medium
114471,Transfer,6,4,54.06,159.94,Late Delivery,1,46,Indoor/Outdoor Games,New York,EE. UU.,2345,Mary Smith,Consumer,NY,1066 Stony Bay,10024.0,7,Fan Shop,40.78577042,-73.97601318,Latin America,Juárez,México,2015-01-23,1570,39.98,0.200000003,3922,49.98,0.340000004,4,199.92,159.94,54.06,Central America,Chihuahua,Processing,1014,O'Brien Men's Neoprene Life Vest,49.98,2015-01-29,Standard Class,2015,1,January,1,23,Friday,2,Delayed,2015,January,1,Low Profit,Low
67671,Debit,4,4,52.19,179.97,Shipping On Time,0,17,Cleats,Caguas,Puerto Rico,2650,David Nguyen,Corporate,PR,7621 Fallen Hollow,725.0,4,Apparel,18.24105835,-66.37050629,Africa,Loum,Camerún,2016-11-04,46163,59.99,0.25,115392,59.99,0.289999992,4,239.96,179.97,52.19,Central Africa,Littoral,Completed,365,Perfect Fitness Perfect Rip Deck,59.99,2016-11-08,Standard Class,2016,11,November,4,4,Friday,0,On Time/Early,2016,November,11,Low Profit,Low
76655,Debit,4,4,89.28,185.99,Shipping On Time,0,48,Water Sports,Caguas,Puerto Rico,2062,Sharon Smith,Consumer,PR,5645 Sunny Spring Gate,725.0,7,Fan Shop,18.24253082,-66.3706131,Latin America,San Pedro de Macorís,República Dominicana,2015-01-25,1663,14.0,0.07,4142,199.99,0.479999989,1,199.99,185.99,89.28,Caribbean,San Pedro de Macorís,Completed,1073,Pelican Sunstream 100 Kayak,199.99,2015-01-29,Standard Class,2015,1,January,1,25,Sunday,0,On Time/Early,2015,January,1,Low Profit,Medium
844,Debit,3,4,50.5,194.24,Advance Shipping,0,76,Women's Clothing,Fairfield,EE. UU.,20545,Mara Roman,Corporate,OH,1202 Quaking Embers Link,45014.0,4,Apparel,39.31198883,-84.49658966,Pacific Asia,Lahore,Pakistán,2018-01-28,76992,21.58,0.100000001,180307,215.82,0.25999999,1,215.82,194.24,50.5,South Asia,Punyab,Completed,1363,Summer dresses,215.82,2018-01-31,Standard Class,2018,1,January,1,28,Sunday,-1,On Time/Early,2018,January,1,Low Profit,Medium
155235,Payment,2,4,98.39,327.97,Advance Shipping,0,9,Cardio Equipment,Caguas,Puerto Rico,11672,Charles Burns,Consumer,PR,1691 Jagged Nectar Corner,725.0,3,Footwear,18.25687218,-66.37062836,Latin America,Resistencia,Argentina,2015-01-20,1306,71.99,0.180000007,3229,99.99,0.300000012,4,399.96,327.97,98.39,South America,Chaco,Pending_Payment,191,Nike Men's Free 5.0+ Running Shoe,99.99,2015-01-22,Standard Class,2015,1,January,1,20,Tuesday,-2,On Time/Early,2015,January,1,Low Profit,Low
31538,Debit,3,4,0.97,48.57,Advance Shipping,0,36,Golf Balls,Fresno,EE. UU.,5528,Nathan Kent,Corporate,CA,164 Dewy Nook,93722.0,6,Outdoors,36.72270966,-119.8107986,Latin America,Jaboticabal,Brasil,2015-02-16,3182,5.4,0.100000001,7923,17.99,0.02,3,53.97,48.57,0.97,South America,São Paulo,Completed,797,Hirzl Women's Soffft Flex Golf Glove,17.99,2015-02-19,Standard Class,2015,2,February,1,16,Monday,-1,On Time/Early,2015,February,2,Low Profit,Low
34724,Cash,6,4,64.79,134.98,Late Delivery,1,17,Cleats,Tempe,EE. UU.,5127,Mary Smith,Consumer,AZ,857 Little Wagon  Concession,85283.0,4,Apparel,33.35738754,-111.9551849,Europe,Talence,Francia,2015-08-29,16480,44.99,0.25,41166,59.99,0.479999989,3,179.97,134.98,64.79,Western Europe,Aquitania-Lemosín-Poitou-Charentes,Closed,365,Perfect Fitness Perfect Rip Deck,59.99,2015-09-04,Standard Class,2015,8,August,3,29,Saturday,2,Delayed,2015,September,9,Low Profit,Low
107246,Debit,6,4,23.24,74.97,Late Delivery,1,46,Indoor/Outdoor Games,Arlington,EE. UU.,5991,Stephen Smith,Consumer,VA,1643 Clear Jetty,22204.0,7,Fan Shop,38.86655808,-77.07163239,Latin America,Passo Fundo,Brasil,2017-03-02,54245,24.99,0.25,135627,49.98,0.310000002,2,99.96,74.97,23.24,South America,Rio Grande do Sul,Completed,1014,O'Brien Men's Neoprene Life Vest,49.98,2017-03-08,Standard Class,2017,3,March,1,2,Thursday,2,Delayed,2017,March,3,Low Profit,Low
41553,Debit,5,4,182.69,503.29,Late Delivery,1,68,Garden,Caguas,Puerto Rico,15317,Clementine Moody,Corporate,PR,2704 High Leaf Glen,725.0,6,Outdoors,18.21577263,-66.03705597,Pacific Asia,Yakarta,Indonesia,2017-11-13,71764,29.29,0.059999999,175079,532.58,0.360000014,1,532.58,503.29,182.69,Southeast Asia,Yakarta,Completed,1355,Lawn mower,532.58,2017-11-18,Standard Class,2017,11,November,4,13,Monday,1,Delayed,2017,November,11,Medium Profit,High
71081,Transfer,2,1,50.95,156.76,Late Delivery,1,29,Shop By Sport,New York,EE. UU.,10002,Mary Briggs,Corporate,NY,8284 Pleasant Pine Villas,10040.0,5,Golf,40.85889053,-73.93106842,Africa,Lagos,Nigeria,2016-09-22,43188,3.2,0.02,107883,39.99,0.330000013,4,159.96,156.76,50.95,West Africa,Lagos,Processing,627,Under Armour Girls' Toddler Spine Surge Runni,39.99,2016-09-24,First Class,2016,9,September,3,22,Thursday,1,Delayed,2016,September,9,Low Profit,Low
92538,Transfer,2,1,9.96,49.79,Late Delivery,1,17,Cleats,Caguas,Puerto Rico,9992,Mary Smith,Corporate,PR,2676 Velvet Common,725.0,4,Apparel,18.29933739,-66.37055969,Latin America,San Ignacio,Belice,2017-05-25,59970,10.2,0.170000002,150090,59.99,0.200000003,1,59.99,49.79,9.96,Central America,Distrito de Cayo,Pending,365,Perfect Fitness Perfect Rip Deck,59.99,2017-05-27,First Class,2017,5,May,2,25,Thursday,1,Delayed,2017,May,5,Low Profit,Low
114525,Payment,2,4,-36.64,49.98,Advance Shipping,0,46,Indoor/Outdoor Games,Caguas,Puerto Rico,8915,James Grant,Corporate,PR,6667 Harvest Pioneer Downs,725.0,7,Fan Shop,18.21690559,-66.37051392,Latin America,Las Tunas,Cuba,2015-01-21,1396,0.0,0.0,3451,49.98,-0.730000019,1,49.98,49.98,-36.64,Caribbean,Las Tunas,Pending_Payment,1014,O'Brien Men's Neoprene Life Vest,49.98,2015-01-23,Standard Class,2015,1,January,1,21,Wednesday,-2,On Time/Early,2015,January,1,Loss,Low
106900,Payment,2,1,45.58,94.96,Late Delivery,1,46,Indoor/Outdoor Games,Miami,EE. UU.,234,Mary Giles,Consumer,FL,3729 Cinder Grove Concession,33157.0,7,Fan Shop,34.22512436,-119.1793594,Latin America,Querétaro,México,2017-03-20,55473,5.0,0.050000001,138752,49.98,0.479999989,2,99.96,94.96,45.58,Central America,Querétaro,Pending_Payment,1014,O'Brien Men's Neoprene Life Vest,49.98,2017-03-22,First Class,2017,3,March,1,20,Monday,1,Delayed,2017,March,3,Low Profit,Low
30753,Transfer,4,4,22.55,82.0,Shipping On Time,0,24,Women's Apparel,Caguas,Puerto Rico,1822,Charles Smith,Home Office,PR,4806 Middle Canyon,725.0,5,Golf,18.27599907,-66.37050629,Europe,Bilbao,España,2015-07-02,12508,18.0,0.180000007,31300,50.0,0.280000001,2,100.0,82.0,22.55,Southern Europe,País Vasco,Processing,502,Nike Men's Dri-FIT Victory Golf Polo,50.0,2015-07-06,Standard Class,2015,7,July,3,2,Thursday,0,On Time/Early,2015,July,7,Low Profit,Low
117025,Transfer,2,1,-3.44,245.96,Late Delivery,1,17,Cleats,Washington,EE. UU.,3970,Mary Rodgers,Consumer,DC,3847 Blue Place,20011.0,4,Apparel,38.88613129,-77.10688782,Latin America,Guadalajara,México,2015-02-13,2987,53.99,0.180000007,7445,59.99,-0.01,5,299.95,245.96,-3.44,Central America,Jalisco,Pending,365,Perfect Fitness Perfect Rip Deck,59.99,2015-02-15,First Class,2015,2,February,1,13,Friday,1,Delayed,2015,February,2,Loss,Low
9497,Debit,5,4,74.78,169.96,Late Delivery,1,29,Shop By Sport,Douglasville,EE. UU.,971,Jacqueline Krueger,Consumer,GA,437 Cozy Log Range,30135.0,5,Golf,33.72855759,84.74267578,Usa,Miami,Estados Unidos,2016-05-27,35094,29.99,0.150000006,87642,39.99,0.439999998,5,199.95,169.96,74.78,South of  USA ,Florida,Completed,627,Under Armour Girls' Toddler Spine Surge Runni,39.99,2016-06-01,Standard Class,2016,5,May,2,27,Friday,1,Delayed,2016,June,6,Low Profit,Low
94390,Debit,4,4,16.99,37.76,Shipping On Time,0,75,Video Games,Brooklyn,EE. UU.,17096,Moana Castillo,Consumer,NY,9406 Middle Cider Crest,11229.0,9,Discs Shop,40.60237885,-73.95497131,Pacific Asia,Wagga Wagga,Australia,2017-12-09,73543,1.99,0.050000001,176858,39.75,0.449999988,1,39.75,37.76,16.99,Oceania,Nueva Gales del Sur,Completed,1362,Fighting video games,39.75,2017-12-13,Standard Class,2017,12,December,4,9,Saturday,0,On Time/Early,2017,December,12,Low Profit,Low
172891,Cash,3,2,54.99,116.99,Late Delivery,1,18,Men's Footwear,Caguas,Puerto Rico,3378,Mary Torres,Consumer,PR,1802 Wishing Line,725.0,4,Apparel,18.21574211,-66.37059021,Europe,Paris,Francia,2017-07-17,63637,13.0,0.100000001,159065,129.99,0.469999999,1,129.99,116.99,54.99,Western Europe,Isla de Francia,Closed,403,Nike Men's CJ Elite 2 TD Football Cleat,129.99,2017-07-20,Second Class,2017,7,July,3,17,Monday,1,Delayed,2017,July,7,Low Profit,Medium
158533,Transfer,6,2,103.66,215.96,Late Delivery,1,17,Cleats,Caguas,Puerto Rico,4154,Mary Smith,Consumer,PR,9430 Heather Mountain Farms,725.0,4,Apparel,18.24325371,-66.37060547,Europe,Leipzig,Alemania,2015-08-27,16305,24.0,0.100000001,40709,59.99,0.479999989,4,239.96,215.96,103.66,Western Europe,Sajonia,Pending,365,Perfect Fitness Perfect Rip Deck,59.99,2015-09-02,Second Class,2015,8,August,3,27,Thursday,4,Delayed,2015,September,9,Medium Profit,Low
33212,Cash,6,4,32.04,110.49,Late Delivery,1,18,Men's Footwear,Bronx,EE. UU.,5490,Mary Richardson,Consumer,NY,9437 Emerald Butterfly Edge,10466.0,4,Apparel,40.8907814,-73.85758209,Europe,Suresnes,Francia,2015-07-12,13155,19.5,0.150000006,32912,129.99,0.289999992,1,129.99,110.49,32.04,Western Europe,Isla de Francia,Closed,403,Nike Men's CJ Elite 2 TD Football Cleat,129.99,2015-07-18,Standard Class,2015,7,July,3,12,Sunday,2,Delayed,2015,July,7,Low Profit,Medium
97075,Debit,2,1,92.55,254.96,Late Delivery,1,17,Cleats,York,EE. UU.,7627,Bruce Huff,Home Office,PA,2749 Cotton Circle,17404.0,4,Apparel,39.95479965,-76.75787354,Pacific Asia,Tiruppur,India,2015-11-17,21982,44.99,0.150000006,54993,59.99,0.360000014,5,299.95,254.96,92.55,South Asia,Tamil Nadu,Completed,365,Perfect Fitness Perfect Rip Deck,59.99,2015-11-19,First Class,2015,11,November,4,17,Tuesday,1,Delayed,2015,November,11,Low Profit,Low
176814,Debit,1,0,161.99,359.98,Late Delivery,1,45,Fishing,San Juan,Puerto Rico,2063,Mary Morris,Consumer,PR,469 Middle Berry Abbey,921.0,7,Fan Shop,18.38596916,-66.0940094,Pacific Asia,Rangún,Myanmar (Birmania),2015-11-16,21900,40.0,0.100000001,54775,399.98,0.449999988,1,399.98,359.98,161.99,Southeast Asia,Rangún,Completed,1004,Field & Stream Sportsman 16 Gun Fire Safe,399.98,2015-11-17,Same Day,2015,11,November,4,16,Monday,1,Delayed,2015,November,11,Medium Profit,Medium
48035,Debit,0,0,1.97,98.38,Shipping On Time,0,29,Shop By Sport,Marrero,EE. UU.,1383,Catherine Smith,Corporate,LA,762 Misty Farm,70072.0,5,Golf,29.89742088,-90.10965729,Europe,Estocolmo,Suecia,2015-08-12,15289,21.59,0.180000007,38226,39.99,0.02,3,119.97,98.38,1.97,Northern Europe,Estocolmo,Completed,627,Under Armour Girls' Toddler Spine Surge Runni,39.99,2015-08-12,Same Day,2015,8,August,3,12,Wednesday,0,On Time/Early,2015,August,8,Low Profit,Low
154139,Payment,5,4,68.88,245.98,Late Delivery,1,43,Camping & Hiking,Caguas,Puerto Rico,12073,Mildred Merritt,Consumer,PR,4661 Green Freeway,725.0,7,Fan Shop,18.23455048,-66.37057495,Usa,Los Angeles,Estados Unidos,2016-05-04,33544,54.0,0.180000007,83742,299.98,0.280000001,1,299.98,245.98,68.88,West of USA ,California,Pending_Payment,957,Diamondback Women's Serene Classic Comfort Bi,299.98,2016-05-09,Standard Class,2016,5,May,2,4,Wednesday,1,Delayed,2016,May,5,Low Profit,Medium
10592,Payment,3,4,145.49,484.95,Advance Shipping,0,9,Cardio Equipment,Caguas,Puerto Rico,11796,Mary Wall,Home Office,PR,2035 Thunder Corners,725.0,3,Footwear,18.26891899,-66.37060547,Latin America,Rosario,Argentina,2017-02-07,52647,15.0,0.029999999,131606,99.99,0.300000012,5,499.95,484.95,145.49,South America,Santa Fe,Pending_Payment,191,Nike Men's Free 5.0+ Running Shoe,99.99,2017-02-10,Standard Class,2017,2,February,1,7,Tuesday,-1,On Time/Early,2017,February,2,Medium Profit,Low
5071,Transfer,3,4,56.69,226.76,Advance Shipping,0,17,Cleats,Los Angeles,EE. UU.,3764,Ethan Smith,Consumer,CA,6548 Clear Towers,90057.0,4,Apparel,34.06108093,-118.2774735,Pacific Asia,Estambul,Turquía,2017-01-06,50482,13.2,0.059999999,126136,59.99,0.25,4,239.96,226.76,56.69,West Asia,Estambul,Processing,365,Perfect Fitness Perfect Rip Deck,59.99,2017-01-09,Standard Class,2017,1,January,1,6,Friday,-1,On Time/Early,2017,January,1,Low Profit,Low
99966,Debit,2,2,47.5,197.92,Shipping On Time,0,46,Indoor/Outdoor Games,Caguas,Puerto Rico,1873,Ronald Scott,Consumer,PR,4288 Hazy Alley,725.0,7,Fan Shop,18.25496101,-66.37059784,Usa,Mcallen,Estados Unidos,2016-07-14,38371,2.0,0.01,95769,49.98,0.239999995,4,199.92,197.92,47.5,US Center ,Texas,On_Hold,1014,O'Brien Men's Neoprene Life Vest,49.98,2016-07-16,Second Class,2016,7,July,3,14,Thursday,0,On Time/Early,2016,July,7,Low Profit,Low
110308,Transfer,2,1,5.54,46.17,Late Delivery,1,12,Boxing & MMA,Parkville,EE. UU.,4233,Matthew Smith,Consumer,MD,6415 Harvest Vista,21234.0,3,Footwear,39.3816185,-76.54323578,Pacific Asia,Taiyuan,China,2016-03-13,29978,8.8,0.159999996,74960,54.97,0.119999997,1,54.97,46.17,5.54,Eastern Asia,Shanxi,Processing,249,Under Armour Women's Micro G Skulpt Running S,54.97,2016-03-15,First Class,2016,3,March,1,13,Sunday,1,Delayed,2016,March,3,Low Profit,Low
79260,Transfer,2,2,58.1,165.99,Shipping On Time,0,48,Water Sports,Caguas,Puerto Rico,3691,Mary Campos,Consumer,PR,9393 Honey Autoroute,725.0,7,Fan Shop,18.20783234,-66.3706131,Usa,Clinton,Estados Unidos,2016-05-26,35026,34.0,0.170000002,87483,199.99,0.349999994,1,199.99,165.99,58.1,East of USA,Maryland,Pending,1073,Pelican Sunstream 100 Kayak,199.99,2016-05-28,Second Class,2016,5,May,2,26,Thursday,0,On Time/Early,2016,May,5,Low Profit,Medium
30130,Payment,6,2,-332.58,201.57,Late Delivery,1,17,Cleats,San Diego,EE. UU.,2093,Justin Jennings,Corporate,CA,9079 Dewy Deer Harbour,92117.0,4,Apparel,32.77581406,-117.135437,Europe,Helsinki,Finlandia,2015-10-23,20275,38.39,0.159999996,50635,59.99,-1.649999976,4,239.96,201.57,-332.58,Northern Europe,Uusimaa,Pending_Payment,365,Perfect Fitness Perfect Rip Deck,59.99,2015-10-29,Second Class,2015,10,October,4,23,Friday,4,Delayed,2015,October,10,Loss,Low
55791,Debit,2,4,87.3,193.99,Advance Shipping,0,48,Water Sports,Brockton,EE. UU.,5116,Doris Smith,Consumer,MA,1819 Noble Ramp,2301.0,7,Fan Shop,42.06258011,-71.01766205,Latin America,Los Mochis,México,2017-03-19,55381,6.0,0.029999999,138517,199.99,0.449999988,1,199.99,193.99,87.3,Central America,Sinaloa,Completed,1073,Pelican Sunstream 100 Kayak,199.99,2017-03-21,Standard Class,2017,3,March,1,19,Sunday,-2,On Time/Early,2017,March,3,Low Profit,Medium
36415,Payment,4,2,-41.8,87.99,Late Delivery,1,9,Cardio Equipment,Napa,EE. UU.,8440,Gloria Sandoval,Consumer,CA,6468 Fallen Close,94558.0,3,Footwear,38.30201721,-122.1991196,Europe,Coimbra,Portugal,2017-08-26,66313,12.0,0.119999997,165751,99.99,-0.479999989,1,99.99,87.99,-41.8,Southern Europe,Coimbra,Pending_Payment,191,Nike Men's Free 5.0+ Running Shoe,99.99,2017-08-30,Second Class,2017,8,August,3,26,Saturday,2,Delayed,2017,August,8,Loss,Low
74724,Cash,4,2,93.06,197.99,Late Delivery,1,48,Water Sports,Caguas,Puerto Rico,4924,Mary Castillo,Corporate,PR,9036 Bright Brook Route,725.0,7,Fan Shop,18.24814224,-66.37062073,Africa,Chitungwiza,Zimbabue,2016-09-09,42328,2.0,0.01,105694,199.99,0.469999999,1,199.99,197.99,93.06,East Africa,Harare,Closed,1073,Pelican Sunstream 100 Kayak,199.99,2016-09-13,Second Class,2016,9,September,3,9,Friday,2,Delayed,2016,September,9,Low Profit,Medium
65264,Debit,6,2,-7.95,31.8,Late Delivery,1,75,Video Games,Sunnyvale,EE. UU.,17103,Yetta Mooney,Consumer,CA,9792 Cozy Corners,94087.0,9,Discs Shop,39.16856766,-121.0644913,Pacific Asia,Ho Chi Minh City,Vietnam,2017-12-09,73550,7.95,0.200000003,176865,39.75,-0.25,1,39.75,31.8,-7.95,Southeast Asia,Ciudad Ho Chi Minh,On_Hold,1362,Fighting video games,39.75,2017-12-15,Second Class,2017,12,December,4,9,Saturday,4,Delayed,2017,December,12,Loss,Low
85792,Transfer,3,4,22.97,263.98,Advance Shipping,0,43,Camping & Hiking,Brooklyn,EE. UU.,9707,Mary Bradley,Corporate,NY,5902 Silver Embers Diversion,11230.0,7,Fan Shop,40.62810135,-73.96759033,Latin America,Panama City,Panamá,2015-03-15,5062,36.0,0.119999997,12662,299.98,0.090000004,1,299.98,263.98,22.97,Central America,Panamá,Pending,957,Diamondback Women's Serene Classic Comfort Bi,299.98,2015-03-18,Standard Class,2015,3,March,1,15,Sunday,-1,On Time/Early,2015,March,3,Low Profit,Medium
53455,Payment,3,2,96.04,195.99,Late Delivery,1,48,Water Sports,Ontario,EE. UU.,5440,Mary Malone,Consumer,CA,4868 Tawny Park,91764.0,7,Fan Shop,34.06988144,-117.5471725,Europe,Saint-Gratien,Francia,2017-08-14,65507,4.0,0.02,163732,199.99,0.49000001,1,199.99,195.99,96.04,Western Europe,Isla de Francia,Pending_Payment,1073,Pelican Sunstream 100 Kayak,199.99,2017-08-17,Second Class,2017,8,August,3,14,Monday,1,Delayed,2017,August,8,Low Profit,Medium
158473,Transfer,6,2,71.99,143.98,Late Delivery,1,17,Cleats,Caguas,Puerto Rico,4080,Mary Smith,Consumer,PR,107 Wishing Gate,725.0,4,Apparel,18.27618027,-66.37058258,Pacific Asia,Shenzhen,China,2016-03-03,29295,35.99,0.200000003,73298,59.99,0.5,3,179.97,143.98,71.99,Eastern Asia,Guangdong,Processing,365,Perfect Fitness Perfect Rip Deck,59.99,2016-03-09,Second Class,2016,3,March,1,3,Thursday,4,Delayed,2016,March,3,Low Profit,Low
74773,Debit,3,4,28.22,165.99,Advance Shipping,0,48,Water Sports,Juana Diaz,Puerto Rico,11581,Mary Ramsey,Corporate,PR,3587 Blue Mall ,795.0,7,Fan Shop,18.05199051,-66.50184631,Pacific Asia,Astaná,Kazajistán,2016-09-06,42077,34.0,0.170000002,105040,199.99,0.170000002,1,199.99,165.99,28.22,Central Asia,Astaná,Completed,1073,Pelican Sunstream 100 Kayak,199.99,2016-09-09,Standard Class,2016,9,September,3,6,Tuesday,-1,On Time/Early,2016,September,9,Low Profit,Medium
59876,Debit,4,4,51.48,114.39,Shipping On Time,0,18,Men's Footwear,Lynnwood,EE. UU.,8347,Tiffany Smith,Corporate,WA,371 Cozy Prairie Highway,98037.0,4,Apparel,38.05714035,-85.5557785,Europe,Dresden,Alemania,2015-08-31,16583,15.6,0.119999997,41437,129.99,0.449999988,1,129.99,114.39,51.48,Western Europe,Sajonia,On_Hold,403,Nike Men's CJ Elite 2 TD Football Cleat,129.99,2015-09-04,Standard Class,2015,8,August,3,31,Monday,0,On Time/Early,2015,September,9,Low Profit,Medium
47785,Debit,0,0,12.87,128.69,Shipping On Time,0,18,Men's Footwear,Lawrenceville,EE. UU.,4725,Gerald Camacho,Corporate,GA,7518 Noble Parkway,30044.0,4,Apparel,33.94185257,-84.08663178,Europe,Marseille,Francia,2015-07-03,12563,1.3,0.01,31450,129.99,0.100000001,1,129.99,128.69,12.87,Western Europe,Provenza-Alpes-Costa Azul,On_Hold,403,Nike Men's CJ Elite 2 TD Football Cleat,129.99,2015-07-03,Same Day,2015,7,July,3,3,Friday,0,On Time/Early,2015,July,7,Low Profit,Medium
62319,Cash,4,4,-353.38,199.99,Shipping On Time,0,48,Water Sports,Wayne,EE. UU.,1465,Mary Smith,Consumer,NJ,8495 Lazy Rabbit Diversion,7470.0,7,Fan Shop,40.95141602,-74.22407532,Latin America,Sapucaia do Sul,Brasil,2015-04-08,6698,0.0,0.0,16738,199.99,-1.769999981,1,199.99,199.99,-353.38,South America,Rio Grande do Sul,Closed,1073,Pelican Sunstream 100 Kayak,199.99,2015-04-12,Standard Class,2015,4,April,2,8,Wednesday,0,On Time/Early,2015,April,4,Loss,Medium
117785,Transfer,3,2,46.8,97.49,Late Delivery,1,18,Men's Footwear,Ontario,EE. UU.,10575,Mary Vargas,Consumer,CA,6888 Wishing Mountain Run,91762.0,4,Apparel,34.06832504,-117.6557541,Africa,Johannesburg,SudAfrica,2017-01-13,50967,32.5,0.25,127378,129.99,0.479999989,1,129.99,97.49,46.8,Southern Africa,Gauteng,Pending,403,Nike Men's CJ Elite 2 TD Football Cleat,129.99,2017-01-16,Second Class,2017,1,January,1,13,Friday,1,Delayed,2017,January,1,Low Profit,Medium
178767,Debit,2,4,36.74,146.94,Advance Shipping,0,46,Indoor/Outdoor Games,Las Cruces,EE. UU.,11083,Evelyn Morrison,Corporate,NM,6468 Dewy Towers,88005.0,7,Fan Shop,32.21647263,-106.7519684,Latin America,Moa,Cuba,2015-04-16,7221,3.0,0.02,18075,49.98,0.25,3,149.94,146.94,36.74,Caribbean,Holguín,Completed,1014,O'Brien Men's Neoprene Life Vest,49.98,2015-04-18,Standard Class,2015,4,April,2,16,Thursday,-2,On Time/Early,2015,April,4,Low Profit,Low
178311,Debit,3,2,17.59,79.97,Late Delivery,1,46,Indoor/Outdoor Games,Brooklyn,EE. UU.,7941,Ashley Smith,Consumer,NY,7122 Pleasant Port,11213.0,7,Fan Shop,40.66978836,-73.93567658,Latin America,Panama City,Panamá,2015-05-10,8862,19.99,0.200000003,22129,49.98,0.219999999,2,99.96,79.97,17.59,Central America,Panamá,On_Hold,1014,O'Brien Men's Neoprene Life Vest,49.98,2015-05-13,Second Class,2015,5,May,2,10,Sunday,1,Delayed,2015,May,5,Low Profit,Low
63737,Cash,5,4,0.0,181.98,Late Delivery,1,9,Cardio Equipment,Saint Charles,EE. UU.,10851,Dylan Stephens,Home Office,MO,4635 Merry Nectar Pike,63301.0,3,Footwear,38.78551102,-90.48577881,Latin America,Ixtapaluca,México,2015-02-15,3139,18.0,0.090000004,7810,99.99,0.0,2,199.98,181.98,0.0,Central America,México,Closed,191,Nike Men's Free 5.0+ Running Shoe,99.99,2015-02-20,Standard Class,2015,2,February,1,15,Sunday,1,Delayed,2015,February,2,Low Profit,Low
140869,Cash,3,4,-34.64,80.0,Advance Shipping,0,24,Women's Apparel,Caguas,Puerto Rico,19,Stephanie Mitchell,Home Office,PR,3543 Red Treasure Bay,725.0,5,Golf,18.35910606,-66.07789612,Europe,Cologne,Alemania,2015-08-29,16447,20.0,0.200000003,41069,50.0,-0.430000007,2,100.0,80.0,-34.64,Western Europe,Renania del Norte-Westfalia,Closed,502,Nike Men's Dri-FIT Victory Golf Polo,50.0,2015-09-01,Standard Class,2015,8,August,3,29,Saturday,-1,On Time/Early,2015,September,9,Loss,Low
60597,Debit,3,4,-28.14,248.98,Advance Shipping,0,43,Camping & Hiking,Goleta,EE. UU.,7657,Christian Vargas,Corporate,CA,2416 Lost Key,93117.0,7,Fan Shop,34.41292954,-119.8607178,Latin America,Mexico City,México,2015-05-21,9597,51.0,0.170000002,23978,299.98,-0.109999999,1,299.98,248.98,-28.14,Central America,Distrito Federal,Completed,957,Diamondback Women's Serene Classic Comfort Bi,299.98,2015-05-24,Standard Class,2015,5,May,2,21,Thursday,-1,On Time/Early,2015,May,5,Loss,Medium
19313,Payment,2,1,76.02,158.37,Late Delivery,1,17,Cleats,Mission,EE. UU.,9622,Roy Smith,Consumer,TX,9100 Silent Spring Close,78572.0,4,Apparel,29.33264732,-98.44306946,Latin America,Balneário Camboriú,Brasil,2015-04-06,6539,21.6,0.119999997,16355,59.99,0.479999989,3,179.97,158.37,76.02,South America,Santa Catarina,Pending_Payment,365,Perfect Fitness Perfect Rip Deck,59.99,2015-04-08,First Class,2015,4,April,2,6,Monday,1,Delayed,2015,April,4,Low Profit,Low
69761,Payment,3,4,52.0,200.0,Advance Shipping,0,24,Women's Apparel,Honolulu,EE. UU.,1942,Joseph Moran,Corporate,HI,4823 Golden Hollow,96818.0,5,Golf,21.343153,-157.906601,Pacific Asia,Bhopal,India,2016-02-24,28772,0.0,0.0,72007,50.0,0.25999999,4,200.0,200.0,52.0,South Asia,Madhya Pradesh,Pending_Payment,502,Nike Men's Dri-FIT Victory Golf Polo,50.0,2016-02-27,Standard Class,2016,2,February,1,24,Wednesday,-1,On Time/Early,2016,February,2,Low Profit,Low
21273,Debit,2,4,-200.59,387.98,Advance Shipping,0,45,Fishing,Caguas,Puerto Rico,4581,Jessica May,Consumer,PR,5012 Tawny Brook Vale,725.0,7,Fan Shop,18.26587105,-66.37058258,Pacific Asia,Caloundra,Australia,2015-12-10,23511,12.0,0.029999999,58820,399.98,-0.519999981,1,399.98,387.98,-200.59,Oceania,Queensland,Completed,1004,Field & Stream Sportsman 16 Gun Fire Safe,399.98,2015-12-12,Standard Class,2015,12,December,4,10,Thursday,-2,On Time/Early,2015,December,12,Loss,Medium
169055,Transfer,1,0,7.57,42.5,Late Delivery,1,24,Women's Apparel,Chicago,EE. UU.,4760,Cynthia Smith,Home Office,IL,5674 Burning Willow Extension,60621.0,5,Golf,41.77276993,-87.63503265,Usa,Arlington,Estados Unidos,2016-07-23,39048,7.5,0.150000006,97465,50.0,0.180000007,1,50.0,42.5,7.57,South of  USA ,Virginia,Pending,502,Nike Men's Dri-FIT Victory Golf Polo,50.0,2016-07-24,Same Day,2016,7,July,3,23,Saturday,1,Delayed,2016,July,7,Low Profit,Low
53776,Transfer,3,2,42.5,169.99,Late Delivery,1,48,Water Sports,Caguas,Puerto Rico,4611,Dorothy Smith,Consumer,PR,3926 Stony Gardens,725.0,7,Fan Shop,18.24239731,-66.37058258,Europe,Southend-on-Sea,Reino Unido,2017-07-23,64052,30.0,0.150000006,160147,199.99,0.25,1,199.99,169.99,42.5,Northern Europe,Inglaterra,Pending,1073,Pelican Sunstream 100 Kayak,199.99,2017-07-26,Second Class,2017,7,July,3,23,Sunday,1,Delayed,2017,July,7,Low Profit,Medium
78706,Transfer,5,4,52.0,199.99,Late Delivery,1,48,Water Sports,Brooklyn,EE. UU.,5879,Mary Martin,Home Office,NY,2264 Red Route,11236.0,7,Fan Shop,40.64571381,-73.8972168,Usa,Louisville,Estados Unidos,2016-07-04,37709,0.0,0.0,94126,199.99,0.25999999,1,199.99,199.99,52.0,South of  USA ,Kentucky,Pending,1073,Pelican Sunstream 100 Kayak,199.99,2016-07-09,Standard Class,2016,7,July,3,4,Monday,1,Delayed,2016,July,7,Low Profit,Medium
33115,Cash,2,4,37.32,128.69,Advance Shipping,0,18,Men's Footwear,Honolulu,EE. UU.,11880,Mary Smith,Consumer,HI,6610 Umber Shadow Boulevard,96817.0,4,Apparel,21.32080078,-157.8613892,Europe,Madrid,España,2017-07-17,63616,1.3,0.01,159004,129.99,0.289999992,1,129.99,128.69,37.32,Southern Europe,Madrid,Closed,403,Nike Men's CJ Elite 2 TD Football Cleat,129.99,2017-07-19,Standard Class,2017,7,July,3,17,Monday,-2,On Time/Early,2017,July,7,Low Profit,Medium
64693,Debit,5,2,86.39,287.98,Late Delivery,1,43,Camping & Hiking,Roswell,EE. UU.,11777,Melissa Marsh,Consumer,NM,7656 Heather Leaf Heath,88201.0,7,Fan Shop,33.41352081,-103.7812958,Latin America,Valparaíso,Chile,2017-06-01,60454,12.0,0.039999999,151279,299.98,0.300000012,1,299.98,287.98,86.39,South America,Valparaíso,Completed,957,Diamondback Women's Serene Classic Comfort Bi,299.98,2017-06-06,Second Class,2017,6,June,2,1,Thursday,3,Delayed,2017,June,6,Low Profit,Medium
165607,Payment,2,1,83.15,237.56,Late Delivery,1,17,Cleats,Newark,EE. UU.,12028,Steven Smith,Home Office,NJ,9853 Foggy Anchor Extension,7104.0,4,Apparel,40.75481033,-74.1746521,Europe,Hagen,Alemania,2015-08-03,14699,2.4,0.01,36783,59.99,0.349999994,4,239.96,237.56,83.15,Western Europe,Renania del Norte-Westfalia,Pending_Payment,365,Perfect Fitness Perfect Rip Deck,59.99,2015-08-05,First Class,2015,8,August,3,3,Monday,1,Delayed,2015,August,8,Low Profit,Low
163410,Debit,2,4,156.79,319.98,Advance Shipping,0,45,Fishing,Brooklyn,EE. UU.,4959,Laura Baldwin,Home Office,NY,226 Rustic Highlands,11218.0,7,Fan Shop,40.67176056,-73.94520569,Pacific Asia,Townsville,Australia,2015-12-26,24646,80.0,0.200000003,61706,399.98,0.49000001,1,399.98,319.98,156.79,Oceania,Queensland,Completed,1004,Field & Stream Sportsman 16 Gun Fire Safe,399.98,2015-12-28,Standard Class,2015,12,December,4,26,Saturday,-2,On Time/Early,2015,December,12,Medium Profit,Medium
28960,Payment,0,0,73.12,224.99,Shipping On Time,0,43,Camping & Hiking,Mission Viejo,EE. UU.,6537,Susan Lopez,Corporate,CA,4417 Dusty Elk Cape,92691.0,7,Fan Shop,33.62104797,-117.6759186,Europe,Barcelona,España,2017-08-17,65727,75.0,0.25,164262,299.98,0.330000013,1,299.98,224.99,73.12,Southern Europe,Cataluña,Pending_Payment,957,Diamondback Women's Serene Classic Comfort Bi,299.98,2017-08-17,Same Day,2017,8,August,3,17,Thursday,0,On Time/Early,2017,August,8,Low Profit,Medium
95282,Debit,4,4,-159.57,91.18,Shipping On Time,0,37,Electronics,Portland,EE. UU.,5884,Gary Smith,Consumer,OR,4062 Dusty Quail Ridge,97229.0,6,Outdoors,45.57000732,-122.6221085,Africa,Kuito,Angola,2017-01-15,51048,4.8,0.050000001,127579,47.99,-1.75,2,95.98,91.18,-159.57,Central Africa,Bié,Completed,818,Titleist Pro V1x Golf Balls,47.99,2017-01-19,Standard Class,2017,1,January,1,15,Sunday,0,On Time/Early,2017,January,1,Loss,Low
24708,Debit,2,1,110.87,395.98,Late Delivery,1,45,Fishing,San Francisco,EE. UU.,9636,Mary Cruz,Corporate,CA,3702 Burning Passage,94122.0,7,Fan Shop,37.7617569,-122.4713516,Europe,Essen,Alemania,2015-09-03,16843,4.0,0.01,42082,399.98,0.280000001,1,399.98,395.98,110.87,Western Europe,Renania del Norte-Westfalia,Completed,1004,Field & Stream Sportsman 16 Gun Fire Safe,399.98,2015-09-05,First Class,2015,9,September,3,3,Thursday,1,Delayed,2015,September,9,Medium Profit,Medium
25522,Debit,2,1,-69.08,43.17,Late Delivery,1,41,Trade-In,Chicago,EE. UU.,8998,James Nielsen,Corporate,IL,9720 Colonial Parade,60649.0,6,Outdoors,41.75909424,-87.56176758,Pacific Asia,Yakarta,Indonesia,2015-12-05,23162,4.8,0.100000001,57988,15.99,-1.600000024,3,47.97,43.17,-69.08,Southeast Asia,Yakarta,Completed,924,Glove It Urban Brick Golf Towel,15.99,2015-12-07,First Class,2015,12,December,4,5,Saturday,1,Delayed,2015,December,12,Loss,Low
77105,Transfer,2,2,3.6,47.98,Shipping On Time,0,46,Indoor/Outdoor Games,Hyattsville,EE. UU.,3046,Mary Newman,Consumer,MD,5578 Hazy River End,20783.0,7,Fan Shop,38.98765183,-76.98097229,Europe,Nuremberg,Alemania,2017-09-29,68671,2.0,0.039999999,171682,49.98,0.079999998,1,49.98,47.98,3.6,Western Europe,Bavaria,Pending,1014,O'Brien Men's Neoprene Life Vest,49.98,2017-10-01,Second Class,2017,9,September,3,29,Friday,0,On Time/Early,2017,October,10,Low Profit,Low
149577,Debit,6,4,5.66,95.98,Late Delivery,1,17,Cleats,Caguas,Puerto Rico,11091,Joan Smith,Home Office,PR,6296 Misty Goose Avenue,725.0,4,Apparel,18.24185181,-66.3705368,Latin America,Villa Nueva,Guatemala,2015-03-24,5625,24.0,0.200000003,14023,59.99,0.059999999,2,119.98,95.98,5.66,Central America,Guatemala,Completed,365,Perfect Fitness Perfect Rip Deck,59.99,2015-03-30,Standard Class,2015,3,March,1,24,Tuesday,2,Delayed,2015,March,3,Low Profit,Low
170620,Transfer,2,4,135.03,371.98,Advance Shipping,0,45,Fishing,Denver,EE. UU.,10072,Richard Smith,Home Office,CO,2709 Quaking Dell,80231.0,7,Fan Shop,39.77026367,-105.0207672,Latin America,Mexico City,México,2015-01-02,131,28.0,0.07,306,399.98,0.360000014,1,399.98,371.98,135.03,Central America,Distrito Federal,Processing,1004,Field & Stream Sportsman 16 Gun Fire Safe,399.98,2015-01-04,Standard Class,2015,1,January,1,2,Friday,-2,On Time/Early,2015,January,1,Medium Profit,Medium
151921,Debit,4,4,179.99,399.98,Shipping On Time,0,45,Fishing,Caguas,Puerto Rico,1025,Megan Todd,Home Office,PR,1393 Umber Sky Estates,725.0,7,Fan Shop,18.29652023,-66.04867554,Usa,New York City,Estados Unidos,2016-06-22,36883,0.0,0.0,92045,399.98,0.449999988,1,399.98,399.98,179.99,East of USA,Nueva York,Completed,1004,Field & Stream Sportsman 16 Gun Fire Safe,399.98,2016-06-26,Standard Class,2016,6,June,2,22,Wednesday,0,On Time/Early,2016,June,6,Medium Profit,Medium
8077,Cash,5,4,94.08,335.98,Late Delivery,1,45,Fishing,Caguas,Puerto Rico,9210,Martha Daniels,Corporate,PR,4851 Green Rise,725.0,7,Fan Shop,18.25856972,-66.37050629,Europe,Valencia,España,2015-09-22,18124,64.0,0.159999996,45289,399.98,0.280000001,1,399.98,335.98,94.08,Southern Europe,Valenciana,Closed,1004,Field & Stream Sportsman 16 Gun Fire Safe,399.98,2015-09-27,Standard Class,2015,9,September,3,22,Tuesday,1,Delayed,2015,September,9,Low Profit,Medium
94124,Debit,5,4,122.69,391.98,Late Delivery,1,45,Fishing,Elmhurst,EE. UU.,694,Barbara Marshall,Consumer,NY,2909 Gentle Fawn Round,11373.0,7,Fan Shop,40.74655533,-73.87952423,Pacific Asia,Patna,India,2015-11-17,21924,8.0,0.02,54839,399.98,0.310000002,1,399.98,391.98,122.69,South Asia,Bihar,Completed,1004,Field & Stream Sportsman 16 Gun Fire Safe,399.98,2015-11-22,Standard Class,2015,11,November,4,17,Tuesday,1,Delayed,2015,November,11,Medium Profit,Medium
36950,Payment,6,2,22.79,84.4,Late Delivery,1,72,Pet Supplies,Cary,EE. UU.,19143,Hedy Mckee,Consumer,NC,6447 Tawny Cloud Port,27511.0,11,Pet Shop,35.76636124,-78.78697205,Pacific Asia,Melbourne,Australia,2018-01-08,75590,0.0,0.0,178905,84.4,0.270000011,1,84.4,84.4,22.79,Oceania,Victoria,Pending_Payment,1359,Adult dog supplies,84.4,2018-01-14,Second Class,2018,1,January,1,8,Monday,4,Delayed,2018,January,1,Low Profit,Low
166059,Payment,4,2,122.75,278.98,Late Delivery,1,43,Camping & Hiking,Tucson,EE. UU.,3952,Shawn Tucker,Home Office,AZ,6779 Rocky Pathway,85706.0,7,Fan Shop,32.14844894,-110.9228516,Latin America,Tegucigalpa,Honduras,2017-06-08,60903,21.0,0.07,152380,299.98,0.439999998,1,299.98,278.98,122.75,Central America,Francisco Morazán,Pending_Payment,957,Diamondback Women's Serene Classic Comfort Bi,299.98,2017-06-12,Second Class,2017,6,June,2,8,Thursday,2,Delayed,2017,June,6,Medium Profit,Medium
72116,Transfer,6,2,102.52,310.68,Shipping Cancelled,0,63,Children's Clothing,Antioch,EE. UU.,17968,Willow Casey,Corporate,CA,1981 Thunder Zephyr Edge,94509.0,4,Apparel,38.00168991,-121.8279724,Pacific Asia,Zhangzhou,China,2017-12-22,74415,46.42,0.129999995,177730,357.1,0.330000013,1,357.1,310.68,102.52,Eastern Asia,Fujian,Cancelled,1350,Children's heaters,357.1,2017-12-28,Second Class,2017,12,December,4,22,Friday,4,Delayed,2017,December,12,Medium Profit,Medium
45846,Payment,3,4,-28.0,40.0,Advance Shipping,0,24,Women's Apparel,Mission Viejo,EE. UU.,446,Scott Harris,Corporate,CA,3151 Sleepy Quail Promenade,92691.0,5,Golf,33.55810165,-117.6714554,Latin America,Mexico City,México,2017-03-28,56032,10.0,0.200000003,140088,50.0,-0.699999988,1,50.0,40.0,-28.0,Central America,Distrito Federal,Pending_Payment,502,Nike Men's Dri-FIT Victory Golf Polo,50.0,2017-03-31,Standard Class,2017,3,March,1,28,Tuesday,-1,On Time/Early,2017,March,3,Loss,Low
10817,Transfer,2,1,-53.29,283.48,Late Delivery,1,43,Camping & Hiking,Caguas,Puerto Rico,2881,Phillip Smith,Home Office,PR,2704 High Leaf Glen,725.0,7,Fan Shop,18.22927094,-66.37062836,Latin America,Torreón,México,2015-02-23,3666,16.5,0.059999999,9119,299.98,-0.189999998,1,299.98,283.48,-53.29,Central America,Coahuila,Pending,957,Diamondback Women's Serene Classic Comfort Bi,299.98,2015-02-25,First Class,2015,2,February,1,23,Monday,1,Delayed,2015,February,2,Loss,Medium
47533,Payment,3,4,168.94,351.96,Advance Shipping,0,9,Cardio Equipment,Bronx,EE. UU.,3999,Sarah Coleman,Corporate,NY,4715 Harvest Creek Mews,10472.0,3,Footwear,40.90539169,-73.85341644,Europe,Swindon,Reino Unido,2015-05-31,10327,48.0,0.119999997,25860,99.99,0.479999989,4,399.96,351.96,168.94,Northern Europe,Inglaterra,Pending_Payment,191,Nike Men's Free 5.0+ Running Shoe,99.99,2015-06-03,Standard Class,2015,5,May,2,31,Sunday,-1,On Time/Early,2015,June,6,Medium Profit,Low
80835,Debit,5,4,-42.75,189.99,Late Delivery,1,48,Water Sports,Lawrence,EE. UU.,6886,Jessica Peck,Consumer,MA,7814 Colonial Bluff Concession,1841.0,7,Fan Shop,42.71463394,-71.16407776,Pacific Asia,Adelaide,Australia,2016-02-13,27984,10.0,0.050000001,70034,199.99,-0.230000004,1,199.99,189.99,-42.75,Oceania,Australia del Sur,Completed,1073,Pelican Sunstream 100 Kayak,199.99,2016-02-18,Standard Class,2016,2,February,1,13,Saturday,1,Delayed,2016,February,2,Loss,Medium
17832,Cash,1,0,113.15,245.98,Late Delivery,1,43,Camping & Hiking,New York,EE. UU.,12206,Mary Jackson,Corporate,NY,7565 Stony Sky Townline,10003.0,7,Fan Shop,40.73124313,-73.98880768,Latin America,Bogotá,Colombia,2015-03-28,5943,54.0,0.180000007,14786,299.98,0.460000008,1,299.98,245.98,113.15,South America,Bogotá,Closed,957,Diamondback Women's Serene Classic Comfort Bi,299.98,2015-03-29,Same Day,2015,3,March,1,28,Saturday,1,Delayed,2015,March,3,Medium Profit,Medium
52562,Debit,6,4,-0.92,10.73,Late Delivery,1,74,Toys,Freeport,EE. UU.,16888,Kaitlin Preston,Consumer,NY,3243 Shady Corner,11520.0,7,Fan Shop,40.65486527,-73.58707428,Pacific Asia,Hyderabad,India,2017-12-06,73335,0.81,0.07,176650,11.54,-0.090000004,1,11.54,10.73,-0.92,South Asia,Telangana,Completed,1361,Toys ,11.54,2017-12-12,Standard Class,2017,12,December,4,6,Wednesday,2,Delayed,2017,December,12,Loss,Low
124027,Transfer,2,4,170.51,347.98,Advance Shipping,0,45,Fishing,Caguas,Puerto Rico,3024,Robert Middleton,Corporate,PR,1577 Silver Pathway,725.0,7,Fan Shop,18.23928642,-66.37057495,Latin America,Monclova,México,2015-03-28,5916,52.0,0.129999995,14720,399.98,0.49000001,1,399.98,347.98,170.51,Central America,Coahuila,Processing,1004,Field & Stream Sportsman 16 Gun Fire Safe,399.98,2015-03-30,Standard Class,2015,3,March,1,28,Saturday,-2,On Time/Early,2015,March,3,Medium Profit,Medium
79506,Debit,4,4,63.7,181.99,Shipping On Time,0,48,Water Sports,Caguas,Puerto Rico,9726,Steven Smith,Consumer,PR,4097 Middle Spring Centre,725.0,7,Fan Shop,18.24162674,-66.37054443,Usa,Colorado Springs,Estados Unidos,2016-05-12,34073,18.0,0.090000004,85051,199.99,0.349999994,1,199.99,181.99,63.7,West of USA ,Colorado,Completed,1073,Pelican Sunstream 100 Kayak,199.99,2016-05-16,Standard Class,2016,5,May,2,12,Thursday,0,On Time/Early,2016,May,5,Low Profit,Medium
87470,Payment,6,4,81.17,245.98,Late Delivery,1,43,Camping & Hiking,Opa Locka,EE. UU.,4919,Judith Smith,Consumer,FL,8460 Dewy Nook,33055.0,7,Fan Shop,25.94878006,-80.28707886,Europe,Greifswald,Alemania,2015-07-19,13675,54.0,0.180000007,34269,299.98,0.330000013,1,299.98,245.98,81.17,Western Europe,Mecklemburgo-Pomerania Occidental,Pending_Payment,957,Diamondback Women's Serene Classic Comfort Bi,299.98,2015-07-25,Standard Class,2015,7,July,3,19,Sunday,2,Delayed,2015,July,7,Low Profit,Medium
42348,Debit,2,1,11.83,44.99,Late Delivery,1,17,Cleats,Carlisle,EE. UU.,12045,Jeffrey Ryan,Consumer,PA,8824 Jagged Cape,17013.0,4,Apparel,40.08877564,-75.2024765,Pacific Asia,Bangkok,Tailandia,2016-03-12,29937,15.0,0.25,74883,59.99,0.25999999,1,59.99,44.99,11.83,Southeast Asia,Bangkok,Completed,365,Perfect Fitness Perfect Rip Deck,59.99,2016-03-14,First Class,2016,3,March,1,12,Saturday,1,Delayed,2016,March,3,Low Profit,Low
14993,Transfer,6,4,-93.89,140.76,Late Delivery,1,29,Shop By Sport,Annapolis,EE. UU.,5359,Raymond Wu,Consumer,MD,3891 Broad Line,21401.0,5,Golf,38.97784042,-76.49318695,Usa,Knoxville,Estados Unidos,2016-06-18,36615,19.2,0.119999997,91405,39.99,-0.670000017,4,159.96,140.76,-93.89,South of  USA ,Tennessee,Pending,627,Under Armour Girls' Toddler Spine Surge Runni,39.99,2016-06-24,Standard Class,2016,6,June,2,18,Saturday,2,Delayed,2016,June,6,Loss,Low
351,Transfer,6,4,-9.05,65.58,Late Delivery,1,29,Shop By Sport,Edison,EE. UU.,9884,Maria Dorsey,Corporate,NJ,125 Colonial Butterfly Stead,8817.0,5,Golf,40.52578354,-74.39421845,Latin America,San Justo,Argentina,2015-03-10,4660,14.4,0.180000007,11689,39.99,-0.140000001,2,79.98,65.58,-9.05,South America,Santa Fe,Processing,627,Under Armour Girls' Toddler Spine Surge Runni,39.99,2015-03-16,Standard Class,2015,3,March,1,10,Tuesday,2,Delayed,2015,March,3,Loss,Low
30264,Transfer,3,4,-67.56,50.99,Advance Shipping,0,17,Cleats,Caguas,Puerto Rico,5684,Mary Harmon,Home Office,PR,68 Colonial Rabbit Thicket,725.0,4,Apparel,18.20086098,-66.37052918,Latin America,Montes Claros,Brasil,2017-03-31,56212,9.0,0.150000006,140600,59.99,-1.330000043,1,59.99,50.99,-67.56,South America,Minas Gerais,Pending,365,Perfect Fitness Perfect Rip Deck,59.99,2017-04-03,Standard Class,2017,3,March,1,31,Friday,-1,On Time/Early,2017,April,4,Loss,Low
51621,Cash,2,1,3.99,18.89,Late Delivery,1,32,Golf Apparel,Caguas,Puerto Rico,2866,Jerry Smith,Consumer,PR,9706 Honey Alley,725.0,6,Outdoors,18.23401642,-66.3705368,Europe,Hanover,Alemania,2015-07-06,12781,1.1,0.059999999,31973,19.99,0.209999993,1,19.99,18.89,3.99,Western Europe,Baja Sajonia,Closed,703,Top Flite Women's 2014 XL Hybrid,19.99,2015-07-08,First Class,2015,7,July,3,6,Monday,1,Delayed,2015,July,7,Low Profit,Low
88686,Payment,6,4,21.53,161.87,Late Delivery,1,76,Women's Clothing,Newburgh,EE. UU.,20573,Hillary Dudley,Consumer,NY,8721 Sleepy Passage,12550.0,4,Apparel,41.50205994,-74.01177216,Pacific Asia,Manado,Indonesia,2018-01-29,77020,53.96,0.25,180335,215.82,0.129999995,1,215.82,161.87,21.53,Southeast Asia,Célebes Septentrional,Pending_Payment,1363,Summer dresses,215.82,2018-02-04,Standard Class,2018,1,January,1,29,Monday,2,Delayed,2018,February,2,Low Profit,Medium
32335,Debit,5,4,2.31,20.99,Late Delivery,1,35,Golf Gloves,Los Angeles,EE. UU.,11652,Mary Smith,Home Office,CA,3006 Sleepy Leaf Farm,90043.0,6,Outdoors,33.97248077,-118.3256226,Usa,Olympia,Estados Unidos,2016-04-25,32889,4.0,0.159999996,82268,24.99,0.109999999,1,24.99,20.99,2.31,West of USA ,Washington,Completed,778,Bag Boy Beverage Holder,24.99,2016-04-30,Standard Class,2016,4,April,2,25,Monday,1,Delayed,2016,April,4,Low Profit,Low
67538,Debit,5,4,6.3,62.97,Late Delivery,1,5,Lacrosse,Caguas,Puerto Rico,2238,Billy Pittman,Corporate,PR,5292 Shady Pony Cape,725.0,2,Fitness,18.26616478,-66.37055969,Pacific Asia,Geelong,Australia,2016-04-01,31259,12.0,0.159999996,78118,24.99,0.100000001,3,74.97,62.97,6.3,Oceania,Victoria,Completed,93,Under Armour Men's Tech II T-Shirt,24.99,2016-04-06,Standard Class,2016,4,April,2,1,Friday,1,Delayed,2016,April,4,Low Profit,Low
91875,Payment,3,4,42.09,127.55,Advance Shipping,0,6,Tennis & Racquet,Caguas,Puerto Rico,83,Mary Wong,Corporate,PR,8584 Lazy Via,725.0,2,Fitness,18.25025749,-66.05857849,Usa,Oklahoma City,Estados Unidos,2016-05-08,33817,7.42,0.059999999,84413,44.99,0.330000013,3,134.97,127.55,42.09,US Center ,Oklahoma,Pending_Payment,116,Nike Men's Comfort 2 Slide,44.99,2016-05-11,Standard Class,2016,5,May,2,8,Sunday,-1,On Time/Early,2016,May,5,Low Profit,Low
12581,Debit,3,4,43.65,96.99,Advance Shipping,0,9,Cardio Equipment,Caguas,Puerto Rico,11681,Roy Jackson,Consumer,PR,8510 Green River Acres,725.0,3,Footwear,18.24323654,-66.3706131,Europe,Dortmund,Alemania,2015-10-03,18842,3.0,0.029999999,47126,99.99,0.449999988,1,99.99,96.99,43.65,Western Europe,Renania del Norte-Westfalia,Completed,191,Nike Men's Free 5.0+ Running Shoe,99.99,2015-10-06,Standard Class,2015,10,October,4,3,Saturday,-1,On Time/Early,2015,October,10,Low Profit,Low
96278,Debit,2,1,29.85,106.59,Late Delivery,1,18,Men's Footwear,Colton,EE. UU.,149,Shirley Mcclain,Home Office,CA,9729 Emerald Pony Mount,92324.0,4,Apparel,32.79872894,-116.9538727,Europe,Halluin,Francia,2015-09-13,17538,23.4,0.180000007,43842,129.99,0.280000001,1,129.99,106.59,29.85,Western Europe,Norte-Paso de Calais-Picardía,Completed,403,Nike Men's CJ Elite 2 TD Football Cleat,129.99,2015-09-15,First Class,2015,9,September,3,13,Sunday,1,Delayed,2015,September,9,Low Profit,Medium
52988,Debit,2,4,4.25,169.99,Advance Shipping,0,48,Water Sports,Caguas,Puerto Rico,250,Julie Smith,Consumer,PR,4297 Quiet Shadow Quay,725.0,7,Fan Shop,18.2475853,-66.0252533,Europe,Pau,Francia,2017-09-11,67471,30.0,0.150000006,168664,199.99,0.029999999,1,199.99,169.99,4.25,Western Europe,Aquitania-Lemosín-Poitou-Charentes,Completed,1073,Pelican Sunstream 100 Kayak,199.99,2017-09-13,Standard Class,2017,9,September,3,11,Monday,-2,On Time/Early,2017,September,9,Low Profit,Medium
15794,Cash,2,1,102.89,489.95,Late Delivery,1,9,Cardio Equipment,San Jose,EE. UU.,9897,Marilyn Smith,Consumer,CA,2469 Blue Brook Crossing,95127.0,3,Footwear,37.37883377,-121.8303375,Latin America,Santo Domingo,República Dominicana,2015-02-18,3326,10.0,0.02,8263,99.99,0.209999993,5,499.95,489.95,102.89,Caribbean,Santo Domingo,Closed,191,Nike Men's Free 5.0+ Running Shoe,99.99,2015-02-20,First Class,2015,2,February,1,18,Wednesday,1,Delayed,2015,February,2,Medium Profit,Low
139187,Payment,6,4,129.35,391.98,Late Delivery,1,45,Fishing,Santa Ana,EE. UU.,5588,Jane Hopkins,Consumer,CA,2877 Thunder Spring Isle,92707.0,7,Fan Shop,33.66559982,-117.8830566,Latin America,San Pedro Sula,Honduras,2017-02-13,53045,8.0,0.02,132571,399.98,0.330000013,1,399.98,391.98,129.35,Central America,Cortés,Pending_Payment,1004,Field & Stream Sportsman 16 Gun Fire Safe,399.98,2017-02-19,Standard Class,2017,2,February,1,13,Monday,2,Delayed,2017,February,2,Medium Profit,Medium
18911,Payment,2,1,109.75,391.98,Late Delivery,1,45,Fishing,Dallas,EE. UU.,10135,Edward Smith,Consumer,TX,3155 Burning Grove,75220.0,7,Fan Shop,32.86539459,-96.86858368,Pacific Asia,Weihai,China,2016-01-03,25154,8.0,0.02,63033,399.98,0.280000001,1,399.98,391.98,109.75,Eastern Asia,Shandong,Pending_Payment,1004,Field & Stream Sportsman 16 Gun Fire Safe,399.98,2016-01-05,First Class,2016,1,January,1,3,Sunday,1,Delayed,2016,January,1,Medium Profit,Medium
95087,Debit,3,4,91.34,260.98,Advance Shipping,0,43,Camping & Hiking,Corona,EE. UU.,5107,Mary Waters,Consumer,CA,3152 Wishing Limits,92879.0,7,Fan Shop,33.92758942,-117.5455627,Usa,Los Angeles,Estados Unidos,2016-06-20,36732,39.0,0.129999995,91656,299.98,0.349999994,1,299.98,260.98,91.34,West of USA ,California,Completed,957,Diamondback Women's Serene Classic Comfort Bi,299.98,2016-06-23,Standard Class,2016,6,June,2,20,Monday,-1,On Time/Early,2016,June,6,Low Profit,Medium
138851,Payment,4,4,27.3,363.98,Shipping On Time,0,45,Fishing,Riverside,EE. UU.,4949,Mary Simmons,Consumer,CA,1247 Gentle Grove Valley,92507.0,7,Fan Shop,33.98527527,-117.3377075,Latin America,Franca,Brasil,2017-03-06,54493,36.0,0.090000004,136292,399.98,0.079999998,1,399.98,363.98,27.3,South America,São Paulo,Pending_Payment,1004,Field & Stream Sportsman 16 Gun Fire Safe,399.98,2017-03-10,Standard Class,2017,3,March,1,6,Monday,0,On Time/Early,2017,March,3,Low Profit,Medium
91427,Payment,6,4,138.91,283.48,Late Delivery,1,43,Camping & Hiking,Caguas,Puerto Rico,8810,Mary Smith,Corporate,PR,8718 Shady Bank,725.0,7,Fan Shop,18.25025559,-66.37055206,Usa,Saint Paul,Estados Unidos,2016-04-20,32595,16.5,0.059999999,81526,299.98,0.49000001,1,299.98,283.48,138.91,US Center ,Minnesota,Pending_Payment,957,Diamondback Women's Serene Classic Comfort Bi,299.98,2016-04-26,Standard Class,2016,4,April,2,20,Wednesday,2,Delayed,2016,April,4,Medium Profit,Medium
79467,Transfer,2,1,-126.72,189.99,Late Delivery,1,48,Water Sports,Carrollton,EE. UU.,10106,Mary Smith,Consumer,TX,7518 Burning Terrace,75006.0,7,Fan Shop,32.96593094,-96.84902191,Usa,Hempstead,Estados Unidos,2016-05-14,34208,10.0,0.050000001,85405,199.99,-0.670000017,1,199.99,189.99,-126.72,East of USA,Nueva York,Processing,1073,Pelican Sunstream 100 Kayak,199.99,2016-05-16,First Class,2016,5,May,2,14,Saturday,1,Delayed,2016,May,5,Loss,Medium
145013,Debit,5,4,53.93,165.93,Late Delivery,1,46,Indoor/Outdoor Games,West Lafayette,EE. UU.,11806,Mildred Hester,Corporate,IN,7577 Easy Mews,47906.0,7,Fan Shop,40.48130035,-87.04908752,Europe,Nottingham,Reino Unido,2015-06-26,12109,33.99,0.170000002,30279,49.98,0.330000013,4,199.92,165.93,53.93,Northern Europe,Inglaterra,Completed,1014,O'Brien Men's Neoprene Life Vest,49.98,2015-07-01,Standard Class,2015,6,June,2,26,Friday,1,Delayed,2015,July,7,Low Profit,Low
11475,Transfer,6,2,164.63,335.98,Late Delivery,1,45,Fishing,Caguas,Puerto Rico,11339,Mary King,Home Office,PR,4210 Dewy Round,725.0,7,Fan Shop,18.24774361,-66.37059784,Pacific Asia,Brisbane,Australia,2015-12-22,24325,64.0,0.159999996,60862,399.98,0.49000001,1,399.98,335.98,164.63,Oceania,Queensland,Processing,1004,Field & Stream Sportsman 16 Gun Fire Safe,399.98,2015-12-28,Second Class,2015,12,December,4,22,Tuesday,4,Delayed,2015,December,12,Medium Profit,Medium
88339,Payment,2,4,524.48,1417.5,Advance Shipping,0,64,Computers,Winnetka,EE. UU.,18059,Mariam Cobb,Consumer,CA,3586 Clear Key,91306.0,10,Technology,32.66745758,-117.0288773,Pacific Asia,Jinhua,China,2017-12-23,74506,82.5,0.059999999,177821,1500.0,0.370000005,1,1500.0,1417.5,524.48,Eastern Asia,Zhejiang,Pending_Payment,1351,Dell Laptop,1500.0,2017-12-25,Standard Class,2017,12,December,4,23,Saturday,-2,On Time/Early,2017,December,12,High Profit,Premium
134864,Transfer,5,4,45.5,129.99,Late Delivery,1,18,Men's Footwear,Fremont,EE. UU.,553,Eugene Smith,Consumer,CA,4814 Burning Landing,94538.0,4,Apparel,37.74132538,-121.9283676,Usa,Des Moines,Estados Unidos,2016-06-27,37244,0.0,0.0,92968,129.99,0.349999994,1,129.99,129.99,45.5,US Center ,Iowa,Processing,403,Nike Men's CJ Elite 2 TD Football Cleat,129.99,2016-07-02,Standard Class,2016,6,June,2,27,Monday,1,Delayed,2016,July,7,Low Profit,Medium
130385,Debit,4,4,-34.79,139.17,Shipping On Time,0,29,Shop By Sport,Lancaster,EE. UU.,2655,Mary Gates,Consumer,CA,1587 Emerald Landing,93536.0,5,Golf,34.81822968,-118.5527115,Pacific Asia,Xinxiang,China,2016-02-22,28583,20.79,0.129999995,71532,39.99,-0.25,4,159.96,139.17,-34.79,Eastern Asia,Henan,Completed,627,Under Armour Girls' Toddler Spine Surge Runni,39.99,2016-02-26,Standard Class,2016,2,February,1,22,Monday,0,On Time/Early,2016,February,2,Loss,Low
27444,Debit,3,4,8.0,399.96,Advance Shipping,0,9,Cardio Equipment,Ontario,EE. UU.,6290,Mary Smith,Corporate,CA,4028 Jagged Quay,91761.0,3,Footwear,34.03303146,-117.6386414,Africa,Lagos,Nigeria,2016-10-30,45767,99.99,0.200000003,114404,99.99,0.02,5,499.95,399.96,8.0,West Africa,Lagos,Completed,191,Nike Men's Free 5.0+ Running Shoe,99.99,2016-11-02,Standard Class,2016,10,October,4,30,Sunday,-1,On Time/Early,2016,November,11,Low Profit,Low
154355,Payment,2,4,31.91,113.98,Advance Shipping,0,17,Cleats,Caguas,Puerto Rico,11929,Amy Smith,Consumer,PR,3836 Blue Brook Stead,725.0,4,Apparel,18.25350571,-66.37052918,Latin America,Matanzas,Cuba,2015-02-21,3521,6.0,0.050000001,8754,59.99,0.280000001,2,119.98,113.98,31.91,Caribbean,Matanzas,Pending_Payment,365,Perfect Fitness Perfect Rip Deck,59.99,2015-02-23,Standard Class,2015,2,February,1,21,Saturday,-2,On Time/Early,2015,February,2,Low Profit,Low
46048,Payment,3,4,94.49,224.99,Advance Shipping,0,43,Camping & Hiking,Chicago,EE. UU.,6236,Mary Martinez,Corporate,IL,7253 Sunny Acres,60629.0,7,Fan Shop,41.77735519,-87.69663239,Latin America,Brasília,Brasil,2015-01-22,1502,75.0,0.25,3745,299.98,0.419999987,1,299.98,224.99,94.49,South America,Distrito Federal,Pending_Payment,957,Diamondback Women's Serene Classic Comfort Bi,299.98,2015-01-25,Standard Class,2015,1,January,1,22,Thursday,-1,On Time/Early,2015,January,1,Low Profit,Medium
133186,Payment,1,0,9.22,122.95,Late Delivery,1,46,Indoor/Outdoor Games,Columbus,EE. UU.,10043,Mary Smith,Consumer,OH,1396 Pleasant Barn Beach,43230.0,7,Fan Shop,40.0230751,-82.8732605,Pacific Asia,Toowoomba,Australia,2015-12-08,23428,26.99,0.180000007,58603,49.98,0.079999998,3,149.94,122.95,9.22,Oceania,Queensland,Pending_Payment,1014,O'Brien Men's Neoprene Life Vest,49.98,2015-12-09,Same Day,2015,12,December,4,8,Tuesday,1,Delayed,2015,December,12,Low Profit,Low
84874,Transfer,2,4,40.95,116.99,Advance Shipping,0,18,Men's Footwear,Detroit,EE. UU.,1865,Mary Romero,Corporate,MI,7559 Quiet Nectar Grounds,48205.0,4,Apparel,42.42877197,-82.98252869,Africa,Newcastle,SudAfrica,2016-09-27,43516,13.0,0.100000001,108688,129.99,0.349999994,1,129.99,116.99,40.95,Southern Africa,KwaZulu-Natal,Processing,403,Nike Men's CJ Elite 2 TD Football Cleat,129.99,2016-09-29,Standard Class,2016,9,September,3,27,Tuesday,-2,On Time/Early,2016,September,9,Low Profit,Medium
62384,Transfer,6,4,-125.06,187.5,Shipping Cancelled,0,24,Women's Apparel,Hialeah,EE. UU.,4226,Katherine Smith,Corporate,FL,8988 Shady Park,33010.0,5,Golf,25.83031082,-80.27851105,Latin America,Mexicali,México,2017-01-22,51520,62.5,0.25,128760,50.0,-0.670000017,5,250.0,187.5,-125.06,Central America,Baja California,Suspected_Fraud,502,Nike Men's Dri-FIT Victory Golf Polo,50.0,2017-01-28,Standard Class,2017,1,January,1,22,Sunday,2,Delayed,2017,January,1,Loss,Low
101219,Debit,5,4,48.49,98.96,Late Delivery,1,46,Indoor/Outdoor Games,Saint Charles,EE. UU.,3082,Mary Smith,Home Office,MO,7613 Amber Willow Manor,63301.0,7,Fan Shop,38.77838135,-90.50777435,Usa,Newport News,Estados Unidos,2016-05-07,33764,1.0,0.01,84261,49.98,0.49000001,2,99.96,98.96,48.49,South of  USA ,Virginia,On_Hold,1014,O'Brien Men's Neoprene Life Vest,49.98,2016-05-12,Standard Class,2016,5,May,2,7,Saturday,1,Delayed,2016,May,5,Low Profit,Low
131009,Debit,0,0,30.79,175.93,Shipping On Time,0,46,Indoor/Outdoor Games,Caguas,Puerto Rico,10559,Mary Jones,Home Office,PR,9009 Umber Log Island,725.0,7,Fan Shop,18.27200699,-66.37060547,Pacific Asia,Upper Hutt,Nueva Zelanda,2016-03-29,31052,23.99,0.119999997,77603,49.98,0.180000007,4,199.92,175.93,30.79,Oceania,Wellington,Completed,1014,O'Brien Men's Neoprene Life Vest,49.98,2016-03-29,Same Day,2016,3,March,1,29,Tuesday,0,On Time/Early,2016,March,3,Low Profit,Low
17938,Cash,1,0,85.54,182.0,Late Delivery,1,24,Women's Apparel,Pompano Beach,EE. UU.,6789,Jessica Mcintosh,Corporate,FL,9332 Silent Towers,33068.0,5,Golf,26.21472931,-80.23004913,Usa,New York City,Estados Unidos,2016-08-05,39906,18.0,0.090000004,99552,50.0,0.469999999,4,200.0,182.0,85.54,East of USA,Nueva York,Closed,502,Nike Men's Dri-FIT Victory Golf Polo,50.0,2016-08-06,Same Day,2016,8,August,3,5,Friday,1,Delayed,2016,August,8,Low Profit,Low
161651,Transfer,5,4,43.19,89.98,Late Delivery,1,29,Shop By Sport,Caguas,Puerto Rico,10253,Kyle Smith,Consumer,PR,1023 Honey Grove,725.0,5,Golf,18.21958351,-66.3706131,Europe,Grodno,Bielorrusia,2016-10-24,45359,29.99,0.25,113331,39.99,0.479999989,3,119.97,89.98,43.19,Eastern Europe,Grodno,Processing,627,Under Armour Girls' Toddler Spine Surge Runni,39.99,2016-10-29,Standard Class,2016,10,October,4,24,Monday,1,Delayed,2016,October,10,Low Profit,Low
84200,Debit,5,4,-627.17,391.98,Late Delivery,1,45,Fishing,Greeley,EE. UU.,10739,Doris Nguyen,Consumer,CO,4263 Cozy Embers Ledge,80631.0,7,Fan Shop,40.41231918,-104.6923523,Latin America,Managua,Nicaragua,2015-01-08,509,8.0,0.02,1261,399.98,-1.600000024,1,399.98,391.98,-627.17,Central America,Managua,Completed,1004,Field & Stream Sportsman 16 Gun Fire Safe,399.98,2015-01-13,Standard Class,2015,1,January,1,8,Thursday,1,Delayed,2015,January,1,Loss,Medium
163866,Debit,2,4,-91.18,113.98,Advance Shipping,0,17,Cleats,Porterville,EE. UU.,1717,Kathleen Frank,Home Office,CA,8094 Broad Dale,93257.0,4,Apparel,36.06955338,-119.0176849,Latin America,Francisco Beltrão,Brasil,2015-01-29,1971,6.0,0.050000001,4927,59.99,-0.800000012,2,119.98,113.98,-91.18,South America,Paraná,Completed,365,Perfect Fitness Perfect Rip Deck,59.99,2015-01-31,Standard Class,2015,1,January,1,29,Thursday,-2,On Time/Early,2015,January,1,Loss,Low
66129,Debit,3,2,44.81,99.58,Late Delivery,1,29,Shop By Sport,Phoenix,EE. UU.,6532,Mary Dixon,Consumer,AZ,4429 Velvet Robin Centre,85022.0,5,Golf,33.64781952,-112.0518799,Pacific Asia,Timaru,Nueva Zelanda,2016-04-01,31242,20.39,0.170000002,78090,39.99,0.449999988,3,119.97,99.58,44.81,Oceania,Canterbury,Completed,627,Under Armour Girls' Toddler Spine Surge Runni,39.99,2016-04-04,Second Class,2016,4,April,2,1,Friday,1,Delayed,2016,April,4,Low Profit,Low
160799,Transfer,3,4,-15.89,97.49,Advance Shipping,0,18,Men's Footwear,Caguas,Puerto Rico,4943,Paul Sosa,Consumer,PR,3327 Indian Centre,725.0,4,Apparel,18.28994179,-66.37062073,Usa,New York City,Estados Unidos,2016-04-10,31867,32.5,0.25,79638,129.99,-0.159999996,1,129.99,97.49,-15.89,East of USA,Nueva York,Pending,403,Nike Men's CJ Elite 2 TD Football Cleat,129.99,2016-04-13,Standard Class,2016,4,April,2,10,Sunday,-1,On Time/Early,2016,April,4,Loss,Medium
36614,Payment,4,2,67.2,335.98,Late Delivery,1,45,Fishing,Bronx,EE. UU.,12416,Aaron Cline,Consumer,NY,9986 Wishing Stead,10467.0,7,Fan Shop,40.87416458,-73.8703537,Europe,Turin,Italia,2015-07-01,12458,64.0,0.159999996,31175,399.98,0.200000003,1,399.98,335.98,67.2,Southern Europe,Piamonte,Pending_Payment,1004,Field & Stream Sportsman 16 Gun Fire Safe,399.98,2015-07-05,Second Class,2015,7,July,3,1,Wednesday,2,Delayed,2015,July,7,Low Profit,Medium
141784,Debit,1,0,36.45,172.77,Late Delivery,1,17,Cleats,Caguas,Puerto Rico,11848,Karen Smith,Home Office,PR,2915 Round Byway,725.0,4,Apparel,18.28989029,-66.37056732,Latin America,Ilopango,El Salvador,2017-04-04,56486,7.2,0.039999999,141307,59.99,0.209999993,3,179.97,172.77,36.45,Central America,San Salvador,Completed,365,Perfect Fitness Perfect Rip Deck,59.99,2017-04-05,Same Day,2017,4,April,2,4,Tuesday,1,Delayed,2017,April,4,Low Profit,Low
174435,Cash,6,4,43.19,89.99,Late Delivery,1,17,Cleats,Caguas,Puerto Rico,11551,Lawrence Harrison,Consumer,PR,9526 Blue Manor,725.0,4,Apparel,18.2248497,-66.37062836,Usa,Saint Paul,Estados Unidos,2016-04-03,31395,30.0,0.25,78477,59.99,0.479999989,2,119.98,89.99,43.19,US Center ,Minnesota,Closed,365,Perfect Fitness Perfect Rip Deck,59.99,2016-04-09,Standard Class,2016,4,April,2,3,Sunday,2,Delayed,2016,April,4,Low Profit,Low
65689,Debit,4,2,42.62,115.18,Late Delivery,1,17,Cleats,Sanford,EE. UU.,4193,Daniel Haas,Consumer,NC,4466 Burning Round,27330.0,4,Apparel,35.49564743,-79.26675415,Latin America,Managua,Nicaragua,2017-03-04,54383,4.8,0.039999999,135998,59.99,0.370000005,2,119.98,115.18,42.62,Central America,Managua,On_Hold,365,Perfect Fitness Perfect Rip Deck,59.99,2017-03-08,Second Class,2017,3,March,1,4,Saturday,2,Delayed,2017,March,3,Low Profit,Low
93940,Debit,3,4,39.97,97.49,Advance Shipping,0,18,Men's Footwear,Cumberland,EE. UU.,5640,Matthew Smith,Consumer,MD,1121 Amber Abbey,21502.0,4,Apparel,39.63772202,-78.82624817,Pacific Asia,Bagdad,Irak,2016-08-29,41577,32.5,0.25,103786,129.99,0.409999996,1,129.99,97.49,39.97,West Asia,Bagdad,Completed,403,Nike Men's CJ Elite 2 TD Football Cleat,129.99,2016-09-01,Standard Class,2016,8,August,3,29,Monday,-1,On Time/Early,2016,September,9,Low Profit,Medium
35343,Cash,4,4,25.92,287.95,Shipping On Time,0,17,Cleats,Woonsocket,EE. UU.,11641,Mary Simon,Consumer,RI,586 Golden Hickory Valley,2895.0,4,Apparel,42.01382065,-71.51352692,Europe,West Bromwich,Reino Unido,2017-07-25,64183,12.0,0.039999999,160477,59.99,0.090000004,5,299.95,287.95,25.92,Northern Europe,Inglaterra,Closed,365,Perfect Fitness Perfect Rip Deck,59.99,2017-07-29,Standard Class,2017,7,July,3,25,Tuesday,0,On Time/Early,2017,July,7,Low Profit,Low
159577,Transfer,5,4,28.22,58.79,Late Delivery,1,17,Cleats,Caguas,Puerto Rico,12336,Joe Smith,Consumer,PR,9568 Rustic Pioneer Heights,725.0,4,Apparel,18.21794701,-66.37055969,Latin America,Spanish Town,Jamaica,2017-02-25,53849,1.2,0.02,134630,59.99,0.479999989,1,59.99,58.79,28.22,Caribbean,Santa Caterina,Pending,365,Perfect Fitness Perfect Rip Deck,59.99,2017-03-02,Standard Class,2017,2,February,1,25,Saturday,1,Delayed,2017,March,3,Low Profit,Low
47753,Debit,0,0,12.76,44.0,Shipping On Time,0,24,Women's Apparel,Marrero,EE. UU.,1383,Catherine Smith,Corporate,LA,762 Misty Farm,70072.0,5,Golf,29.89742088,-90.10965729,Europe,Estocolmo,Suecia,2015-08-12,15289,6.0,0.119999997,38225,50.0,0.289999992,1,50.0,44.0,12.76,Northern Europe,Estocolmo,Completed,502,Nike Men's Dri-FIT Victory Golf Polo,50.0,2015-08-12,Same Day,2015,8,August,3,12,Wednesday,0,On Time/Early,2015,August,8,Low Profit,Low
11599,Transfer,3,2,64.79,143.98,Late Delivery,1,17,Cleats,Caguas,Puerto Rico,3196,Diane Ferguson,Home Office,PR,9526 Honey Nectar Field,725.0,4,Apparel,18.28066635,-66.37055969,Latin America,Presidente Dutra,Brasil,2017-06-13,61302,35.99,0.200000003,153360,59.99,0.449999988,3,179.97,143.98,64.79,South America,Marañón,Processing,365,Perfect Fitness Perfect Rip Deck,59.99,2017-06-16,Second Class,2017,6,June,2,13,Tuesday,1,Delayed,2017,June,6,Low Profit,Low
160173,Transfer,2,4,31.87,84.99,Advance Shipping,0,9,Cardio Equipment,Caguas,Puerto Rico,6466,Susan Meyer,Consumer,PR,3662 Middle Willow Promenade,725.0,3,Footwear,18.21478081,-66.37056732,Pacific Asia,Ho Chi Minh City,Vietnam,2015-12-05,23156,15.0,0.150000006,57968,99.99,0.379999995,1,99.99,84.99,31.87,Southeast Asia,Ciudad Ho Chi Minh,Pending,191,Nike Men's Free 5.0+ Running Shoe,99.99,2015-12-07,Standard Class,2015,12,December,4,5,Saturday,-2,On Time/Early,2015,December,12,Low Profit,Low
139394,Transfer,3,4,9.45,126.0,Advance Shipping,0,24,Women's Apparel,Caguas,Puerto Rico,12047,Mary Moody,Corporate,PR,8233 Grand Beacon Boulevard,725.0,5,Golf,18.28306961,-66.37052918,Latin America,Bajos de Haina,República Dominicana,2017-03-12,54927,24.0,0.159999996,137383,50.0,0.079999998,3,150.0,126.0,9.45,Caribbean,San Cristóbal,Pending,502,Nike Men's Dri-FIT Victory Golf Polo,50.0,2017-03-15,Standard Class,2017,3,March,1,12,Sunday,-1,On Time/Early,2017,March,3,Low Profit,Low
158959,Transfer,6,4,58.5,129.99,Late Delivery,1,18,Men's Footwear,Caguas,Puerto Rico,7944,Gloria Mcneil,Consumer,PR,1691 Jagged Nectar Corner,725.0,4,Apparel,18.26868439,-66.3705368,Europe,Bari,Italia,2015-09-17,17785,0.0,0.0,44447,129.99,0.449999988,1,129.99,129.99,58.5,Southern Europe,Apulia,Pending,403,Nike Men's CJ Elite 2 TD Football Cleat,129.99,2015-09-23,Standard Class,2015,9,September,3,17,Thursday,2,Delayed,2015,September,9,Low Profit,Medium
108355,Payment,4,4,104.86,227.96,Shipping On Time,0,17,Cleats,Aurora,EE. UU.,8937,Amy Smith,Consumer,CO,5603 Silver Beacon Cove,80011.0,4,Apparel,39.74662018,-104.8164368,Europe,London,Reino Unido,2017-08-16,65678,12.0,0.050000001,164137,59.99,0.460000008,4,239.96,227.96,104.86,Northern Europe,Inglaterra,Pending_Payment,365,Perfect Fitness Perfect Rip Deck,59.99,2017-08-20,Standard Class,2017,8,August,3,16,Wednesday,0,On Time/Early,2017,August,8,Medium Profit,Low
29706,Payment,3,2,2.14,33.99,Late Delivery,1,29,Shop By Sport,San Benito,EE. UU.,6561,Jane Day,Corporate,TX,6197 Clear Close,78586.0,5,Golf,26.140728,-97.66805267,Pacific Asia,Hebi,China,2016-01-31,27067,6.0,0.150000006,67824,39.99,0.059999999,1,39.99,33.99,2.14,Eastern Asia,Henan,Pending_Payment,627,Under Armour Girls' Toddler Spine Surge Runni,39.99,2016-02-03,Second Class,2016,1,January,1,31,Sunday,1,Delayed,2016,February,2,Low Profit,Low
163016,Debit,4,4,-896.36,331.98,Shipping On Time,0,45,Fishing,Philadelphia,EE. UU.,11391,Richard Holland,Home Office,PA,3867 Velvet Hills Diversion,19139.0,7,Fan Shop,39.95856094,-75.21888733,Latin America,Chinandega,Nicaragua,2015-02-17,3288,68.0,0.170000002,8182,399.98,-2.700000048,1,399.98,331.98,-896.36,Central America,Chinandega,Completed,1004,Field & Stream Sportsman 16 Gun Fire Safe,399.98,2015-02-21,Standard Class,2015,2,February,1,17,Tuesday,0,On Time/Early,2015,February,2,Loss,Medium
40783,Debit,3,4,42.25,129.99,Advance Shipping,0,18,Men's Footwear,Caguas,Puerto Rico,7,Melissa Wilcox,Corporate,PR,9453 High Concession,725.0,4,Apparel,18.35909462,-66.07995606,Europe,Krefeld,Alemania,2017-06-25,62132,0.0,0.0,155341,129.99,0.330000013,1,129.99,129.99,42.25,Western Europe,Renania del Norte-Westfalia,On_Hold,403,Nike Men's CJ Elite 2 TD Football Cleat,129.99,2017-06-28,Standard Class,2017,6,June,2,25,Sunday,-1,On Time/Early,2017,June,6,Low Profit,Medium
52013,Payment,0,0,36.75,133.64,Shipping On Time,0,30,Men's Golf Clubs,Caguas,Puerto Rico,4259,Thomas Trujillo,Home Office,PR,465 Rustic Horse Heath,725.0,6,Outdoors,18.2930584,-66.37052918,Europe,Imola,Italia,2017-08-28,66461,1.35,0.01,166144,134.99,0.280000001,1,134.99,133.64,36.75,Southern Europe,Emilia-Romaña,Pending_Payment,647,Merrell Women's Siren Mid Waterproof Hiking B,134.99,2017-08-28,Same Day,2017,8,August,3,28,Monday,0,On Time/Early,2017,August,8,Low Profit,Medium
61379,Debit,6,4,14.61,165.99,Late Delivery,1,48,Water Sports,Caguas,Puerto Rico,10820,Brenda Smith,Home Office,PR,6764 Blue Pony Farm,725.0,7,Fan Shop,18.29723549,-66.37060547,Europe,London,Reino Unido,2015-06-07,10775,34.0,0.170000002,26966,199.99,0.090000004,1,199.99,165.99,14.61,Northern Europe,Inglaterra,Completed,1073,Pelican Sunstream 100 Kayak,199.99,2015-06-13,Standard Class,2015,6,June,2,7,Sunday,2,Delayed,2015,June,6,Low Profit,Medium
103377,Payment,4,4,61.51,181.99,Shipping On Time,0,48,Water Sports,Middletown,EE. UU.,9361,Mary Giles,Home Office,CT,4715 Cotton Anchor Towers,6457.0,7,Fan Shop,40.95835114,-80.56311798,Europe,Middlesbrough,Reino Unido,2015-09-15,17658,18.0,0.090000004,44115,199.99,0.340000004,1,199.99,181.99,61.51,Northern Europe,Inglaterra,Pending_Payment,1073,Pelican Sunstream 100 Kayak,199.99,2015-09-19,Standard Class,2015,9,September,3,15,Tuesday,0,On Time/Early,2015,September,9,Low Profit,Medium
117779,Transfer,4,2,58.03,120.89,Late Delivery,1,18,Men's Footwear,Madison,EE. UU.,4041,Mary Santiago,Consumer,WI,3369 Hazy Beacon By-pass,53704.0,4,Apparel,43.09559631,-89.35118866,Africa,Casablanca,Marruecos,2016-12-13,48833,9.1,0.07,122126,129.99,0.479999989,1,129.99,120.89,58.03,North Africa,Gran Casablanca,Pending,403,Nike Men's CJ Elite 2 TD Football Cleat,129.99,2016-12-17,Second Class,2016,12,December,4,13,Tuesday,2,Delayed,2016,December,12,Low Profit,Medium
36172,Payment,1,0,-367.2,144.0,Late Delivery,1,24,Women's Apparel,Chicago,EE. UU.,5914,Nicholas Smith,Consumer,IL,3907 Emerald Rise,60629.0,5,Golf,41.89511871,-87.72403717,Pacific Asia,Gaya,India,2016-03-05,29449,6.0,0.039999999,73673,50.0,-2.549999952,3,150.0,144.0,-367.2,South Asia,Bihar,Pending_Payment,502,Nike Men's Dri-FIT Victory Golf Polo,50.0,2016-03-06,Same Day,2016,3,March,1,5,Saturday,1,Delayed,2016,March,3,Loss,Low
64251,Debit,6,2,85.49,284.98,Late Delivery,1,43,Camping & Hiking,Carson,EE. UU.,8016,Patricia Smith,Consumer,CA,2905 Quiet River Trail,90745.0,7,Fan Shop,33.83177567,-118.2174606,Europe,Vincennes,Francia,2015-09-23,18185,15.0,0.050000001,45460,299.98,0.300000012,1,299.98,284.98,85.49,Western Europe,Isla de Francia,Completed,957,Diamondback Women's Serene Classic Comfort Bi,299.98,2015-09-29,Second Class,2015,9,September,3,23,Wednesday,4,Delayed,2015,September,9,Low Profit,Medium
135761,Transfer,6,4,30.36,97.0,Shipping Cancelled,0,24,Women's Apparel,West Covina,EE. UU.,878,Mary Smith,Consumer,CA,2287 Thunder Pony Nook,91790.0,5,Golf,34.07167816,-117.9440765,Pacific Asia,Hubli,India,2015-12-19,24145,3.0,0.029999999,60413,50.0,0.310000002,2,100.0,97.0,30.36,South Asia,Karnataka,Suspected_Fraud,502,Nike Men's Dri-FIT Victory Golf Polo,50.0,2015-12-25,Standard Class,2015,12,December,4,19,Saturday,2,Delayed,2015,December,12,Low Profit,Low
92026,Payment,6,4,106.58,226.76,Late Delivery,1,17,Cleats,Caguas,Puerto Rico,7250,Jacob Smith,Corporate,PR,4317 Emerald Bay,725.0,4,Apparel,18.23432159,-66.37049866,Latin America,Monterrey,México,2017-03-23,55630,13.2,0.059999999,139131,59.99,0.469999999,4,239.96,226.76,106.58,Central America,Nuevo León,Pending_Payment,365,Perfect Fitness Perfect Rip Deck,59.99,2017-03-29,Standard Class,2017,3,March,1,23,Thursday,2,Delayed,2017,March,3,Medium Profit,Low
98108,Debit,2,2,82.07,170.97,Shipping On Time,0,17,Cleats,Newark,EE. UU.,3216,Roy Watts,Home Office,NJ,1356 Bright Lagoon Trail,7105.0,4,Apparel,40.72727966,-74.15975189,Pacific Asia,Renqiu,China,2015-12-10,23561,9.0,0.050000001,58934,59.99,0.479999989,3,179.97,170.97,82.07,Eastern Asia,Hebei,Completed,365,Perfect Fitness Perfect Rip Deck,59.99,2015-12-12,Second Class,2015,12,December,4,10,Thursday,0,On Time/Early,2015,December,12,Low Profit,Low
107500,Debit,0,0,38.35,139.44,Shipping On Time,0,46,Indoor/Outdoor Games,Caguas,Puerto Rico,8867,Justin Bonilla,Consumer,PR,2422 Indian Autumn Arbor,725.0,7,Fan Shop,18.20167542,-66.37051392,Latin America,Cumaná,Venezuela,2017-02-18,53379,10.5,0.07,133371,49.98,0.280000001,3,149.94,139.44,38.35,South America,Sucre,On_Hold,1014,O'Brien Men's Neoprene Life Vest,49.98,2017-02-18,Same Day,2017,2,February,1,18,Saturday,0,On Time/Early,2017,February,2,Low Profit,Low
82707,Debit,2,4,16.38,36.39,Advance Shipping,0,29,Shop By Sport,Loveland,EE. UU.,3728,Mary Smith,Consumer,OH,9524 Rocky Loop,45140.0,5,Golf,39.29779434,-84.28598023,Europe,Viena,Austria,2016-10-21,45196,3.6,0.090000004,112904,39.99,0.449999988,1,39.99,36.39,16.38,Western Europe,Viena,Completed,627,Under Armour Girls' Toddler Spine Surge Runni,39.99,2016-10-23,Standard Class,2016,10,October,4,21,Friday,-2,On Time/Early,2016,October,10,Low Profit,Low
126146,Payment,2,2,-2.7,207.5,Shipping On Time,0,24,Women's Apparel,Caguas,Puerto Rico,1858,William Greene,Consumer,PR,2472 Noble Butterfly Dell,725.0,5,Golf,18.27356339,-66.37054443,Europe,Swindon,Reino Unido,2015-06-16,11396,42.5,0.170000002,28495,50.0,-0.01,5,250.0,207.5,-2.7,Northern Europe,Inglaterra,Pending_Payment,502,Nike Men's Dri-FIT Victory Golf Polo,50.0,2015-06-18,Second Class,2015,6,June,2,16,Tuesday,0,On Time/Early,2015,June,6,Loss,Low
16103,Cash,1,0,-42.68,484.95,Late Delivery,1,9,Cardio Equipment,Hilliard,EE. UU.,2289,Kathy Smith,Consumer,OH,9235 Red Crossing,43026.0,3,Footwear,40.03102875,-83.13726807,Latin America,Campeche,México,2017-05-07,58765,15.0,0.029999999,147096,99.99,-0.090000004,5,499.95,484.95,-42.68,Central America,Campeche,Closed,191,Nike Men's Free 5.0+ Running Shoe,99.99,2017-05-08,Same Day,2017,5,May,2,7,Sunday,1,Delayed,2017,May,5,Loss,Low
61896,Payment,2,4,56.34,179.99,Advance Shipping,0,48,Water Sports,Lompoc,EE. UU.,11095,Mary Smith,Consumer,CA,490 Sleepy Circuit,93436.0,7,Fan Shop,34.63889694,-120.453064,Latin America,David,Panamá,2015-05-04,8491,20.0,0.100000001,21205,199.99,0.310000002,1,199.99,179.99,56.34,Central America,Chiriquí,Pending_Payment,1073,Pelican Sunstream 100 Kayak,199.99,2015-05-06,Standard Class,2015,5,May,2,4,Monday,-2,On Time/Early,2015,May,5,Low Profit,Medium
157652,Transfer,5,2,43.06,127.39,Late Delivery,1,18,Men's Footwear,Caguas,Puerto Rico,6360,Mary Phillips,Consumer,PR,7094 Misty Wynd,725.0,4,Apparel,18.22297287,-66.37059021,Europe,Ufa,Rusia,2016-12-11,48674,2.6,0.02,121720,129.99,0.340000004,1,129.99,127.39,43.06,Eastern Europe,Bashkortostán,Processing,403,Nike Men's CJ Elite 2 TD Football Cleat,129.99,2016-12-16,Second Class,2016,12,December,4,11,Sunday,3,Delayed,2016,December,12,Low Profit,Medium
115147,Payment,2,1,172.79,383.98,Late Delivery,1,45,Fishing,Caguas,Puerto Rico,7158,Mary Todd,Consumer,PR,3068 Indian Quail Cove,725.0,7,Fan Shop,18.2845993,-66.3706131,Europe,Toulouse,Francia,2017-09-20,68056,16.0,0.039999999,170144,399.98,0.449999988,1,399.98,383.98,172.79,Western Europe,Languedoc-Rosellón-Mediodía-Pirineos,Pending_Payment,1004,Field & Stream Sportsman 16 Gun Fire Safe,399.98,2017-09-22,First Class,2017,9,September,3,20,Wednesday,1,Delayed,2017,September,9,Medium Profit,Medium
172348,Cash,2,1,37.75,103.99,Late Delivery,1,18,Men's Footwear,Caguas,Puerto Rico,8471,Lauren Smith,Consumer,PR,7017 Sunny Falls,725.0,4,Apparel,18.25634766,-66.37056732,Europe,Dniprodzerzhyns'k,Ucrania,2016-10-02,43849,26.0,0.200000003,109514,129.99,0.360000014,1,129.99,103.99,37.75,Eastern Europe,Dnipropetrovsk,Closed,403,Nike Men's CJ Elite 2 TD Football Cleat,129.99,2016-10-04,First Class,2016,10,October,4,2,Sunday,1,Delayed,2016,October,10,Low Profit,Medium
50455,Debit,3,4,35.62,122.84,Advance Shipping,0,18,Men's Footwear,Cupertino,EE. UU.,5999,Randy Smith,Corporate,CA,9174 Umber Robin Knoll,95014.0,4,Apparel,38.41194153,-121.358139,Europe,Paris,Francia,2017-08-31,66692,7.15,0.059999999,166703,129.99,0.289999992,1,129.99,122.84,35.62,Western Europe,Isla de Francia,Completed,403,Nike Men's CJ Elite 2 TD Football Cleat,129.99,2017-09-03,Standard Class,2017,8,August,3,31,Thursday,-1,On Time/Early,2017,September,9,Low Profit,Medium
161600,Transfer,6,4,112.74,234.87,Late Delivery,1,12,Boxing & MMA,Caguas,Puerto Rico,1364,Mary Kirk,Consumer,PR,9696 Rocky Terrace,725.0,3,Footwear,18.20247269,-66.37059021,Europe,Granada,España,2017-08-29,66520,35.1,0.129999995,166279,89.99,0.479999989,3,269.97,234.87,112.74,Southern Europe,Andalucía,Processing,251,Brooks Women's Ghost 6 Running Shoe,89.99,2017-09-04,Standard Class,2017,8,August,3,29,Tuesday,2,Delayed,2017,September,9,Medium Profit,Low
39858,Debit,5,2,35.13,103.92,Late Delivery,1,11,Fitness Accessories,Caguas,Puerto Rico,6025,Mary Smith,Corporate,PR,8734 Dewy Expressway,725.0,3,Footwear,18.21073151,-66.37051392,Europe,Zurich,Suiza,2015-06-20,11709,1.05,0.01,29281,34.99,0.340000004,3,104.97,103.92,35.13,Western Europe,Zúrich,Completed,235,Under Armour Hustle Storm Medium Duffle Bag,34.99,2015-06-25,Second Class,2015,6,June,2,20,Saturday,3,Delayed,2015,June,6,Low Profit,Low
119314,Transfer,5,2,29.25,112.5,Late Delivery,1,24,Women's Apparel,Columbus,EE. UU.,7753,Mary Smith,Consumer,OH,5951 Gentle Arbor,43228.0,5,Golf,39.93561935,-83.13851166,Latin America,Valles,México,2015-03-19,5279,37.5,0.25,13186,50.0,0.25999999,3,150.0,112.5,29.25,Central America,San Luis Potosí,Pending,502,Nike Men's Dri-FIT Victory Golf Polo,50.0,2015-03-24,Second Class,2015,3,March,1,19,Thursday,3,Delayed,2015,March,3,Low Profit,Low
6525,Payment,2,4,61.87,181.98,Advance Shipping,0,9,Cardio Equipment,Caguas,Puerto Rico,11261,Robert Smith,Home Office,PR,6599 Emerald Anchor Mall ,725.0,3,Footwear,18.24364471,-66.37060547,Usa,Seattle,Estados Unidos,2016-07-21,38861,18.0,0.090000004,97025,99.99,0.340000004,2,199.98,181.98,61.87,West of USA ,Washington,Pending_Payment,191,Nike Men's Free 5.0+ Running Shoe,99.99,2016-07-23,Standard Class,2016,7,July,3,21,Thursday,-2,On Time/Early,2016,July,7,Low Profit,Low
99492,Payment,4,4,-376.5,139.44,Shipping On Time,0,46,Indoor/Outdoor Games,Aurora,EE. UU.,2845,Ryan Collins,Consumer,CO,3497 Quiet Bear Towers,80012.0,7,Fan Shop,39.65368652,-104.8682022,Usa,Nashville,Estados Unidos,2016-08-06,39993,10.5,0.07,99795,49.98,-2.700000048,3,149.94,139.44,-376.5,South of  USA ,Tennessee,Pending_Payment,1014,O'Brien Men's Neoprene Life Vest,49.98,2016-08-10,Standard Class,2016,8,August,3,6,Saturday,0,On Time/Early,2016,August,8,Loss,Low
71844,Transfer,5,2,3.57,357.1,Late Delivery,1,63,Children's Clothing,Rowland Heights,EE. UU.,13537,Ainsley Nicholson,Corporate,CA,9800 Lazy Fox Isle,91748.0,4,Apparel,34.00062561,-117.9077301,Europe,Ulm,Alemania,2017-10-18,69984,0.0,0.0,173299,357.1,0.01,1,357.1,357.1,3.57,Western Europe,Baden-Wurtemberg,Processing,1350,Children's heaters,357.1,2017-10-23,Second Class,2017,10,October,4,18,Wednesday,3,Delayed,2017,October,10,Low Profit,Medium
117416,Transfer,0,0,31.98,106.59,Shipping On Time,0,18,Men's Footwear,San Diego,EE. UU.,11778,Mary Smith,Consumer,CA,5721 Fallen Pony Cove,92129.0,4,Apparel,32.7514801,-117.1934433,Pacific Asia,Gold Coast,Australia,2016-02-29,29075,23.4,0.180000007,72743,129.99,0.300000012,1,129.99,106.59,31.98,Oceania,Queensland,Processing,403,Nike Men's CJ Elite 2 TD Football Cleat,129.99,2016-02-29,Same Day,2016,2,February,1,29,Monday,0,On Time/Early,2016,February,2,Low Profit,Medium
56455,Debit,4,4,34.65,197.99,Shipping On Time,0,48,Water Sports,Salt Lake City,EE. UU.,9152,Mary Martinez,Consumer,UT,3462 Noble Hills Close,84120.0,7,Fan Shop,40.76031113,-111.8882217,Latin America,Poza Rica de Hidalgo,México,2017-02-04,52473,2.0,0.01,131148,199.99,0.180000007,1,199.99,197.99,34.65,Central America,Veracruz,Completed,1073,Pelican Sunstream 100 Kayak,199.99,2017-02-08,Standard Class,2017,2,February,1,4,Saturday,0,On Time/Early,2017,February,2,Low Profit,Medium
8449,Debit,5,4,10.3,116.99,Late Delivery,1,18,Men's Footwear,Aurora,EE. UU.,10484,Gregory Carroll,Corporate,IL,5213 Noble Bluff Grounds,60506.0,4,Apparel,39.49591446,-98.98998261,Usa,Columbus,Estados Unidos,2016-04-26,32989,13.0,0.100000001,82504,129.99,0.090000004,1,129.99,116.99,10.3,East of USA,Ohio,Completed,403,Nike Men's CJ Elite 2 TD Football Cleat,129.99,2016-05-01,Standard Class,2016,4,April,2,26,Tuesday,1,Delayed,2016,May,5,Low Profit,Medium
152835,Payment,2,1,-254.63,331.98,Late Delivery,1,45,Fishing,Caguas,Puerto Rico,9588,Kathryn Smith,Corporate,PR,849 Noble Apple Private,725.0,7,Fan Shop,18.24006271,-66.37051392,Usa,Fairfield,Estados Unidos,2016-04-29,33186,68.0,0.170000002,82954,399.98,-0.769999981,1,399.98,331.98,-254.63,East of USA,Ohio,Pending_Payment,1004,Field & Stream Sportsman 16 Gun Fire Safe,399.98,2016-05-01,First Class,2016,4,April,2,29,Friday,1,Delayed,2016,May,5,Loss,Medium
137347,Cash,4,4,56.32,319.98,Shipping On Time,0,45,Fishing,Caguas,Puerto Rico,8805,Mary Smith,Consumer,PR,6499 Indian Run,725.0,7,Fan Shop,18.25354576,-66.37059021,Latin America,La Ceiba,Honduras,2017-06-02,60513,80.0,0.200000003,151456,399.98,0.180000007,1,399.98,319.98,56.32,Central America,Atlántida,Closed,1004,Field & Stream Sportsman 16 Gun Fire Safe,399.98,2017-06-06,Standard Class,2017,6,June,2,2,Friday,0,On Time/Early,2017,June,6,Low Profit,Medium
50376,Debit,6,4,0.0,128.69,Late Delivery,1,18,Men's Footwear,Saint Louis,EE. UU.,10843,Cynthia Myers,Corporate,MO,1034 Dusty Pine Green,63136.0,4,Apparel,38.63608551,-90.34693146,Europe,Hattingen,Alemania,2015-06-02,10465,1.3,0.01,26210,129.99,0.0,1,129.99,128.69,0.0,Western Europe,Renania del Norte-Westfalia,Completed,403,Nike Men's CJ Elite 2 TD Football Cleat,129.99,2015-06-08,Standard Class,2015,6,June,2,2,Tuesday,2,Delayed,2015,June,6,Low Profit,Medium
129538,Debit,6,4,-22.51,199.17,Late Delivery,1,17,Cleats,Fort Lauderdale,EE. UU.,1578,Lisa Harper,Consumer,FL,6876 Heather Canyon,33313.0,4,Apparel,26.15128136,-80.21017456,Africa,Beira,Mozambique,2016-12-31,50015,40.79,0.170000002,125042,59.99,-0.109999999,4,239.96,199.17,-22.51,East Africa,Sofala,Completed,365,Perfect Fitness Perfect Rip Deck,59.99,2017-01-06,Standard Class,2016,12,December,4,31,Saturday,2,Delayed,2017,January,1,Loss,Low
156273,Transfer,2,1,21.39,45.5,Late Delivery,1,24,Women's Apparel,Caguas,Puerto Rico,11237,Zachary Watkins,Consumer,PR,431 Clear Rabbit Avenue,725.0,5,Golf,18.28036499,-66.37050629,Latin America,Durango,México,2015-05-03,8423,4.5,0.090000004,21034,50.0,0.469999999,1,50.0,45.5,21.39,Central America,Durango,Processing,502,Nike Men's Dri-FIT Victory Golf Polo,50.0,2015-05-05,First Class,2015,5,May,2,3,Sunday,1,Delayed,2015,May,5,Low Profit,Low
125768,Payment,6,2,10.8,107.98,Late Delivery,1,17,Cleats,Caguas,Puerto Rico,9044,Mary Smith,Consumer,PR,1207 Amber Horse Grounds,725.0,4,Apparel,18.2033844,-66.37054443,Latin America,Juazeiro,Brasil,2015-01-03,155,12.0,0.100000001,366,59.99,0.100000001,2,119.98,107.98,10.8,South America,Bahía,Pending_Payment,365,Perfect Fitness Perfect Rip Deck,59.99,2015-01-09,Second Class,2015,1,January,1,3,Saturday,4,Delayed,2015,January,1,Low Profit,Low
306,Debit,4,4,-115.42,484.95,Shipping On Time,0,9,Cardio Equipment,Kenner,EE. UU.,11229,Diane Smith,Consumer,LA,8768 Shady Arbor,70065.0,3,Footwear,30.0380249,-90.25691986,Europe,Gien,Francia,2017-09-05,67028,15.0,0.029999999,167556,99.99,-0.239999995,5,499.95,484.95,-115.42,Western Europe,Centro-Valle de Loira,Completed,191,Nike Men's Free 5.0+ Running Shoe,99.99,2017-09-09,Standard Class,2017,9,September,3,5,Tuesday,0,On Time/Early,2017,September,9,Loss,Low
51324,Cash,3,2,13.02,115.19,Late Delivery,1,32,Golf Apparel,Caguas,Puerto Rico,1198,Beverly Tate,Consumer,PR,6580 Wishing Orchard,725.0,6,Outdoors,18.21393585,-66.37059784,Europe,Brescia,Italia,2017-08-14,65497,4.8,0.039999999,163708,119.99,0.109999999,1,119.99,115.19,13.02,Southern Europe,Lombardía,Closed,705,Cleveland Golf Women's 588 RTX CB Satin Chrom,119.99,2017-08-17,Second Class,2017,8,August,3,14,Monday,1,Delayed,2017,August,8,Low Profit,Medium
87639,Payment,2,4,32.17,128.69,Advance Shipping,0,18,Men's Footwear,Westland,EE. UU.,4175,Julia Smith,Consumer,MI,9847 Old Autumn Chase,48185.0,4,Apparel,42.33019257,-83.39046478,Latin America,Valinhos,Brasil,2017-06-07,60881,1.3,0.01,152337,129.99,0.25,1,129.99,128.69,32.17,South America,São Paulo,Pending_Payment,403,Nike Men's CJ Elite 2 TD Football Cleat,129.99,2017-06-09,Standard Class,2017,6,June,2,7,Wednesday,-2,On Time/Early,2017,June,6,Low Profit,Medium
99431,Payment,6,4,72.47,249.9,Late Delivery,1,46,Indoor/Outdoor Games,Caguas,Puerto Rico,10740,Mary Garner,Consumer,PR,6412 Noble River Private,725.0,7,Fan Shop,18.27012634,-66.37057495,Usa,San Diego,Estados Unidos,2016-08-10,40245,0.0,0.0,100422,49.98,0.289999992,5,249.9,249.9,72.47,West of USA ,California,Pending_Payment,1014,O'Brien Men's Neoprene Life Vest,49.98,2016-08-16,Standard Class,2016,8,August,3,10,Wednesday,2,Delayed,2016,August,8,Low Profit,Low
161552,Transfer,5,4,107.99,224.98,Late Delivery,1,9,Cardio Equipment,Caguas,Puerto Rico,2291,Mary Mcdonald,Consumer,PR,2291 Velvet Berry Freeway,725.0,3,Footwear,18.20957184,-66.37057495,Europe,Eastbourne,Reino Unido,2017-08-14,65524,74.99,0.25,163768,99.99,0.479999989,3,299.97,224.98,107.99,Northern Europe,Inglaterra,Pending,191,Nike Men's Free 5.0+ Running Shoe,99.99,2017-08-19,Standard Class,2017,8,August,3,14,Monday,1,Delayed,2017,August,8,Medium Profit,Low
133961,Transfer,4,4,55.61,120.89,Shipping On Time,0,18,Men's Footwear,Morrisville,EE. UU.,2534,Walter Smith,Consumer,PA,3815 Gentle Vale,19067.0,4,Apparel,40.20738983,-74.79347992,Pacific Asia,Hyderabad,India,2016-02-09,27743,9.1,0.07,69463,129.99,0.460000008,1,129.99,120.89,55.61,South Asia,Telangana,Pending,403,Nike Men's CJ Elite 2 TD Football Cleat,129.99,2016-02-13,Standard Class,2016,2,February,1,9,Tuesday,0,On Time/Early,2016,February,2,Low Profit,Medium
115110,Payment,6,2,77.6,387.98,Late Delivery,1,45,Fishing,Caguas,Puerto Rico,3565,Johnny Johnson,Corporate,PR,3610 Merry Acres,725.0,7,Fan Shop,18.22647286,-66.37056732,Europe,Abbeville,Francia,2017-09-22,68170,12.0,0.029999999,170443,399.98,0.200000003,1,399.98,387.98,77.6,Western Europe,Norte-Paso de Calais-Picardía,Pending_Payment,1004,Field & Stream Sportsman 16 Gun Fire Safe,399.98,2017-09-28,Second Class,2017,9,September,3,22,Friday,4,Delayed,2017,September,9,Low Profit,Medium
19031,Payment,2,1,15.65,50.0,Late Delivery,1,24,Women's Apparel,Spokane,EE. UU.,12369,Mary Martinez,Consumer,WA,6449 Merry Lagoon Drive,99205.0,5,Golf,47.71038818,-117.418541,Usa,Chicago,Estados Unidos,2016-08-17,40736,0.0,0.0,101635,50.0,0.310000002,1,50.0,50.0,15.65,US Center ,Illinois,Pending_Payment,502,Nike Men's Dri-FIT Victory Golf Polo,50.0,2016-08-19,First Class,2016,8,August,3,17,Wednesday,1,Delayed,2016,August,8,Low Profit,Low
83484,Debit,6,4,8.7,86.99,Late Delivery,1,9,Cardio Equipment,Colorado Springs,EE. UU.,1333,Mary Massey,Consumer,CO,9862 Umber Horse Townline,80906.0,3,Footwear,38.77690125,-104.8097305,Latin America,Chihuahua,México,2015-02-27,3935,13.0,0.129999995,9777,99.99,0.100000001,1,99.99,86.99,8.7,Central America,Chihuahua,Completed,191,Nike Men's Free 5.0+ Running Shoe,99.99,2015-03-05,Standard Class,2015,2,February,1,27,Friday,2,Delayed,2015,March,3,Low Profit,Low
138717,Debit,6,4,68.0,399.98,Late Delivery,1,45,Fishing,Caguas,Puerto Rico,3621,Mary West,Consumer,PR,4922 Heather Gate Stead,725.0,7,Fan Shop,18.22356415,-66.37060547,Latin America,Chimaltenango,Guatemala,2017-03-14,55030,0.0,0.0,137634,399.98,0.170000002,1,399.98,399.98,68.0,Central America,Chimaltenango,On_Hold,1004,Field & Stream Sportsman 16 Gun Fire Safe,399.98,2017-03-20,Standard Class,2017,3,March,1,14,Tuesday,2,Delayed,2017,March,3,Low Profit,Medium
12172,Debit,5,2,115.6,245.96,Late Delivery,1,17,Cleats,Caguas,Puerto Rico,3709,Mary Padilla,Consumer,PR,4555 Amber Apple Cape,725.0,4,Apparel,18.2968502,-66.37062836,Europe,Viena,Austria,2015-07-11,13139,53.99,0.180000007,32868,59.99,0.469999999,5,299.95,245.96,115.6,Western Europe,Viena,Completed,365,Perfect Fitness Perfect Rip Deck,59.99,2015-07-16,Second Class,2015,7,July,3,11,Saturday,3,Delayed,2015,July,7,Medium Profit,Low
179569,Transfer,5,4,-12.96,103.71,Late Delivery,1,40,Accessories,Caguas,Puerto Rico,5357,Jean Smith,Consumer,PR,8908 Lazy By-pass,725.0,6,Outdoors,18.27658463,-66.3706131,Europe,Herten,Alemania,2015-06-24,11964,21.24,0.170000002,29892,24.99,-0.129999995,5,124.95,103.71,-12.96,Western Europe,Renania del Norte-Westfalia,Processing,885,Team Golf St. Louis Cardinals Putter Grip,24.99,2015-06-29,Standard Class,2015,6,June,2,24,Wednesday,1,Delayed,2015,June,6,Loss,Low
113136,Debit,5,2,1.64,81.97,Late Delivery,1,46,Indoor/Outdoor Games,Spring Valley,EE. UU.,12292,Doris May,Consumer,CA,7291 Thunder Hills Knoll,91977.0,7,Fan Shop,32.71469498,-117.003624,Africa,Harare,Zimbabue,2016-10-02,43909,17.99,0.180000007,109676,49.98,0.02,2,99.96,81.97,1.64,East Africa,Harare,On_Hold,1014,O'Brien Men's Neoprene Life Vest,49.98,2016-10-07,Second Class,2016,10,October,4,2,Sunday,3,Delayed,2016,October,10,Low Profit,Low
17590,Cash,2,1,-53.58,284.98,Late Delivery,1,43,Camping & Hiking,Chicago,EE. UU.,4657,Mary Shaw,Corporate,IL,4388 Burning Goose Ridge,60619.0,7,Fan Shop,41.89527512,-87.73571014,Usa,Houston,Estados Unidos,2016-06-02,35488,15.0,0.050000001,88642,299.98,-0.189999998,1,299.98,284.98,-53.58,US Center ,Texas,Closed,957,Diamondback Women's Serene Classic Comfort Bi,299.98,2016-06-04,First Class,2016,6,June,2,2,Thursday,1,Delayed,2016,June,6,Loss,Medium
57837,Debit,3,4,-71.39,299.95,Advance Shipping,0,17,Cleats,Caguas,Puerto Rico,1371,Mary Smith,Consumer,PR,1463 Silent Expressway,725.0,4,Apparel,18.2939949,-66.37059784,Europe,Minden,Alemania,2015-07-23,13957,0.0,0.0,34921,59.99,-0.239999995,5,299.95,299.95,-71.39,Western Europe,Renania del Norte-Westfalia,Completed,365,Perfect Fitness Perfect Rip Deck,59.99,2015-07-26,Standard Class,2015,7,July,3,23,Thursday,-1,On Time/Early,2015,July,7,Loss,Low
178778,Debit,2,1,4.25,212.42,Late Delivery,1,46,Indoor/Outdoor Games,Chicago,EE. UU.,1901,Jacob Smith,Consumer,IL,8259 Foggy Edge,60625.0,7,Fan Shop,41.97568893,-87.69367981,Latin America,Matehuala,México,2015-04-15,7178,37.49,0.150000006,17976,49.98,0.02,5,249.9,212.42,4.25,Central America,San Luis Potosí,Completed,1014,O'Brien Men's Neoprene Life Vest,49.98,2015-04-17,First Class,2015,4,April,2,15,Wednesday,1,Delayed,2015,April,4,Low Profit,Low
108428,Payment,5,4,7.44,148.76,Late Delivery,1,29,Shop By Sport,Scottsdale,EE. UU.,5481,Mary Hall,Consumer,AZ,8340 Misty Anchor Private,85254.0,5,Golf,33.59082031,-111.9261398,Europe,Wuppertal,Alemania,2015-10-08,19229,11.2,0.07,48050,39.99,0.050000001,4,159.96,148.76,7.44,Western Europe,Renania del Norte-Westfalia,Pending_Payment,627,Under Armour Girls' Toddler Spine Surge Runni,39.99,2015-10-13,Standard Class,2015,10,October,4,8,Thursday,1,Delayed,2015,October,10,Low Profit,Low
79001,Payment,3,2,91.14,185.99,Late Delivery,1,48,Water Sports,Caguas,Puerto Rico,7695,Mary Brown,Consumer,PR,2905 Sleepy Route,725.0,7,Fan Shop,18.20601463,-66.37054443,Usa,Philadelphia,Estados Unidos,2016-06-13,36307,14.0,0.07,90649,199.99,0.49000001,1,199.99,185.99,91.14,East of USA,Pensilvania,Pending_Payment,1073,Pelican Sunstream 100 Kayak,199.99,2016-06-16,Second Class,2016,6,June,2,13,Monday,1,Delayed,2016,June,6,Low Profit,Medium
70978,Transfer,2,1,76.54,283.47,Late Delivery,1,9,Cardio Equipment,Oxnard,EE. UU.,3137,Elizabeth Smith,Corporate,CA,8874 Harvest Hills Grove,93033.0,3,Footwear,34.15459442,-119.1787262,Latin America,Puerto Padre,Cuba,2015-01-18,1172,16.5,0.059999999,2912,99.99,0.270000011,3,299.97,283.47,76.54,Caribbean,Las Tunas,Pending,191,Nike Men's Free 5.0+ Running Shoe,99.99,2015-01-20,First Class,2015,1,January,1,18,Sunday,1,Delayed,2015,January,1,Low Profit,Low
103575,Debit,3,4,63.7,181.99,Advance Shipping,0,48,Water Sports,Buffalo,EE. UU.,5048,Johnny Smith,Consumer,NY,3367 Merry Mews,14215.0,7,Fan Shop,42.94129181,-78.80055237,Europe,Huddersfield,Reino Unido,2015-09-01,16682,18.0,0.090000004,41668,199.99,0.349999994,1,199.99,181.99,63.7,Northern Europe,Inglaterra,Completed,1073,Pelican Sunstream 100 Kayak,199.99,2015-09-04,Standard Class,2015,9,September,3,1,Tuesday,-1,On Time/Early,2015,September,9,Low Profit,Medium
128662,Debit,6,4,5.06,67.47,Late Delivery,1,40,Accessories,Fairfield,EE. UU.,6959,Joan Lin,Consumer,OH,2803 Pleasant Barn Dell,45014.0,6,Outdoors,39.35150528,-84.54999542,Europe,Le Chesnay,Francia,2015-06-18,11525,7.5,0.100000001,28819,24.99,0.079999998,3,74.97,67.47,5.06,Western Europe,Isla de Francia,Completed,885,Team Golf St. Louis Cardinals Putter Grip,24.99,2015-06-24,Standard Class,2015,6,June,2,18,Thursday,2,Delayed,2015,June,6,Low Profit,Low
175859,Debit,2,1,20.88,104.38,Late Delivery,1,17,Cleats,Caguas,Puerto Rico,7927,Mary Dickson,Consumer,PR,9524 Amber Terrace,725.0,4,Apparel,18.21828651,-66.37056732,Africa,Abidjan,Costa de Marfil,2016-10-31,45856,15.6,0.129999995,114623,59.99,0.200000003,2,119.98,104.38,20.88,West Africa,Lagunes,Completed,365,Perfect Fitness Perfect Rip Deck,59.99,2016-11-02,First Class,2016,10,October,4,31,Monday,1,Delayed,2016,November,11,Low Profit,Low
57733,Debit,2,4,29.04,82.97,Advance Shipping,0,40,Accessories,Caguas,Puerto Rico,7151,George Henry,Consumer,PR,1942 Grand Oak Lane,725.0,6,Outdoors,18.24736404,-66.3705368,Usa,San Francisco,Estados Unidos,2016-05-08,33801,16.99,0.170000002,84363,24.99,0.349999994,4,99.96,82.97,29.04,West of USA ,California,Completed,897,Team Golf New England Patriots Putter Grip,24.99,2016-05-10,Standard Class,2016,5,May,2,8,Sunday,-2,On Time/Early,2016,May,5,Low Profit,Low
69426,Payment,4,2,163.19,339.98,Late Delivery,1,45,Fishing,Caguas,Puerto Rico,8043,Mary Herrera,Corporate,PR,7580 Bright Willow Street,725.0,7,Fan Shop,18.2646656,-66.37050629,Latin America,Soyapango,El Salvador,2015-04-13,7023,60.0,0.150000006,17585,399.98,0.479999989,1,399.98,339.98,163.19,Central America,San Salvador,Pending_Payment,1004,Field & Stream Sportsman 16 Gun Fire Safe,399.98,2015-04-17,Second Class,2015,4,April,2,13,Monday,2,Delayed,2015,April,4,Medium Profit,Medium
58400,Debit,6,4,16.88,225.0,Late Delivery,1,24,Women's Apparel,Caguas,Puerto Rico,6887,Mary Smith,Consumer,PR,8840 Harvest Towers,725.0,5,Golf,18.22019768,-66.37058258,Usa,Baltimore,Estados Unidos,2016-06-22,36895,25.0,0.100000001,92076,50.0,0.079999998,5,250.0,225.0,16.88,East of USA,Maryland,Completed,502,Nike Men's Dri-FIT Victory Golf Polo,50.0,2016-06-28,Standard Class,2016,6,June,2,22,Wednesday,2,Delayed,2016,June,6,Low Profit,Low
92032,Payment,5,4,82.35,211.16,Late Delivery,1,17,Cleats,Caguas,Puerto Rico,2397,Maria Castro,Corporate,PR,7236 Cinder Bay,725.0,4,Apparel,18.21355057,-66.3706131,Latin America,Mexico City,México,2017-05-07,58749,28.8,0.119999997,147057,59.99,0.389999986,4,239.96,211.16,82.35,Central America,Distrito Federal,Pending_Payment,365,Perfect Fitness Perfect Rip Deck,59.99,2017-05-12,Standard Class,2017,5,May,2,7,Sunday,1,Delayed,2017,May,5,Low Profit,Low
136334,Transfer,6,4,37.42,178.17,Late Delivery,1,17,Cleats,Mission,EE. UU.,1300,Hannah Hawkins,Consumer,TX,7129 Fallen Trace,78572.0,4,Apparel,26.21952248,-98.36013794,Latin America,Gómez Palacio,México,2017-05-15,59320,1.8,0.01,148501,59.99,0.209999993,3,179.97,178.17,37.42,Central America,Durango,Processing,365,Perfect Fitness Perfect Rip Deck,59.99,2017-05-21,Standard Class,2017,5,May,2,15,Monday,2,Delayed,2017,May,5,Low Profit,Low
167738,Payment,6,4,36.27,139.5,Late Delivery,1,24,Women's Apparel,San Diego,EE. UU.,1129,Charles Smith,Home Office,CA,2070 Velvet Quail Port,92104.0,5,Golf,32.75012589,-117.1374207,Europe,Copenhagen,Dinamarca,2015-10-10,19320,10.5,0.07,48308,50.0,0.25999999,3,150.0,139.5,36.27,Northern Europe,Región Capital,Pending_Payment,502,Nike Men's Dri-FIT Victory Golf Polo,50.0,2015-10-16,Standard Class,2015,10,October,4,10,Saturday,2,Delayed,2015,October,10,Low Profit,Low
3713,Cash,2,1,36.85,122.84,Late Delivery,1,18,Men's Footwear,Toa Alta,Puerto Rico,6634,Mary Smith,Corporate,PR,2153 Iron Log Downs,953.0,4,Apparel,18.37145042,-66.20330811,Pacific Asia,Caloocan,Filipinas,2016-02-15,28147,7.15,0.059999999,70387,129.99,0.300000012,1,129.99,122.84,36.85,Southeast Asia,Capital Nacional,Closed,403,Nike Men's CJ Elite 2 TD Football Cleat,129.99,2016-02-17,First Class,2016,2,February,1,15,Monday,1,Delayed,2016,February,2,Low Profit,Medium
43924,Debit,0,0,12.6,45.0,Shipping On Time,0,24,Women's Apparel,New Orleans,EE. UU.,2476,Gerald Smith,Consumer,LA,9375 Honey Gate,70117.0,5,Golf,29.96774292,-90.03494263,Africa,Mombasa,Kenia,2016-11-20,47224,5.0,0.100000001,118039,50.0,0.280000001,1,50.0,45.0,12.6,East Africa,Costa,Completed,502,Nike Men's Dri-FIT Victory Golf Polo,50.0,2016-11-20,Same Day,2016,11,November,4,20,Sunday,0,On Time/Early,2016,November,11,Low Profit,Low
157543,Transfer,2,2,17.46,58.19,Shipping On Time,0,17,Cleats,Caguas,Puerto Rico,3522,Adam Smith,Consumer,PR,4599 Lazy Dale,725.0,4,Apparel,18.25786972,-66.37050629,Africa,Malanje,Angola,2016-12-07,48366,1.8,0.029999999,120968,59.99,0.300000012,1,59.99,58.19,17.46,Central Africa,Malanje,Processing,365,Perfect Fitness Perfect Rip Deck,59.99,2016-12-09,Second Class,2016,12,December,4,7,Wednesday,0,On Time/Early,2016,December,12,Low Profit,Low
6095,Cash,2,1,15.76,56.3,Late Delivery,1,13,Electronics,Spring Valley,EE. UU.,9336,Janice Guzman,Consumer,CA,8143 Dusty Island,91977.0,3,Footwear,32.74972153,-117.0022583,Europe,Balti,Moldavia,2016-12-04,48169,7.68,0.119999997,120457,31.99,0.280000001,2,63.98,56.3,15.76,Eastern Europe,Balti,Closed,282,Under Armour Women's Ignite PIP VI Slide,31.99,2016-12-06,First Class,2016,12,December,4,4,Sunday,1,Delayed,2016,December,12,Low Profit,Low
92255,Payment,4,4,-682.43,454.95,Shipping On Time,0,9,Cardio Equipment,Caguas,Puerto Rico,293,Christopher Prince,Corporate,PR,1974 Stony Wharf,725.0,3,Footwear,18.276577,-66.03588104,Latin America,Mixco,Guatemala,2017-02-19,53463,45.0,0.090000004,133590,99.99,-1.5,5,499.95,454.95,-682.43,Central America,Guatemala,Pending_Payment,191,Nike Men's Free 5.0+ Running Shoe,99.99,2017-02-23,Standard Class,2017,2,February,1,19,Sunday,0,On Time/Early,2017,February,2,Loss,Low
160370,Transfer,2,4,5.31,10.84,Advance Shipping,0,61,CDs ,Caguas,Puerto Rico,17834,Morgan Haynes,Consumer,PR,8874 High Blossom View,725.0,9,Discs Shop,18.26267815,-66.03705597,Pacific Asia,Handan,China,2017-12-20,74281,0.45,0.039999999,177596,11.29,0.49000001,1,11.29,10.84,5.31,Eastern Asia,Hebei,Pending,1348,CDs of rock,11.29,2017-12-22,Standard Class,2017,12,December,4,20,Wednesday,-2,On Time/Early,2017,December,12,Low Profit,Low
178038,Transfer,2,1,-45.91,188.92,Late Delivery,1,46,Indoor/Outdoor Games,Sacramento,EE. UU.,1081,Mary Martin,Corporate,CA,2534 Umber Landing,95823.0,7,Fan Shop,38.48671341,-121.459343,Latin America,Managua,Nicaragua,2015-05-24,9801,11.0,0.059999999,24470,49.98,-0.239999995,4,199.92,188.92,-45.91,Central America,Managua,Pending,1014,O'Brien Men's Neoprene Life Vest,49.98,2015-05-26,First Class,2015,5,May,2,24,Sunday,1,Delayed,2015,May,5,Loss,Low
77161,Debit,2,1,11.25,37.49,Late Delivery,1,46,Indoor/Outdoor Games,Apex,EE. UU.,2562,Mary Anderson,Corporate,NC,8259 Colonial Heights,27502.0,7,Fan Shop,35.73103714,-78.85575104,Europe,Rostock,Alemania,2017-09-26,68457,12.5,0.25,171166,49.98,0.300000012,1,49.98,37.49,11.25,Western Europe,Mecklemburgo-Pomerania Occidental,Completed,1014,O'Brien Men's Neoprene Life Vest,49.98,2017-09-28,First Class,2017,9,September,3,26,Tuesday,1,Delayed,2017,September,9,Low Profit,Low
62640,Cash,2,1,37.7,129.99,Late Delivery,1,18,Men's Footwear,Los Angeles,EE. UU.,9708,Cynthia Smith,Home Office,CA,3042 Rustic Line,90026.0,4,Apparel,34.07662964,-118.2648315,Pacific Asia,Balikpapan,Indonesia,2015-11-23,22388,0.0,0.0,56048,129.99,0.289999992,1,129.99,129.99,37.7,Southeast Asia,Kalimantan Oriental,Closed,403,Nike Men's CJ Elite 2 TD Football Cleat,129.99,2015-11-25,First Class,2015,11,November,4,23,Monday,1,Delayed,2015,November,11,Low Profit,Medium
118046,Transfer,6,2,19.07,116.99,Late Delivery,1,18,Men's Footwear,North Hollywood,EE. UU.,10379,Robert Burnett,Consumer,CA,5344 Lazy Beach,91606.0,4,Apparel,34.16981888,-118.3789902,Europe,Basel,Suiza,2017-09-07,67195,13.0,0.100000001,167940,129.99,0.159999996,1,129.99,116.99,19.07,Western Europe,Basilea-Ciudad,Processing,403,Nike Men's CJ Elite 2 TD Football Cleat,129.99,2017-09-13,Second Class,2017,9,September,3,7,Thursday,4,Delayed,2017,September,9,Low Profit,Medium
78050,Transfer,2,1,-131.12,98.96,Shipping Cancelled,0,46,Indoor/Outdoor Games,Cerritos,EE. UU.,1648,Joan Ingram,Corporate,CA,3856 Grand Fox Road,90703.0,7,Fan Shop,33.82807922,-118.1775513,Europe,Cheltenham,Reino Unido,2017-08-09,65161,1.0,0.01,162854,49.98,-1.330000043,2,99.96,98.96,-131.12,Northern Europe,Inglaterra,Cancelled,1014,O'Brien Men's Neoprene Life Vest,49.98,2017-08-11,First Class,2017,8,August,3,9,Wednesday,1,Delayed,2017,August,8,Loss,Low
119807,Transfer,3,2,3.75,187.5,Late Delivery,1,24,Women's Apparel,Fort Lauderdale,EE. UU.,8571,Jason Nunez,Consumer,FL,1555 Cozy Spring Circuit,33324.0,5,Golf,26.0984993,-80.27095032,Europe,Turku,Finlandia,2017-06-28,62272,62.5,0.25,155699,50.0,0.02,5,250.0,187.5,3.75,Northern Europe,Finlandia del Sudoeste,Pending,502,Nike Men's Dri-FIT Victory Golf Polo,50.0,2017-07-01,Second Class,2017,6,June,2,28,Wednesday,1,Delayed,2017,July,7,Low Profit,Low
87940,Payment,4,4,23.03,49.0,Shipping On Time,0,24,Women's Apparel,Oxnard,EE. UU.,8698,Mary Allen,Consumer,CA,5443 Old Timber Expressway,93030.0,5,Golf,34.26338196,-119.1467667,Latin America,Rancagua,Chile,2015-04-27,8008,1.0,0.02,20013,50.0,0.469999999,1,50.0,49.0,23.03,South America,O'Higgins,Pending_Payment,502,Nike Men's Dri-FIT Victory Golf Polo,50.0,2015-05-01,Standard Class,2015,4,April,2,27,Monday,0,On Time/Early,2015,May,5,Low Profit,Low
9776,Payment,2,1,186.23,387.98,Late Delivery,1,45,Fishing,Milford,EE. UU.,7895,Mary Snyder,Consumer,CT,1688 Crystal Leaf Vista,6460.0,7,Fan Shop,41.24840546,-73.02430725,Europe,Amsterdam,Países Bajos,2015-09-30,18661,12.0,0.029999999,46643,399.98,0.479999989,1,399.98,387.98,186.23,Western Europe,Holanda Septentrional,Pending_Payment,1004,Field & Stream Sportsman 16 Gun Fire Safe,399.98,2015-10-02,First Class,2015,9,September,3,30,Wednesday,1,Delayed,2015,October,10,Medium Profit,Medium
50504,Debit,4,4,52.62,114.39,Shipping On Time,0,18,Men's Footwear,Los Angeles,EE. UU.,5631,Gloria Goodman,Corporate,CA,3971 Bright Glen,90066.0,4,Apparel,34.0015831,-118.4321518,Europe,Estocolmo,Suecia,2017-07-06,62828,15.6,0.119999997,157096,129.99,0.460000008,1,129.99,114.39,52.62,Northern Europe,Estocolmo,Completed,403,Nike Men's CJ Elite 2 TD Football Cleat,129.99,2017-07-10,Standard Class,2017,7,July,3,6,Thursday,0,On Time/Early,2017,July,7,Low Profit,Medium
88967,Payment,3,4,-509.97,299.99,Advance Shipping,0,45,Fishing,Granada Hills,EE. UU.,4345,Mary Marshall,Consumer,CA,4436 Tawny Private,91344.0,7,Fan Shop,34.07363892,-117.7083511,Pacific Asia,Antipolo,Filipinas,2015-12-15,23887,100.0,0.25,59796,399.98,-1.700000048,1,399.98,299.99,-509.97,Southeast Asia,Calabarzón,Pending_Payment,1004,Field & Stream Sportsman 16 Gun Fire Safe,399.98,2015-12-18,Standard Class,2015,12,December,4,15,Tuesday,-1,On Time/Early,2015,December,12,Loss,Medium
25432,Debit,2,1,45.68,130.5,Late Delivery,1,24,Women's Apparel,Plainfield,EE. UU.,478,Mary Porter,Corporate,IL,5299 Merry Beacon Heath,60544.0,5,Golf,41.89978409,-87.94304657,Europe,Hanover,Alemania,2017-09-25,68384,19.5,0.129999995,170967,50.0,0.349999994,3,150.0,130.5,45.68,Western Europe,Baja Sajonia,Completed,502,Nike Men's Dri-FIT Victory Golf Polo,50.0,2017-09-27,First Class,2017,9,September,3,25,Monday,1,Delayed,2017,September,9,Low Profit,Low
38376,Payment,2,4,127.49,254.98,Advance Shipping,0,43,Camping & Hiking,Santa Ana,EE. UU.,8685,Mary Hansen,Consumer,CA,6860 Foggy Pathway,92701.0,7,Fan Shop,33.75128937,-117.8674774,Africa,Dakar,Senegal,2016-09-15,42701,45.0,0.150000006,106576,299.98,0.5,1,299.98,254.98,127.49,West Africa,Dakar,Pending_Payment,957,Diamondback Women's Serene Classic Comfort Bi,299.98,2016-09-17,Standard Class,2016,9,September,3,15,Thursday,-2,On Time/Early,2016,September,9,Medium Profit,Medium
77493,Debit,3,2,23.99,79.97,Late Delivery,1,46,Indoor/Outdoor Games,Caguas,Puerto Rico,1435,Mary Wright,Corporate,PR,948 Thunder Gate Beach,725.0,7,Fan Shop,18.26452637,-66.37058258,Europe,Gothenburg,Suecia,2017-09-07,67172,19.99,0.200000003,167907,49.98,0.300000012,2,99.96,79.97,23.99,Northern Europe,Västra Götaland,Completed,1014,O'Brien Men's Neoprene Life Vest,49.98,2017-09-10,Second Class,2017,9,September,3,7,Thursday,1,Delayed,2017,September,9,Low Profit,Low
130597,Debit,5,4,-2.26,174.0,Late Delivery,1,24,Women's Apparel,Henderson,EE. UU.,8170,Rachel Smith,Consumer,NV,5662 Tawny Concession,89014.0,5,Golf,36.06906128,-115.0822067,Usa,Laredo,Estados Unidos,2016-04-10,31889,26.0,0.129999995,79691,50.0,-0.01,4,200.0,174.0,-2.26,US Center ,Texas,Completed,502,Nike Men's Dri-FIT Victory Golf Polo,50.0,2016-04-15,Standard Class,2016,4,April,2,10,Sunday,1,Delayed,2016,April,4,Loss,Low
165192,Debit,3,4,17.06,227.5,Advance Shipping,0,24,Women's Apparel,Granada Hills,EE. UU.,8717,Adam Taylor,Home Office,CA,8675 Little Arbor,91344.0,5,Golf,34.2639389,-118.4979401,Usa,Garden City,Estados Unidos,2016-07-18,38667,22.5,0.090000004,96533,50.0,0.079999998,5,250.0,227.5,17.06,US Center ,Kansas,Completed,502,Nike Men's Dri-FIT Victory Golf Polo,50.0,2016-07-21,Standard Class,2016,7,July,3,18,Monday,-1,On Time/Early,2016,July,7,Low Profit,Low
164835,Debit,6,4,32.79,131.17,Late Delivery,1,29,Shop By Sport,Chicago,EE. UU.,6276,Mary Forbes,Home Office,IL,5779 Gentle Treasure Farm,60615.0,5,Golf,41.89474869,-87.76979828,Usa,Los Angeles,Estados Unidos,2016-04-09,31810,28.79,0.180000007,79484,39.99,0.25,4,159.96,131.17,32.79,West of USA ,California,On_Hold,627,Under Armour Girls' Toddler Spine Surge Runni,39.99,2016-04-15,Standard Class,2016,4,April,2,9,Saturday,2,Delayed,2016,April,4,Low Profit,Low
71167,Transfer,2,1,42.11,161.96,Shipping Cancelled,0,6,Tennis & Racquet,Las Vegas,EE. UU.,5891,Margaret Chang,Corporate,NV,5628 Clear Knoll,89103.0,2,Fitness,36.10035324,-115.2178802,Pacific Asia,Bagdad,Irak,2017-01-03,50280,18.0,0.100000001,125655,44.99,0.25999999,4,179.96,161.96,42.11,West Asia,Bagdad,Suspected_Fraud,116,Nike Men's Comfort 2 Slide,44.99,2017-01-05,First Class,2017,1,January,1,3,Tuesday,1,Delayed,2017,January,1,Low Profit,Low
113674,Debit,2,1,40.48,149.94,Late Delivery,1,46,Indoor/Outdoor Games,Caguas,Puerto Rico,1946,Diane Smith,Consumer,PR,3838 Sleepy Mountain Centre,725.0,7,Fan Shop,18.28131867,-66.37062836,Latin America,Mérida,México,2015-03-06,4445,49.98,0.25,11122,49.98,0.270000011,4,199.92,149.94,40.48,Central America,Yucatán,Completed,1014,O'Brien Men's Neoprene Life Vest,49.98,2015-03-08,First Class,2015,3,March,1,6,Friday,1,Delayed,2015,March,3,Low Profit,Low
20126,Debit,6,4,-84.97,127.39,Late Delivery,1,18,Men's Footwear,Caguas,Puerto Rico,10829,Anthony Smith,Consumer,PR,1156 Shady Hills Highway,725.0,4,Apparel,18.29757118,-66.37059784,Latin America,San Pedro Sula,Honduras,2015-01-26,1745,2.6,0.02,4354,129.99,-0.670000017,1,129.99,127.39,-84.97,Central America,Cortés,Completed,403,Nike Men's CJ Elite 2 TD Football Cleat,129.99,2015-02-01,Standard Class,2015,1,January,1,26,Monday,2,Delayed,2015,February,2,Loss,Medium
70188,Payment,2,4,99.0,225.0,Advance Shipping,0,24,Women's Apparel,Greensboro,EE. UU.,6369,Linda Gordon,Corporate,NC,5628 Clear Knoll,27406.0,5,Golf,36.05080414,-79.79826355,Pacific Asia,Bunbury,Australia,2015-12-10,23536,25.0,0.100000001,58867,50.0,0.439999998,5,250.0,225.0,99.0,Oceania,Australia Occidental,Pending_Payment,502,Nike Men's Dri-FIT Victory Golf Polo,50.0,2015-12-12,Standard Class,2015,12,December,4,10,Thursday,-2,On Time/Early,2015,December,12,Low Profit,Low
76979,Transfer,3,2,60.45,185.99,Late Delivery,1,48,Water Sports,Hayward,EE. UU.,1347,Alan Gillespie,Corporate,CA,6122 Easy Oak Extension,94544.0,7,Fan Shop,37.63788986,-122.0765686,Latin America,Ilopango,El Salvador,2015-01-03,167,14.0,0.07,400,199.99,0.330000013,1,199.99,185.99,60.45,Central America,San Salvador,Pending,1073,Pelican Sunstream 100 Kayak,199.99,2015-01-06,Second Class,2015,1,January,1,3,Saturday,1,Delayed,2015,January,1,Low Profit,Medium
78801,Cash,4,4,55.1,189.99,Shipping On Time,0,48,Water Sports,Caguas,Puerto Rico,10837,Mary Dudley,Home Office,PR,8311 Iron Expressway,725.0,7,Fan Shop,18.27438355,-66.37049866,Usa,Columbus,Estados Unidos,2016-06-28,37293,10.0,0.050000001,93110,199.99,0.289999992,1,199.99,189.99,55.1,East of USA,Ohio,Closed,1073,Pelican Sunstream 100 Kayak,199.99,2016-07-02,Standard Class,2016,6,June,2,28,Tuesday,0,On Time/Early,2016,July,7,Low Profit,Medium
173718,Cash,6,4,14.55,58.19,Late Delivery,1,17,Cleats,Caguas,Puerto Rico,7285,Kathryn West,Consumer,PR,7477 Foggy Alley,725.0,4,Apparel,18.28840065,-66.37059021,Latin America,Choluteca,Honduras,2015-04-06,6530,1.8,0.029999999,16329,59.99,0.25,1,59.99,58.19,14.55,Central America,Choluteca,Closed,365,Perfect Fitness Perfect Rip Deck,59.99,2015-04-12,Standard Class,2015,4,April,2,6,Monday,2,Delayed,2015,April,4,Low Profit,Low
151783,Transfer,5,4,23.81,377.98,Late Delivery,1,45,Fishing,Caguas,Puerto Rico,8059,Mary Smith,Consumer,PR,8779 Shady Parkway,725.0,7,Fan Shop,18.25300026,-66.37056732,Usa,Hollywood,Estados Unidos,2016-06-30,37434,22.0,0.059999999,93439,399.98,0.059999999,1,399.98,377.98,23.81,South of  USA ,Florida,Processing,1004,Field & Stream Sportsman 16 Gun Fire Safe,399.98,2016-07-05,Standard Class,2016,6,June,2,30,Thursday,1,Delayed,2016,July,7,Low Profit,Medium
95146,Debit,6,4,39.92,122.84,Late Delivery,1,18,Men's Footwear,Chicago,EE. UU.,10592,Ethan Smith,Consumer,IL,2915 Cotton Meadow,60616.0,4,Apparel,41.895607,-87.70032501,Usa,Chicago,Estados Unidos,2016-06-07,35840,7.15,0.059999999,89498,129.99,0.330000013,1,129.99,122.84,39.92,US Center ,Illinois,On_Hold,403,Nike Men's CJ Elite 2 TD Football Cleat,129.99,2016-06-13,Standard Class,2016,6,June,2,7,Tuesday,2,Delayed,2016,June,6,Low Profit,Medium
162378,Transfer,5,4,8.66,98.4,Late Delivery,1,29,Shop By Sport,Caguas,Puerto Rico,2092,Mary Hunter,Consumer,PR,9890 Clear Knoll,725.0,5,Golf,18.20084,-66.37059021,Pacific Asia,Riyadh,Arabia Saudí,2017-01-02,50154,21.6,0.180000007,125364,30.0,0.090000004,4,120.0,98.4,8.66,West Asia,Riad,Pending,642,Columbia Men's PFG Anchor Tough T-Shirt,30.0,2017-01-07,Standard Class,2017,1,January,1,2,Monday,1,Delayed,2017,January,1,Low Profit,Low
5087,Transfer,4,4,41.39,179.97,Shipping On Time,0,17,Cleats,Tampa,EE. UU.,898,Cheryl Smith,Consumer,FL,252 Golden Goose Loop,33624.0,4,Apparel,28.08182716,-82.46191406,Pacific Asia,Daca,Bangladés,2015-11-12,21613,59.99,0.25,54038,59.99,0.230000004,4,239.96,179.97,41.39,South Asia,Daca,Processing,365,Perfect Fitness Perfect Rip Deck,59.99,2015-11-16,Standard Class,2015,11,November,4,12,Thursday,0,On Time/Early,2015,November,11,Low Profit,Low
115939,Payment,2,2,188.15,383.98,Shipping On Time,0,45,Fishing,Sacramento,EE. UU.,10884,Zachary Smith,Corporate,CA,7767 Hidden Place,95822.0,7,Fan Shop,38.49541855,-121.479187,Europe,Portsmouth,Reino Unido,2017-08-08,65081,16.0,0.039999999,162657,399.98,0.49000001,1,399.98,383.98,188.15,Northern Europe,Inglaterra,Pending_Payment,1004,Field & Stream Sportsman 16 Gun Fire Safe,399.98,2017-08-10,Second Class,2017,8,August,3,8,Tuesday,0,On Time/Early,2017,August,8,Medium Profit,Medium
148299,Debit,3,2,187.48,499.95,Late Delivery,1,9,Cardio Equipment,Caguas,Puerto Rico,4263,Paul Atkins,Home Office,PR,6447 Easy Close,725.0,3,Footwear,18.29923058,-66.37062073,Pacific Asia,Shenyang,China,2016-02-29,29067,0.0,0.0,72727,99.99,0.379999995,5,499.95,499.95,187.48,Eastern Asia,Liaoning,Completed,191,Nike Men's Free 5.0+ Running Shoe,99.99,2016-03-03,Second Class,2016,2,February,1,29,Monday,1,Delayed,2016,March,3,Medium Profit,Low
112783,Debit,3,4,29.57,173.93,Advance Shipping,0,46,Indoor/Outdoor Games,Las Vegas,EE. UU.,8366,Rose Smith,Corporate,NV,558 Dewy Promenade,89110.0,7,Fan Shop,36.17473602,-115.137146,Africa,Nairobi,Kenia,2016-10-19,45052,25.99,0.129999995,112488,49.98,0.170000002,4,199.92,173.93,29.57,East Africa,Nairobi,Completed,1014,O'Brien Men's Neoprene Life Vest,49.98,2016-10-22,Standard Class,2016,10,October,4,19,Wednesday,-1,On Time/Early,2016,October,10,Low Profit,Low
125218,Payment,6,2,-21.58,107.89,Late Delivery,1,18,Men's Footwear,Caguas,Puerto Rico,4975,Diane Flores,Consumer,PR,1399 Cinder Loop,725.0,4,Apparel,18.29536629,-66.3705368,Europe,Lviv,Ucrania,2016-12-21,49360,22.1,0.170000002,123380,129.99,-0.200000003,1,129.99,107.89,-21.58,Eastern Europe,Lviv,Pending_Payment,403,Nike Men's CJ Elite 2 TD Football Cleat,129.99,2016-12-27,Second Class,2016,12,December,4,21,Wednesday,4,Delayed,2016,December,12,Loss,Medium
106323,Debit,6,4,20.48,148.44,Late Delivery,1,46,Indoor/Outdoor Games,Caguas,Puerto Rico,387,Mary Levy,Consumer,PR,9460 Hidden Landing,725.0,7,Fan Shop,18.24751091,-66.02523804,Latin America,Mérida,México,2017-04-18,57430,1.5,0.01,143663,49.98,0.140000001,3,149.94,148.44,20.48,Central America,Yucatán,Completed,1014,O'Brien Men's Neoprene Life Vest,49.98,2017-04-24,Standard Class,2017,4,April,2,18,Tuesday,2,Delayed,2017,April,4,Low Profit,Low
152589,Payment,5,4,129.35,391.98,Late Delivery,1,45,Fishing,Pittsfield,EE. UU.,1540,Mary Mckee,Consumer,MA,1942 Middle Bluff Crescent,1201.0,7,Fan Shop,42.45111084,-73.25260162,Usa,Springfield,Estados Unidos,2016-05-15,34254,8.0,0.02,85541,399.98,0.330000013,1,399.98,391.98,129.35,East of USA,Ohio,Pending_Payment,1004,Field & Stream Sportsman 16 Gun Fire Safe,399.98,2016-05-20,Standard Class,2016,5,May,2,15,Sunday,1,Delayed,2016,May,5,Medium Profit,Medium
100503,Cash,6,4,22.79,48.48,Late Delivery,1,46,Indoor/Outdoor Games,Los Angeles,EE. UU.,4221,Robert Smith,Consumer,CA,4715 Round Lake Link,90003.0,7,Fan Shop,33.96860123,-118.2747421,Usa,Los Angeles,Estados Unidos,2016-06-14,36340,1.5,0.029999999,90729,49.98,0.469999999,1,49.98,48.48,22.79,West of USA ,California,Closed,1014,O'Brien Men's Neoprene Life Vest,49.98,2016-06-20,Standard Class,2016,6,June,2,14,Tuesday,2,Delayed,2016,June,6,Low Profit,Low
180489,Payment,6,4,130.49,347.98,Late Delivery,1,45,Fishing,Caguas,Puerto Rico,5187,Mary Smith,Home Office,PR,3183 Blue Route,725.0,7,Fan Shop,18.2513237,-66.37058258,Pacific Asia,Semarang,Indonesia,2016-01-17,26130,52.0,0.129999995,65409,399.98,0.379999995,1,399.98,347.98,130.49,Southeast Asia,Java Central,Pending_Payment,1004,Field & Stream Sportsman 16 Gun Fire Safe,399.98,2016-01-23,Standard Class,2016,1,January,1,17,Sunday,2,Delayed,2016,January,1,Medium Profit,Medium
35477,Cash,2,4,-39.81,227.5,Advance Shipping,0,24,Women's Apparel,Clementon,EE. UU.,4094,Judith Smith,Consumer,NJ,7419 Lost Grove Street,8021.0,5,Golf,39.81664658,-74.98467255,Latin America,Bom Jesus da Lapa,Brasil,2017-06-16,61501,22.5,0.090000004,153803,50.0,-0.180000007,5,250.0,227.5,-39.81,South America,Bahía,Closed,502,Nike Men's Dri-FIT Victory Golf Polo,50.0,2017-06-18,Standard Class,2017,6,June,2,16,Friday,-2,On Time/Early,2017,June,6,Loss,Low
71870,Transfer,5,2,15.11,120.89,Late Delivery,1,18,Men's Footwear,Germantown,EE. UU.,8714,Janice Smith,Corporate,MD,268 Velvet Close,20874.0,4,Apparel,39.15438461,-77.25584412,Europe,Marseille,Francia,2015-09-11,17349,9.1,0.07,43363,129.99,0.129999995,1,129.99,120.89,15.11,Western Europe,Provenza-Alpes-Costa Azul,Processing,403,Nike Men's CJ Elite 2 TD Football Cleat,129.99,2015-09-16,Second Class,2015,9,September,3,11,Friday,3,Delayed,2015,September,9,Low Profit,Medium
47946,Debit,0,0,13.52,40.0,Shipping On Time,0,24,Women's Apparel,Westerville,EE. UU.,2383,Anthony Smith,Corporate,OH,650 Quiet Spring Autoroute,43081.0,5,Golf,40.11835098,-82.92810822,Usa,Plainfield,Estados Unidos,2016-08-25,41266,10.0,0.200000003,103007,50.0,0.340000004,1,50.0,40.0,13.52,East of USA,Nueva Jersey,Completed,502,Nike Men's Dri-FIT Victory Golf Polo,50.0,2016-08-25,Same Day,2016,8,August,3,25,Thursday,0,On Time/Early,2016,August,8,Low Profit,Low
21477,Debit,5,4,188.84,429.18,Late Delivery,1,66,Crafts,Caguas,Puerto Rico,18492,Hedy Rivas,Consumer,PR,1173 Silver Isle,725.0,4,Apparel,18.22939491,-66.03705597,Pacific Asia,Belgaum,India,2017-12-29,74939,32.3,0.07,178254,461.48,0.439999998,1,461.48,429.18,188.84,South Asia,Karnataka,On_Hold,1353,Porcelain crafts,461.48,2018-01-03,Standard Class,2017,12,December,4,29,Friday,1,Delayed,2018,January,1,Medium Profit,Medium
177579,Transfer,6,4,29.04,82.97,Late Delivery,1,46,Indoor/Outdoor Games,Caguas,Puerto Rico,506,Richard Holloway,Consumer,PR,2186 Easy Creek Key,725.0,7,Fan Shop,18.22408867,-66.04807282,Europe,Dublín,Irlanda,2015-06-18,11530,16.99,0.170000002,28832,49.98,0.349999994,2,99.96,82.97,29.04,Northern Europe,Dublín,Pending,1014,O'Brien Men's Neoprene Life Vest,49.98,2015-06-24,Standard Class,2015,6,June,2,18,Thursday,2,Delayed,2015,June,6,Low Profit,Low
150681,Payment,2,1,7.84,78.38,Late Delivery,1,29,Shop By Sport,Caguas,Puerto Rico,2423,Dennis Smith,Home Office,PR,9044 Easy Road,725.0,5,Golf,18.27358627,-66.37054443,Pacific Asia,Dalian,China,2015-10-30,20747,1.6,0.02,51843,39.99,0.100000001,2,79.98,78.38,7.84,Eastern Asia,Liaoning,Pending_Payment,627,Under Armour Girls' Toddler Spine Surge Runni,39.99,2015-11-01,First Class,2015,10,October,4,30,Friday,1,Delayed,2015,November,11,Low Profit,Low
63341,Cash,2,4,147.41,377.98,Advance Shipping,0,45,Fishing,Aurora,EE. UU.,11649,Wayne Landry,Home Office,CO,9403 Quaking Valley,80011.0,7,Fan Shop,39.74662018,-104.8164368,Europe,Berlín,Alemania,2015-09-28,18556,22.0,0.059999999,46391,399.98,0.389999986,1,399.98,377.98,147.41,Western Europe,Berlín,Closed,1004,Field & Stream Sportsman 16 Gun Fire Safe,399.98,2015-09-30,Standard Class,2015,9,September,3,28,Monday,-2,On Time/Early,2015,September,9,Medium Profit,Medium
153880,Payment,4,4,111.99,319.98,Shipping On Time,0,45,Fishing,Caguas,Puerto Rico,3498,Elizabeth Ramos,Consumer,PR,7342 Hidden Walk,725.0,7,Fan Shop,18.28766632,-66.3705368,Pacific Asia,Brisbane,Australia,2016-01-10,25648,80.0,0.200000003,64236,399.98,0.349999994,1,399.98,319.98,111.99,Oceania,Queensland,Pending_Payment,1004,Field & Stream Sportsman 16 Gun Fire Safe,399.98,2016-01-14,Standard Class,2016,1,January,1,10,Sunday,0,On Time/Early,2016,January,1,Medium Profit,Medium
28793,Payment,2,1,13.28,331.97,Late Delivery,1,9,Cardio Equipment,Warren,EE. UU.,5198,Mary Smith,Corporate,MI,5443 Hazy Pond Way,48093.0,3,Footwear,43.82843781,-84.42654419,Usa,Dallas,Estados Unidos,2016-07-11,38175,67.99,0.170000002,95294,99.99,0.039999999,4,399.96,331.97,13.28,US Center ,Texas,Pending_Payment,191,Nike Men's Free 5.0+ Running Shoe,99.99,2016-07-13,First Class,2016,7,July,3,11,Monday,1,Delayed,2016,July,7,Low Profit,Low
4019,Debit,6,4,94.08,391.98,Late Delivery,1,45,Fishing,Los Angeles,EE. UU.,3554,Michael Smith,Corporate,CA,661 Lost Ridge,90001.0,7,Fan Shop,33.96017456,-118.2632217,Pacific Asia,Zhuhai,China,2016-01-06,25400,8.0,0.02,63623,399.98,0.239999995,1,399.98,391.98,94.08,Eastern Asia,Guangdong,Completed,1004,Field & Stream Sportsman 16 Gun Fire Safe,399.98,2016-01-12,Standard Class,2016,1,January,1,6,Wednesday,2,Delayed,2016,January,1,Low Profit,Medium
170365,Transfer,2,4,-73.29,99.99,Advance Shipping,0,9,Cardio Equipment,Bayonne,EE. UU.,11651,Frank Camacho,Home Office,NJ,3707 Misty Hollow,7002.0,3,Footwear,40.66480255,-74.11959076,Latin America,Santo André,Brasil,2015-01-29,1946,0.0,0.0,4872,99.99,-0.730000019,1,99.99,99.99,-73.29,South America,São Paulo,Pending,191,Nike Men's Free 5.0+ Running Shoe,99.99,2015-01-31,Standard Class,2015,1,January,1,29,Thursday,-2,On Time/Early,2015,January,1,Loss,Low
111039,Payment,2,1,45.48,90.96,Late Delivery,1,46,Indoor/Outdoor Games,Chula Vista,EE. UU.,6973,Mary Krause,Home Office,CA,3412 Lazy Pony Circle,91910.0,7,Fan Shop,32.64635468,-117.0613861,Pacific Asia,Basra,Irak,2017-01-18,51252,9.0,0.090000004,128073,49.98,0.5,2,99.96,90.96,45.48,West Asia,Basora,Pending_Payment,1014,O'Brien Men's Neoprene Life Vest,49.98,2017-01-20,First Class,2017,1,January,1,18,Wednesday,1,Delayed,2017,January,1,Low Profit,Low
167027,Payment,6,4,150.39,319.98,Late Delivery,1,45,Fishing,Las Vegas,EE. UU.,1420,Elizabeth Smith,Home Office,NV,5046 Shady Sky Circle,89123.0,7,Fan Shop,36.0842514,-115.1730423,Latin America,San Luis Potosí,México,2015-04-22,7630,80.0,0.200000003,19093,399.98,0.469999999,1,399.98,319.98,150.39,Central America,San Luis Potosí,Pending_Payment,1004,Field & Stream Sportsman 16 Gun Fire Safe,399.98,2015-04-28,Standard Class,2015,4,April,2,22,Wednesday,2,Delayed,2015,April,4,Medium Profit,Medium
91887,Payment,4,4,-108.04,161.97,Shipping On Time,0,17,Cleats,Caguas,Puerto Rico,6874,Jordan Freeman,Corporate,PR,9174 Heather Grove Port,725.0,4,Apparel,18.22496033,-66.37052918,Usa,Meriden,Estados Unidos,2016-07-08,37978,18.0,0.100000001,94807,59.99,-0.670000017,3,179.97,161.97,-108.04,East of USA,Connecticut,Pending_Payment,365,Perfect Fitness Perfect Rip Deck,59.99,2016-07-12,Standard Class,2016,7,July,3,8,Friday,0,On Time/Early,2016,July,7,Loss,Low
84958,Transfer,6,4,188.15,391.98,Shipping Cancelled,0,45,Fishing,Chicago,EE. UU.,7794,Jennifer Compton,Corporate,IL,37 Lost Hills Maze,60623.0,7,Fan Shop,41.89463806,-87.77702332,Europe,Courbevoie,Francia,2015-06-29,12330,8.0,0.02,30813,399.98,0.479999989,1,399.98,391.98,188.15,Western Europe,Isla de Francia,Cancelled,1004,Field & Stream Sportsman 16 Gun Fire Safe,399.98,2015-07-05,Standard Class,2015,6,June,2,29,Monday,2,Delayed,2015,July,7,Medium Profit,Medium
164443,Debit,6,4,15.59,141.75,Late Delivery,1,24,Women's Apparel,Santa Cruz,EE. UU.,12241,Mary Smith,Home Office,CA,7902 Blue Mountain,95060.0,5,Golf,36.97051239,-122.0238266,Usa,Asheville,Estados Unidos,2016-07-22,38960,8.25,0.059999999,97262,50.0,0.109999999,3,150.0,141.75,15.59,South of  USA ,Carolina del Norte,On_Hold,502,Nike Men's Dri-FIT Victory Golf Polo,50.0,2016-07-28,Standard Class,2016,7,July,3,22,Friday,2,Delayed,2016,July,7,Low Profit,Low
11864,Transfer,4,4,18.8,39.99,Shipping On Time,0,26,Girls' Apparel,Caguas,Puerto Rico,352,Gregory Smith,Home Office,PR,6716 Wishing Pioneer Thicket,725.0,5,Golf,18.24756622,-66.02524567,Europe,Yambol,Bulgaria,2016-12-20,49308,0.0,0.0,123254,39.99,0.469999999,1,39.99,39.99,18.8,Eastern Europe,Yambol,Pending,572,TYR Boys' Team Digi Jammer,39.99,2016-12-24,Standard Class,2016,12,December,4,20,Tuesday,0,On Time/Early,2016,December,12,Low Profit,Low
39033,Debit,0,0,27.45,105.58,Shipping On Time,0,17,Cleats,Caguas,Puerto Rico,7026,Ann Hester,Corporate,PR,3339 Cinder Rise,725.0,4,Apparel,18.27527428,-66.3705368,Europe,Madrid,España,2015-09-26,18368,14.4,0.119999997,45901,59.99,0.25999999,2,119.98,105.58,27.45,Southern Europe,Madrid,On_Hold,365,Perfect Fitness Perfect Rip Deck,59.99,2015-09-26,Same Day,2015,9,September,3,26,Saturday,0,On Time/Early,2015,September,9,Low Profit,Low
66146,Debit,5,2,3.99,63.33,Late Delivery,1,41,Trade-In,Beloit,EE. UU.,2908,Mary Smith,Consumer,WI,2734 Hazy Butterfly Circle,53511.0,6,Outdoors,42.50544357,-89.04527283,Pacific Asia,Ardebil,Irán,2016-11-05,46239,2.64,0.039999999,115581,21.99,0.059999999,3,65.97,63.33,3.99,South Asia,Ardebil,On_Hold,917,Glove It Women's Mod Oval 3-Zip Carry All Gol,21.99,2016-11-10,Second Class,2016,11,November,4,5,Saturday,3,Delayed,2016,November,11,Low Profit,Low
113615,Debit,2,2,80.72,212.42,Shipping On Time,0,46,Indoor/Outdoor Games,Caguas,Puerto Rico,7415,Mary Smith,Consumer,PR,7869 Round Cider Square,725.0,7,Fan Shop,18.20859718,-66.37052155,Latin America,Igarassu,Brasil,2015-03-09,4611,37.49,0.150000006,11567,49.98,0.379999995,5,249.9,212.42,80.72,South America,Pernambuco,Completed,1014,O'Brien Men's Neoprene Life Vest,49.98,2015-03-11,Second Class,2015,3,March,1,9,Monday,0,On Time/Early,2015,March,3,Low Profit,Low
17996,Cash,4,2,30.17,342.82,Late Delivery,1,63,Children's Clothing,Campbell,EE. UU.,14001,Anika Mccullough,Corporate,CA,8598 Red Dale Forest,95008.0,4,Apparel,38.42893982,-121.3671112,Europe,Bologna,Italia,2017-10-25,70448,14.28,0.039999999,173763,357.1,0.090000004,1,357.1,342.82,30.17,Southern Europe,Emilia-Romaña,Closed,1350,Children's heaters,357.1,2017-10-29,Second Class,2017,10,October,4,25,Wednesday,2,Delayed,2017,October,10,Low Profit,Medium
54521,Transfer,4,2,93.1,189.99,Shipping Cancelled,0,48,Water Sports,Detroit,EE. UU.,7544,Barbara Smith,Consumer,MI,7962 Wishing Fox Harbour,48238.0,7,Fan Shop,42.39110184,-83.13121796,Latin America,Salina Cruz,México,2017-06-06,60808,10.0,0.050000001,152166,199.99,0.49000001,1,199.99,189.99,93.1,Central America,Oaxaca,Suspected_Fraud,1073,Pelican Sunstream 100 Kayak,199.99,2017-06-10,Second Class,2017,6,June,2,6,Tuesday,2,Delayed,2017,June,6,Low Profit,Medium
12258,Debit,6,2,95.45,207.5,Late Delivery,1,24,Women's Apparel,Caguas,Puerto Rico,12112,Mary Smith,Consumer,PR,9092 Middle Deer Dale,725.0,5,Golf,18.29018974,-66.37055969,Latin America,Puebla,México,2015-01-26,1775,42.5,0.170000002,4432,50.0,0.460000008,5,250.0,207.5,95.45,Central America,Puebla,Completed,502,Nike Men's Dri-FIT Victory Golf Polo,50.0,2015-02-01,Second Class,2015,1,January,1,26,Monday,4,Delayed,2015,February,2,Low Profit,Low
33987,Cash,4,4,-18.01,110.49,Shipping On Time,0,18,Men's Footwear,Glenview,EE. UU.,1015,Jordan Smith,Consumer,IL,5593 Merry Pine Dell,60025.0,4,Apparel,42.0731163,-87.85407257,Pacific Asia,Aksaray,Turquía,2016-12-27,49748,19.5,0.150000006,124354,129.99,-0.159999996,1,129.99,110.49,-18.01,West Asia,Aksaray,Closed,403,Nike Men's CJ Elite 2 TD Football Cleat,129.99,2016-12-31,Standard Class,2016,12,December,4,27,Tuesday,0,On Time/Early,2016,December,12,Loss,Medium
136118,Transfer,4,4,56.39,119.97,Shipping On Time,0,29,Shop By Sport,Long Beach,EE. UU.,636,Albert Merritt,Consumer,CA,9296 Hazy Goose Bend,90806.0,5,Golf,33.88067246,-118.2067871,Europe,Gelsenkirchen,Alemania,2015-06-08,10893,0.0,0.0,27285,39.99,0.469999999,3,119.97,119.97,56.39,Western Europe,Renania del Norte-Westfalia,Processing,627,Under Armour Girls' Toddler Spine Surge Runni,39.99,2015-06-12,Standard Class,2015,6,June,2,8,Monday,0,On Time/Early,2015,June,6,Low Profit,Low
103962,Debit,2,1,52.5,149.99,Late Delivery,1,48,Water Sports,Caguas,Puerto Rico,5438,Mary Smith,Home Office,PR,3593 Blue Brook Acres,725.0,7,Fan Shop,18.29011154,-66.3705368,Europe,Conflans-Sainte-Honorine,Francia,2015-08-07,14938,50.0,0.25,37408,199.99,0.349999994,1,199.99,149.99,52.5,Western Europe,Isla de Francia,On_Hold,1073,Pelican Sunstream 100 Kayak,199.99,2015-08-09,First Class,2015,8,August,3,7,Friday,1,Delayed,2015,August,8,Low Profit,Medium
26328,Cash,4,4,3.24,269.96,Shipping On Time,0,17,Cleats,Caguas,Puerto Rico,11610,Mary Smith,Corporate,PR,3099 Blue Spring Glen,725.0,4,Apparel,18.24618149,-66.37055206,Usa,San Antonio,Estados Unidos,2016-06-25,37063,30.0,0.100000001,92480,59.99,0.01,5,299.95,269.96,3.24,US Center ,Texas,Closed,365,Perfect Fitness Perfect Rip Deck,59.99,2016-06-29,Standard Class,2016,6,June,2,25,Saturday,0,On Time/Early,2016,June,6,Low Profit,Low
117748,Transfer,1,0,129.58,269.96,Late Delivery,1,17,Cleats,Seattle,EE. UU.,8014,Emily Powers,Consumer,WA,2954 Red Pioneer Port,98115.0,4,Apparel,47.67869949,-122.3217621,Pacific Asia,Hefei,China,2016-02-04,27371,30.0,0.100000001,68545,59.99,0.479999989,5,299.95,269.96,129.58,Eastern Asia,Anhui,Processing,365,Perfect Fitness Perfect Rip Deck,59.99,2016-02-05,Same Day,2016,2,February,1,4,Thursday,1,Delayed,2016,February,2,Medium Profit,Low
120541,Transfer,5,4,108.89,299.98,Late Delivery,1,43,Camping & Hiking,New York,EE. UU.,5836,Mary Orr,Consumer,NY,849 Noble Apple Private,10128.0,7,Fan Shop,40.65302277,-73.94683838,Europe,Ludwigsburg,Alemania,2015-08-08,15064,0.0,0.0,37698,299.98,0.360000014,1,299.98,299.98,108.89,Western Europe,Baden-Wurtemberg,Pending,957,Diamondback Women's Serene Classic Comfort Bi,299.98,2015-08-13,Standard Class,2015,8,August,3,8,Saturday,1,Delayed,2015,August,8,Medium Profit,Medium
172828,Cash,0,0,68.51,236.25,Shipping On Time,0,24,Women's Apparel,Caguas,Puerto Rico,5607,Mary Heath,Consumer,PR,681 Tawny Range,725.0,5,Golf,18.21191216,-66.37062073,Africa,Lagos,Nigeria,2016-09-21,43093,13.75,0.059999999,107656,50.0,0.289999992,5,250.0,236.25,68.51,West Africa,Lagos,Closed,502,Nike Men's Dri-FIT Victory Golf Polo,50.0,2016-09-21,Same Day,2016,9,September,3,21,Wednesday,0,On Time/Early,2016,September,9,Low Profit,Low
36556,Payment,6,2,56.44,165.99,Late Delivery,1,29,Shop By Sport,Fremont,EE. UU.,10125,Ethan Smith,Consumer,CA,7573 Golden Treasure Centre,94536.0,5,Golf,37.55712128,-121.9916382,Europe,Hamburgo,Alemania,2017-09-05,67010,34.0,0.170000002,167502,199.99,0.340000004,1,199.99,165.99,56.44,Western Europe,Hamburgo,Pending_Payment,625,Nike Men's Kobe IX Elite Low Basketball Shoe,199.99,2017-09-11,Second Class,2017,9,September,3,5,Tuesday,4,Delayed,2017,September,9,Low Profit,Medium
105336,Payment,4,2,8.25,191.92,Late Delivery,1,46,Indoor/Outdoor Games,Encinitas,EE. UU.,9357,Katherine Spence,Corporate,CA,9920 Cozy Terrace,92024.0,7,Fan Shop,33.04647064,-117.2896729,Latin America,Victoria,México,2017-06-08,60923,8.0,0.039999999,152432,49.98,0.039999999,4,199.92,191.92,8.25,Central America,Tamaulipas,Pending_Payment,1014,O'Brien Men's Neoprene Life Vest,49.98,2017-06-12,Second Class,2017,6,June,2,8,Thursday,2,Delayed,2017,June,6,Low Profit,Low
31462,Payment,6,2,-14.66,89.95,Late Delivery,1,36,Golf Balls,Buffalo,EE. UU.,4846,Mary Lambert,Consumer,NY,1399 Dewy Expressway,14215.0,6,Outdoors,42.94129181,-78.80055237,Europe,Le Havre,Francia,2015-09-09,17200,0.0,0.0,43018,17.99,-0.159999996,5,89.95,89.95,-14.66,Western Europe,Normandía,Pending_Payment,797,Hirzl Women's Soffft Flex Golf Glove,17.99,2015-09-15,Second Class,2015,9,September,3,9,Wednesday,4,Delayed,2015,September,9,Loss,Low
160459,Transfer,6,4,31.94,122.84,Late Delivery,1,18,Men's Footwear,Caguas,Puerto Rico,11534,Mary Kim,Consumer,PR,7902 Blue Mountain,725.0,4,Apparel,18.26375771,-66.37055206,Pacific Asia,Bekasi,Indonesia,2015-11-24,22465,7.15,0.059999999,56221,129.99,0.25999999,1,129.99,122.84,31.94,Southeast Asia,Java Occidental,Processing,403,Nike Men's CJ Elite 2 TD Football Cleat,129.99,2015-11-30,Standard Class,2015,11,November,4,24,Tuesday,2,Delayed,2015,November,11,Low Profit,Medium
22587,Debit,4,4,-22.8,113.98,Shipping On Time,0,17,Cleats,Humacao,Puerto Rico,4669,Robert Smith,Consumer,PR,4905 Lazy Stead,791.0,4,Apparel,18.1501503,-65.82595062,Usa,Guelph,Canada,2017-01-11,50773,6.0,0.050000001,126888,59.99,-0.200000003,2,119.98,113.98,-22.8,Canada,Ontario,Completed,365,Perfect Fitness Perfect Rip Deck,59.99,2017-01-15,Standard Class,2017,1,January,1,11,Wednesday,0,On Time/Early,2017,January,1,Loss,Low
123557,Transfer,4,4,-14.25,126.09,Shipping On Time,0,18,Men's Footwear,Caguas,Puerto Rico,9238,Judy Gillespie,Corporate,PR,3880 Rustic Port,725.0,4,Apparel,18.22192192,-66.37055969,Europe,Frankfurt,Alemania,2015-08-25,16168,3.9,0.029999999,40348,129.99,-0.109999999,1,129.99,126.09,-14.25,Western Europe,Hesse,Processing,403,Nike Men's CJ Elite 2 TD Football Cleat,129.99,2015-08-29,Standard Class,2015,8,August,3,25,Tuesday,0,On Time/Early,2015,August,8,Loss,Medium
101548,Debit,2,4,12.22,193.92,Advance Shipping,0,46,Indoor/Outdoor Games,Caguas,Puerto Rico,6352,Madison Smith,Home Office,PR,4167 Stony Extension,725.0,7,Fan Shop,18.23068428,-66.37052918,Usa,La Porte,Estados Unidos,2016-04-20,32561,6.0,0.029999999,81443,49.98,0.059999999,4,199.92,193.92,12.22,US Center ,Indiana,Completed,1014,O'Brien Men's Neoprene Life Vest,49.98,2016-04-22,Standard Class,2016,4,April,2,20,Wednesday,-2,On Time/Early,2016,April,4,Low Profit,Low
40897,Debit,2,4,63.7,129.99,Advance Shipping,0,18,Men's Footwear,Caguas,Puerto Rico,3589,Mary Smith,Corporate,PR,8056 Burning River Limits,725.0,4,Apparel,18.29557228,-66.37051392,Latin America,Montevideo,Uruguay,2015-05-14,9126,0.0,0.0,22774,129.99,0.49000001,1,129.99,129.99,63.7,South America,Montevideo,Completed,403,Nike Men's CJ Elite 2 TD Football Cleat,129.99,2015-05-16,Standard Class,2015,5,May,2,14,Thursday,-2,On Time/Early,2015,May,5,Low Profit,Medium
59583,Debit,3,4,75.2,399.98,Advance Shipping,0,45,Fishing,Mission Viejo,EE. UU.,4807,Raymond Rodgers,Corporate,CA,3796 Lost Hollow,92691.0,7,Fan Shop,33.62104797,-117.6759186,Europe,Saint-Malo,Francia,2015-07-25,14107,0.0,0.0,35299,399.98,0.189999998,1,399.98,399.98,75.2,Western Europe,Bretaña,Completed,1004,Field & Stream Sportsman 16 Gun Fire Safe,399.98,2015-07-28,Standard Class,2015,7,July,3,25,Saturday,-1,On Time/Early,2015,July,7,Low Profit,Medium
18136,Cash,2,2,118.29,363.98,Shipping On Time,0,45,Fishing,Wyoming,EE. UU.,10265,Mary Ramirez,Corporate,MI,7464 Sunny Grove,49509.0,7,Fan Shop,42.34708023,-83.15725708,Latin America,Managua,Nicaragua,2015-02-04,2396,36.0,0.090000004,5987,399.98,0.330000013,1,399.98,363.98,118.29,Central America,Managua,Closed,1004,Field & Stream Sportsman 16 Gun Fire Safe,399.98,2015-02-06,Second Class,2015,2,February,1,4,Wednesday,0,On Time/Early,2015,February,2,Medium Profit,Medium
14887,Debit,5,4,63.24,186.0,Late Delivery,1,24,Women's Apparel,Rock Hill,EE. UU.,6213,Michael Richardson,Corporate,SC,4672 Easy Alley,29730.0,5,Golf,34.82991028,-81.10264587,Pacific Asia,Medina,Arabia Saudí,2016-09-17,42844,14.0,0.07,106983,50.0,0.340000004,4,200.0,186.0,63.24,West Asia,Medina,Completed,502,Nike Men's Dri-FIT Victory Golf Polo,50.0,2016-09-22,Standard Class,2016,9,September,3,17,Saturday,1,Delayed,2016,September,9,Low Profit,Low
97277,Debit,1,0,37.43,143.98,Late Delivery,1,17,Cleats,Bend,EE. UU.,2125,Mary Smith,Home Office,OR,3888 Rustic Line,97701.0,4,Apparel,44.07599258,-120.9686584,Europe,Verona,Italia,2017-06-26,62180,35.99,0.200000003,155471,59.99,0.25999999,3,179.97,143.98,37.43,Southern Europe,Véneto,Completed,365,Perfect Fitness Perfect Rip Deck,59.99,2017-06-27,Same Day,2017,6,June,2,26,Monday,1,Delayed,2017,June,6,Low Profit,Low
170049,Transfer,5,4,160.7,357.1,Late Delivery,1,63,Children's Clothing,Newark,EE. UU.,13987,Imogene Best,Home Office,NJ,6314 Honey Canyon,7105.0,4,Apparel,40.72727966,-74.15975189,Europe,Turin,Italia,2017-10-25,70434,0.0,0.0,173749,357.1,0.449999988,1,357.1,357.1,160.7,Southern Europe,Piamonte,Pending,1350,Children's heaters,357.1,2017-10-30,Standard Class,2017,10,October,4,25,Wednesday,1,Delayed,2017,October,10,Medium Profit,Medium
1416,Payment,4,4,60.52,126.09,Shipping On Time,0,18,Men's Footwear,Caguas,Puerto Rico,5382,Mary Smith,Home Office,PR,6104 Rocky Sky Vale,725.0,4,Apparel,18.29100418,-66.37060547,Europe,Rostock,Alemania,2017-07-19,63758,3.9,0.029999999,159366,129.99,0.479999989,1,129.99,126.09,60.52,Western Europe,Mecklemburgo-Pomerania Occidental,Pending_Payment,403,Nike Men's CJ Elite 2 TD Football Cleat,129.99,2017-07-23,Standard Class,2017,7,July,3,19,Wednesday,0,On Time/Early,2017,July,7,Low Profit,Medium
111797,Payment,0,0,46.48,185.93,Shipping On Time,0,46,Indoor/Outdoor Games,Philadelphia,EE. UU.,8620,Mary Briggs,Corporate,PA,6582 Hidden Grounds,19124.0,7,Fan Shop,40.01907349,-75.04532623,Africa,Kigali,Ruanda,2016-12-09,48516,13.99,0.07,121328,49.98,0.25,4,199.92,185.93,46.48,East Africa,Kigali,Pending_Payment,1014,O'Brien Men's Neoprene Life Vest,49.98,2016-12-09,Same Day,2016,12,December,4,9,Friday,0,On Time/Early,2016,December,12,Low Profit,Low
95321,Debit,6,4,-139.58,181.98,Late Delivery,1,9,Cardio Equipment,Walnut,EE. UU.,9805,Mary Camacho,Consumer,CA,8675 Little Arbor,91789.0,3,Footwear,33.88021851,-118.1467438,Europe,Ivry-sur-Seine,Francia,2017-09-14,67655,18.0,0.090000004,169144,99.99,-0.769999981,2,199.98,181.98,-139.58,Western Europe,Isla de Francia,Completed,191,Nike Men's Free 5.0+ Running Shoe,99.99,2017-09-20,Standard Class,2017,9,September,3,14,Thursday,2,Delayed,2017,September,9,Loss,Low
96473,Debit,2,1,78.74,224.99,Late Delivery,1,43,Camping & Hiking,Garden Grove,EE. UU.,3792,Gary Kelly,Home Office,CA,660 Wishing Path,92843.0,7,Fan Shop,33.77434921,-117.9047775,Latin America,Zapopan,México,2017-03-21,55541,75.0,0.25,138912,299.98,0.349999994,1,299.98,224.99,78.74,Central America,Jalisco,On_Hold,957,Diamondback Women's Serene Classic Comfort Bi,299.98,2017-03-23,First Class,2017,3,March,1,21,Tuesday,1,Delayed,2017,March,3,Low Profit,Medium
128698,Debit,2,4,-29.7,148.5,Advance Shipping,0,24,Women's Apparel,Brooklyn,EE. UU.,3336,Sandra Hunter,Consumer,NY,6350 Lost Hollow,11209.0,5,Golf,40.61923981,-74.03337097,Europe,Gelsenkirchen,Alemania,2017-09-18,67891,1.5,0.01,169743,50.0,-0.200000003,3,150.0,148.5,-29.7,Western Europe,Renania del Norte-Westfalia,On_Hold,502,Nike Men's Dri-FIT Victory Golf Polo,50.0,2017-09-20,Standard Class,2017,9,September,3,18,Monday,-2,On Time/Early,2017,September,9,Loss,Low
119882,Transfer,6,2,-18.67,248.96,Late Delivery,1,17,Cleats,Placentia,EE. UU.,2362,Samantha Smith,Consumer,CA,7126 Hazy Berry Mount,92870.0,4,Apparel,33.99459839,-117.9534302,Latin America,Managua,Nicaragua,2017-05-19,59585,50.99,0.170000002,149131,59.99,-0.079999998,5,299.95,248.96,-18.67,Central America,Managua,Pending,365,Perfect Fitness Perfect Rip Deck,59.99,2017-05-25,Second Class,2017,5,May,2,19,Friday,4,Delayed,2017,May,5,Loss,Low
95298,Debit,3,4,-0.98,69.98,Advance Shipping,0,3,Baseball & Softball,Yuma,EE. UU.,10376,Mary Davidson,Consumer,AZ,182 Indian Horse Diversion,85364.0,2,Fitness,32.68590164,-114.6244736,Europe,Talavera de la Reina,España,2015-08-06,14922,0.0,0.0,37366,34.99,-0.01,2,69.98,69.98,-0.98,Southern Europe,Castilla-La Mancha,Completed,37,adidas Kids' F5 Messi FG Soccer Cleat,34.99,2015-08-09,Standard Class,2015,8,August,3,6,Thursday,-1,On Time/Early,2015,August,8,Loss,Low
151911,Debit,6,4,178.35,363.98,Late Delivery,1,45,Fishing,Pacoima,EE. UU.,6779,Richard Durham,Corporate,CA,6292 Hidden Treasure Thicket,91331.0,7,Fan Shop,34.47901917,-117.3552856,Usa,San Diego,Estados Unidos,2016-06-22,36915,36.0,0.090000004,92121,399.98,0.49000001,1,399.98,363.98,178.35,West of USA ,California,Completed,1004,Field & Stream Sportsman 16 Gun Fire Safe,399.98,2016-06-28,Standard Class,2016,6,June,2,22,Wednesday,2,Delayed,2016,June,6,Medium Profit,Medium
173408,Cash,3,4,75.65,290.98,Advance Shipping,0,43,Camping & Hiking,Caguas,Puerto Rico,8704,Mary Mclean,Consumer,PR,6767 Shady Chase,725.0,7,Fan Shop,18.21791649,-66.37062073,Africa,Dakar,Senegal,2016-12-19,49192,9.0,0.029999999,123001,299.98,0.25999999,1,299.98,290.98,75.65,West Africa,Dakar,Closed,957,Diamondback Women's Serene Classic Comfort Bi,299.98,2016-12-22,Standard Class,2016,12,December,4,19,Monday,-1,On Time/Early,2016,December,12,Low Profit,Medium
65907,Debit,2,2,11.07,147.58,Shipping On Time,0,17,Cleats,South El Monte,EE. UU.,11765,Steven Smith,Consumer,CA,4900 Cotton Maze,91733.0,4,Apparel,34.0472908,-118.0503235,Europe,Birmingham,Reino Unido,2015-07-18,13566,32.39,0.180000007,33994,59.99,0.079999998,3,179.97,147.58,11.07,Northern Europe,Inglaterra,Completed,365,Perfect Fitness Perfect Rip Deck,59.99,2015-07-20,Second Class,2015,7,July,3,18,Saturday,0,On Time/Early,2015,July,7,Low Profit,Low
78612,Debit,2,1,-10.46,165.99,Late Delivery,1,48,Water Sports,Jacksonville,EE. UU.,6504,Mary Herman,Corporate,FL,5078 Foggy Panda Highlands,32225.0,7,Fan Shop,30.35342217,-81.51309204,Usa,Houston,Estados Unidos,2016-07-10,38095,34.0,0.170000002,95086,199.99,-0.059999999,1,199.99,165.99,-10.46,US Center ,Texas,Completed,1073,Pelican Sunstream 100 Kayak,199.99,2016-07-12,First Class,2016,7,July,3,10,Sunday,1,Delayed,2016,July,7,Loss,Medium
45443,Payment,5,4,197.99,395.98,Late Delivery,1,45,Fishing,Los Angeles,EE. UU.,5741,Mary Spencer,Corporate,CA,805 Amber Hills Crossing,90023.0,7,Fan Shop,34.02837372,-118.2148743,Europe,Frankfurt,Alemania,2015-08-05,14844,4.0,0.01,37170,399.98,0.5,1,399.98,395.98,197.99,Western Europe,Hesse,Pending_Payment,1004,Field & Stream Sportsman 16 Gun Fire Safe,399.98,2015-08-10,Standard Class,2015,8,August,3,5,Wednesday,1,Delayed,2015,August,8,Medium Profit,Medium
156362,Transfer,2,1,115.99,399.98,Late Delivery,1,45,Fishing,Caguas,Puerto Rico,8153,Mary Frye,Consumer,PR,417 Hidden Rabbit Crossing,725.0,7,Fan Shop,18.26672554,-66.37063599,Pacific Asia,Manila,Filipinas,2015-11-18,22029,0.0,0.0,55095,399.98,0.289999992,1,399.98,399.98,115.99,Southeast Asia,Capital Nacional,Pending,1004,Field & Stream Sportsman 16 Gun Fire Safe,399.98,2015-11-20,First Class,2015,11,November,4,18,Wednesday,1,Delayed,2015,November,11,Medium Profit,Medium
148628,Debit,6,4,104.83,363.98,Late Delivery,1,45,Fishing,Caguas,Puerto Rico,11132,Jonathan Washington,Home Office,PR,5346 Blue Anchor Dale,725.0,7,Fan Shop,18.21182251,-66.37051392,Europe,Dublín,Irlanda,2015-06-16,11380,36.0,0.090000004,28456,399.98,0.289999992,1,399.98,363.98,104.83,Northern Europe,Dublín,Completed,1004,Field & Stream Sportsman 16 Gun Fire Safe,399.98,2015-06-22,Standard Class,2015,6,June,2,16,Tuesday,2,Delayed,2015,June,6,Medium Profit,Medium
169531,Transfer,2,2,6.96,110.49,Shipping On Time,0,18,Men's Footwear,Simi Valley,EE. UU.,8834,Steven Herring,Home Office,CA,2137 Rustic Dale Crest,93065.0,4,Apparel,34.27391052,-118.7662125,Usa,Philadelphia,Estados Unidos,2016-08-05,39886,19.5,0.150000006,99508,129.99,0.059999999,1,129.99,110.49,6.96,East of USA,Pensilvania,Pending,403,Nike Men's CJ Elite 2 TD Football Cleat,129.99,2016-08-07,Second Class,2016,8,August,3,5,Friday,0,On Time/Early,2016,August,8,Low Profit,Medium
107053,Transfer,5,2,14.29,43.98,Late Delivery,1,46,Indoor/Outdoor Games,Caguas,Puerto Rico,5838,Mary Smith,Corporate,PR,3538 Rustic Dale Run,725.0,7,Fan Shop,18.2053833,-66.37057495,Latin America,Quibdó,Colombia,2017-03-13,54959,6.0,0.119999997,137444,49.98,0.330000013,1,49.98,43.98,14.29,South America,Chocó,Pending,1014,O'Brien Men's Neoprene Life Vest,49.98,2017-03-18,Second Class,2017,3,March,1,13,Monday,3,Delayed,2017,March,3,Low Profit,Low
48821,Debit,5,2,-130.57,76.8,Late Delivery,1,72,Pet Supplies,Los Angeles,EE. UU.,19117,Lacota Mcdowell,Corporate,CA,789 Old Deer Acres,90027.0,11,Pet Shop,34.13646698,-118.2665558,Pacific Asia,Luoyang,China,2018-01-08,75564,7.6,0.090000004,178879,84.4,-1.700000048,1,84.4,76.8,-130.57,Eastern Asia,Henan,Completed,1359,Adult dog supplies,84.4,2018-01-13,Second Class,2018,1,January,1,8,Monday,3,Delayed,2018,January,1,Loss,Low
150237,Debit,4,4,19.4,484.95,Shipping On Time,0,9,Cardio Equipment,Caguas,Puerto Rico,1704,Tammy Sandoval,Home Office,PR,1338 Silent Fawn Bay,725.0,3,Footwear,18.27787781,-66.37055969,Africa,Kinshasa,República Democrática del Congo,2016-09-22,43213,15.0,0.029999999,107950,99.99,0.039999999,5,499.95,484.95,19.4,Central Africa,Kinshasa,Completed,191,Nike Men's Free 5.0+ Running Shoe,99.99,2016-09-26,Standard Class,2016,9,September,3,22,Thursday,0,On Time/Early,2016,September,9,Low Profit,Low
5908,Cash,2,1,2.16,107.89,Late Delivery,1,18,Men's Footwear,Plano,EE. UU.,6362,Ethan Smith,Consumer,TX,7192 Misty Diversion,75093.0,4,Apparel,33.03541946,-96.85540009,Latin America,Salvador,Brasil,2015-04-13,7022,22.1,0.170000002,17584,129.99,0.02,1,129.99,107.89,2.16,South America,Bahía,Closed,403,Nike Men's CJ Elite 2 TD Football Cleat,129.99,2015-04-15,First Class,2015,4,April,2,13,Monday,1,Delayed,2015,April,4,Low Profit,Medium
127983,Debit,3,4,47.0,100.0,Advance Shipping,0,24,Women's Apparel,Los Angeles,EE. UU.,4498,Mary Brown,Consumer,CA,516 Dewy Bluff Swale,90047.0,5,Golf,34.04558563,-118.2479172,Pacific Asia,Newcastle,Australia,2015-12-13,23747,0.0,0.0,59425,50.0,0.469999999,2,100.0,100.0,47.0,Oceania,Nueva Gales del Sur,Completed,502,Nike Men's Dri-FIT Victory Golf Polo,50.0,2015-12-16,Standard Class,2015,12,December,4,13,Sunday,-1,On Time/Early,2015,December,12,Low Profit,Low
164917,Debit,2,4,76.9,227.5,Advance Shipping,0,24,Women's Apparel,Chicago,EE. UU.,3417,Daniel Joseph,Home Office,IL,4516 Dewy Sky Turnabout,60645.0,5,Golf,41.63134384,-87.5241394,Europe,Madrid,España,2015-07-17,13506,22.5,0.090000004,33847,50.0,0.340000004,5,250.0,227.5,76.9,Southern Europe,Madrid,Completed,502,Nike Men's Dri-FIT Victory Golf Polo,50.0,2015-07-19,Standard Class,2015,7,July,3,17,Friday,-2,On Time/Early,2015,July,7,Low Profit,Low
3918,Cash,0,0,20.34,41.5,Shipping On Time,0,24,Women's Apparel,Caguas,Puerto Rico,6726,Edward Ryan,Corporate,PR,2385 Lost Zephyr Green,725.0,5,Golf,18.26427651,-66.37059021,Pacific Asia,Broken Hill,Australia,2016-01-13,25834,8.5,0.170000002,64674,50.0,0.49000001,1,50.0,41.5,20.34,Oceania,Nueva Gales del Sur,Closed,502,Nike Men's Dri-FIT Victory Golf Polo,50.0,2016-01-13,Same Day,2016,1,January,1,13,Wednesday,0,On Time/Early,2016,January,1,Low Profit,Low
83897,Debit,4,4,28.39,109.19,Shipping On Time,0,18,Men's Footwear,Clearfield,EE. UU.,9642,Mary Bowers,Consumer,UT,6943 Tawny Log Road,84015.0,4,Apparel,41.13985825,-112.1206818,Latin America,Tegucigalpa,Honduras,2017-02-09,52813,20.8,0.159999996,132027,129.99,0.25999999,1,129.99,109.19,28.39,Central America,Francisco Morazán,Completed,403,Nike Men's CJ Elite 2 TD Football Cleat,129.99,2017-02-13,Standard Class,2017,2,February,1,9,Thursday,0,On Time/Early,2017,February,2,Low Profit,Medium
25167,Debit,2,1,12.73,144.65,Late Delivery,1,67,DVDs,Brooklyn,EE. UU.,18638,Christine Roman,Corporate,NY,1014 Colonial Cider Terrace,11212.0,9,Discs Shop,40.66080093,-73.92007446,Pacific Asia,Sydney,Australia,2018-01-01,75085,19.73,0.119999997,178400,164.38,0.090000004,1,164.38,144.65,12.73,Oceania,Nueva Gales del Sur,On_Hold,1354,DVDs ,164.38,2018-01-03,First Class,2018,1,January,1,1,Monday,1,Delayed,2018,January,1,Low Profit,Medium
53261,Debit,6,2,-86.45,181.99,Late Delivery,1,48,Water Sports,Arecibo,Puerto Rico,11319,Ronald Smith,Consumer,PR,7723 Middle Lane,612.0,7,Fan Shop,39.49591446,-98.98998261,Europe,London,Reino Unido,2017-08-26,66315,18.0,0.090000004,165759,199.99,-0.479999989,1,199.99,181.99,-86.45,Northern Europe,Inglaterra,Completed,1073,Pelican Sunstream 100 Kayak,199.99,2017-09-01,Second Class,2017,8,August,3,26,Saturday,4,Delayed,2017,September,9,Loss,Medium
52249,Debit,4,4,5.54,11.54,Shipping On Time,0,74,Toys,Bellflower,EE. UU.,19666,Myra Lowe,Corporate,CA,4566 Burning Deer Meadow,90706.0,7,Fan Shop,33.84074402,-118.1248779,Pacific Asia,Semarang,Indonesia,2018-01-16,76113,0.0,0.0,179428,11.54,0.479999989,1,11.54,11.54,5.54,Southeast Asia,Java Central,On_Hold,1361,Toys ,11.54,2018-01-20,Standard Class,2018,1,January,1,16,Tuesday,0,On Time/Early,2018,January,1,Low Profit,Low
145028,Debit,4,4,69.8,142.44,Shipping On Time,0,46,Indoor/Outdoor Games,Caguas,Puerto Rico,2181,Christina Smith,Corporate,PR,5008 Hidden Autoroute,725.0,7,Fan Shop,18.23473167,-66.37063599,Europe,Schwerin,Alemania,2015-06-25,12048,7.5,0.050000001,30115,49.98,0.49000001,3,149.94,142.44,69.8,Western Europe,Mecklemburgo-Pomerania Occidental,On_Hold,1014,O'Brien Men's Neoprene Life Vest,49.98,2015-06-29,Standard Class,2015,6,June,2,25,Thursday,0,On Time/Early,2015,June,6,Low Profit,Low
92097,Payment,3,4,79.79,227.96,Advance Shipping,0,17,Cleats,Caguas,Puerto Rico,10163,Theresa Smith,Corporate,PR,2125 Gentle Cove,725.0,4,Apparel,18.21525955,-66.37057495,Pacific Asia,Sabzevar,Irán,2016-09-28,43592,12.0,0.050000001,108861,59.99,0.349999994,4,239.96,227.96,79.79,South Asia,Jorasán Razaví,Pending_Payment,365,Perfect Fitness Perfect Rip Deck,59.99,2016-10-01,Standard Class,2016,9,September,3,28,Wednesday,-1,On Time/Early,2016,October,10,Low Profit,Low
122644,Transfer,2,2,39.97,97.49,Shipping Cancelled,0,18,Men's Footwear,Caguas,Puerto Rico,9616,Matthew Grant,Corporate,PR,4780 Honey Bluff Circuit,725.0,4,Apparel,18.22518158,-66.37056732,Latin America,Mejicanos,El Salvador,2015-01-04,246,32.5,0.25,613,129.99,0.409999996,1,129.99,97.49,39.97,Central America,San Salvador,Suspected_Fraud,403,Nike Men's CJ Elite 2 TD Football Cleat,129.99,2015-01-06,Second Class,2015,1,January,1,4,Sunday,0,On Time/Early,2015,January,1,Low Profit,Medium
127849,Debit,4,4,40.34,98.38,Shipping On Time,0,17,Cleats,Littleton,EE. UU.,2,Mary Barrett,Consumer,CO,9526 Noble Embers Ridge,80126.0,4,Apparel,38.37559509,-104.7260208,Latin America,San Pedro Sula,Honduras,2017-04-26,57963,21.6,0.180000007,145019,59.99,0.409999996,2,119.98,98.38,40.34,Central America,Cortés,On_Hold,365,Perfect Fitness Perfect Rip Deck,59.99,2017-04-30,Standard Class,2017,4,April,2,26,Wednesday,0,On Time/Early,2017,April,4,Low Profit,Low
51487,Transfer,2,1,8.52,97.95,Late Delivery,1,32,Golf Apparel,Baltimore,EE. UU.,8847,Ruth Brown,Consumer,MD,6904 Umber Berry Village,21218.0,6,Outdoors,39.29223633,-76.53083801,Usa,Phoenix,Estados Unidos,2016-07-10,38097,2.0,0.02,95096,19.99,0.090000004,5,99.95,97.95,8.52,West of USA ,Arizona,Pending,703,Top Flite Women's 2014 XL Hybrid,19.99,2016-07-12,First Class,2016,7,July,3,10,Sunday,1,Delayed,2016,July,7,Low Profit,Low
92790,Transfer,2,1,30.6,169.98,Shipping Cancelled,0,9,Cardio Equipment,Caguas,Puerto Rico,8548,Mary Smith,Corporate,PR,754 High Bear Diversion,725.0,3,Footwear,18.26843453,-66.3706131,Latin America,Tlaquepaque,México,2017-03-14,55026,30.0,0.150000006,137621,99.99,0.180000007,2,199.98,169.98,30.6,Central America,Jalisco,Suspected_Fraud,191,Nike Men's Free 5.0+ Running Shoe,99.99,2017-03-16,First Class,2017,3,March,1,14,Tuesday,1,Delayed,2017,March,3,Low Profit,Low
36289,Payment,1,0,83.98,167.96,Late Delivery,1,29,Shop By Sport,San Marcos,EE. UU.,2169,Betty Ayala,Consumer,CA,1701 Heather Acres,92069.0,5,Golf,33.14486313,-117.1681213,Latin America,Villa Alemana,Chile,2017-01-27,51926,31.99,0.159999996,129741,39.99,0.5,5,199.95,167.96,83.98,South America,Valparaíso,Pending_Payment,627,Under Armour Girls' Toddler Spine Surge Runni,39.99,2017-01-28,Same Day,2017,1,January,1,27,Friday,1,Delayed,2017,January,1,Low Profit,Low
131000,Payment,5,2,44.4,94.46,Late Delivery,1,46,Indoor/Outdoor Games,Nashville,EE. UU.,12267,Mary Smith,Home Office,TN,8675 Rocky Road,37211.0,7,Fan Shop,36.20269775,-86.98390961,Pacific Asia,Napier,Nueva Zelanda,2016-03-29,31064,5.5,0.059999999,77639,49.98,0.469999999,2,99.96,94.46,44.4,Oceania,Hawke's Bay,Pending_Payment,1014,O'Brien Men's Neoprene Life Vest,49.98,2016-04-03,Second Class,2016,3,March,1,29,Tuesday,3,Delayed,2016,April,4,Low Profit,Low
131842,Debit,3,4,-26.99,134.95,Advance Shipping,0,46,Indoor/Outdoor Games,Caguas,Puerto Rico,6122,Johnny Smith,Home Office,PR,1465 Round Fawn Passage,725.0,7,Fan Shop,18.26138115,-66.37056732,Pacific Asia,Adelaide,Australia,2016-02-13,27982,14.99,0.100000001,70023,49.98,-0.200000003,3,149.94,134.95,-26.99,Oceania,Australia del Sur,Completed,1014,O'Brien Men's Neoprene Life Vest,49.98,2016-02-16,Standard Class,2016,2,February,1,13,Saturday,-1,On Time/Early,2016,February,2,Loss,Low
15239,Transfer,6,4,103.4,220.0,Late Delivery,1,24,Women's Apparel,Campbell,EE. UU.,1565,Denise Smith,Consumer,CA,8598 Red Dale Forest,95008.0,5,Golf,38.42893982,-121.3671112,Europe,Halle,Alemania,2015-10-17,19810,30.0,0.119999997,49506,50.0,0.469999999,5,250.0,220.0,103.4,Western Europe,Renania del Norte-Westfalia,Pending,502,Nike Men's Dri-FIT Victory Golf Polo,50.0,2015-10-23,Standard Class,2015,10,October,4,17,Saturday,2,Delayed,2015,October,10,Medium Profit,Low
96837,Debit,2,1,-80.62,100.77,Late Delivery,1,29,Shop By Sport,Redmond,EE. UU.,5682,Mary Proctor,Home Office,WA,9601 Jagged River Bay,98052.0,5,Golf,47.68619156,-122.1272049,Latin America,Santa Ana,El Salvador,2015-01-27,1822,19.2,0.159999996,4554,39.99,-0.800000012,3,119.97,100.77,-80.62,Central America,Santa Ana,Completed,627,Under Armour Girls' Toddler Spine Surge Runni,39.99,2015-01-29,First Class,2015,1,January,1,27,Tuesday,1,Delayed,2015,January,1,Loss,Low
72349,Transfer,3,2,19.89,110.49,Late Delivery,1,18,Men's Footwear,Miami,EE. UU.,6923,Mark Reid,Corporate,FL,4132 Broad Gate Lane,33155.0,4,Apparel,25.81466293,-80.19554138,Usa,Los Angeles,Estados Unidos,2016-06-03,35587,19.5,0.150000006,88866,129.99,0.180000007,1,129.99,110.49,19.89,West of USA ,California,Processing,403,Nike Men's CJ Elite 2 TD Football Cleat,129.99,2016-06-06,Second Class,2016,6,June,2,3,Friday,1,Delayed,2016,June,6,Low Profit,Medium
94282,Debit,6,4,114.74,254.98,Late Delivery,1,43,Camping & Hiking,North Hollywood,EE. UU.,9244,Mary Smith,Consumer,CA,6548 Clear Towers,91605.0,7,Fan Shop,34.16981888,-118.3789902,Pacific Asia,Raipur,India,2016-03-02,29220,45.0,0.150000006,73091,299.98,0.449999988,1,299.98,254.98,114.74,South Asia,Chhattisgarh,Completed,957,Diamondback Women's Serene Classic Comfort Bi,299.98,2016-03-08,Standard Class,2016,3,March,1,2,Wednesday,2,Delayed,2016,March,3,Medium Profit,Medium
151172,Debit,6,4,0.0,371.98,Late Delivery,1,45,Fishing,Sacramento,EE. UU.,7141,Mary Jackson,Corporate,CA,7760 Golden Limits,95822.0,7,Fan Shop,38.49541855,-121.479187,Usa,Seattle,Estados Unidos,2016-08-06,39950,28.0,0.07,99677,399.98,0.0,1,399.98,371.98,0.0,West of USA ,Washington,Completed,1004,Field & Stream Sportsman 16 Gun Fire Safe,399.98,2016-08-12,Standard Class,2016,8,August,3,6,Saturday,2,Delayed,2016,August,8,Low Profit,Medium
125255,Payment,3,2,10.5,29.99,Late Delivery,1,29,Shop By Sport,Caguas,Puerto Rico,7991,Mary Conrad,Consumer,PR,1453 Amber Deer Farm,725.0,5,Golf,18.24212265,-66.37052918,Europe,Rambouillet,Francia,2015-10-01,18737,10.0,0.25,46854,39.99,0.349999994,1,39.99,29.99,10.5,Western Europe,Isla de Francia,Pending_Payment,627,Under Armour Girls' Toddler Spine Surge Runni,39.99,2015-10-04,Second Class,2015,10,October,4,1,Thursday,1,Delayed,2015,October,10,Low Profit,Low
174363,Cash,5,4,23.11,67.98,Late Delivery,1,29,Shop By Sport,Caguas,Puerto Rico,4728,Mary Smith,Consumer,PR,1764 Thunder View Quay,725.0,5,Golf,18.2739563,-66.37049866,Latin America,San Juan del Río,México,2017-01-19,51334,12.0,0.150000006,128303,39.99,0.340000004,2,79.98,67.98,23.11,Central America,Querétaro,Closed,627,Under Armour Girls' Toddler Spine Surge Runni,39.99,2017-01-24,Standard Class,2017,1,January,1,19,Thursday,1,Delayed,2017,January,1,Low Profit,Low
30673,Transfer,2,4,4.8,42.5,Advance Shipping,0,24,Women's Apparel,Caguas,Puerto Rico,8883,Marie Davis,Home Office,PR,3271 Sunny Green,725.0,5,Golf,18.20650864,-66.37055969,Usa,La Porte,Estados Unidos,2016-04-18,32436,7.5,0.150000006,81116,50.0,0.109999999,1,50.0,42.5,4.8,US Center ,Indiana,Processing,502,Nike Men's Dri-FIT Victory Golf Polo,50.0,2016-04-20,Standard Class,2016,4,April,2,18,Monday,-2,On Time/Early,2016,April,4,Low Profit,Low
26189,Cash,3,4,57.37,351.96,Advance Shipping,0,9,Cardio Equipment,Caguas,Puerto Rico,8613,Mary Kirk,Corporate,PR,5455 Hidden Cloud Carrefour,725.0,3,Footwear,18.28564835,-66.3706131,Pacific Asia,Bandung,Indonesia,2016-01-28,26877,48.0,0.119999997,67340,99.99,0.159999996,4,399.96,351.96,57.37,Southeast Asia,Java Occidental,Closed,191,Nike Men's Free 5.0+ Running Shoe,99.99,2016-01-31,Standard Class,2016,1,January,1,28,Thursday,-1,On Time/Early,2016,January,1,Low Profit,Low
104860,Transfer,2,1,10.17,89.96,Shipping Cancelled,0,46,Indoor/Outdoor Games,Caguas,Puerto Rico,599,Doris Smith,Corporate,PR,567 Fallen Pines,725.0,7,Fan Shop,18.35129738,-65.96298218,Europe,Cologne,Alemania,2017-07-05,62788,10.0,0.100000001,156980,49.98,0.109999999,2,99.96,89.96,10.17,Western Europe,Renania del Norte-Westfalia,Suspected_Fraud,1014,O'Brien Men's Neoprene Life Vest,49.98,2017-07-07,First Class,2017,7,July,3,5,Wednesday,1,Delayed,2017,July,7,Low Profit,Low
150090,Debit,2,4,46.17,194.0,Advance Shipping,0,24,Women's Apparel,Caguas,Puerto Rico,3291,Mary Parrish,Home Office,PR,9794 Indian Quail Manor,725.0,5,Golf,18.29473114,-66.37054443,Latin America,Santa Clara,Cuba,2015-01-13,881,6.0,0.029999999,2202,50.0,0.239999995,4,200.0,194.0,46.17,Caribbean,Villa Clara,Completed,502,Nike Men's Dri-FIT Victory Golf Polo,50.0,2015-01-15,Standard Class,2015,1,January,1,13,Tuesday,-2,On Time/Early,2015,January,1,Low Profit,Low
75053,Payment,2,2,0.0,188.99,Shipping On Time,0,48,Water Sports,Houston,EE. UU.,6090,Mary Smith,Home Office,TX,6442 Emerald Rise Extension,77084.0,7,Fan Shop,29.89122582,-95.29463959,Usa,Chicago,Estados Unidos,2016-08-19,40886,11.0,0.059999999,102049,199.99,0.0,1,199.99,188.99,0.0,US Center ,Illinois,Payment_Review,1073,Pelican Sunstream 100 Kayak,199.99,2016-08-21,Second Class,2016,8,August,3,19,Friday,0,On Time/Early,2016,August,8,Low Profit,Medium
177766,Debit,2,2,20.29,124.45,Shipping On Time,0,46,Indoor/Outdoor Games,Caguas,Puerto Rico,487,Kenneth Brown,Consumer,PR,6183 Little Passage,725.0,7,Fan Shop,18.35419464,-66.07129669,Europe,Turku,Finlandia,2015-06-08,10831,25.49,0.170000002,27104,49.98,0.159999996,3,149.94,124.45,20.29,Northern Europe,Finlandia del Sudoeste,Completed,1014,O'Brien Men's Neoprene Life Vest,49.98,2015-06-10,Second Class,2015,6,June,2,8,Monday,0,On Time/Early,2015,June,6,Low Profit,Low
148007,Debit,5,2,171.11,371.98,Late Delivery,1,45,Fishing,Canton,EE. UU.,11754,Aaron Smith,Corporate,MI,5543 Golden Pioneer Front,48187.0,7,Fan Shop,42.34844208,-83.43744659,Usa,Lowell,Estados Unidos,2016-08-21,41024,28.0,0.07,102400,399.98,0.460000008,1,399.98,371.98,171.11,East of USA,Massachusetts,Completed,1004,Field & Stream Sportsman 16 Gun Fire Safe,399.98,2016-08-26,Second Class,2016,8,August,3,21,Sunday,3,Delayed,2016,August,8,Medium Profit,Medium
109703,Transfer,2,1,105.78,406.84,Late Delivery,1,62,Cameras ,New Bedford,EE. UU.,12960,Basia Camacho,Consumer,MA,2553 Merry Chase ,2740.0,10,Technology,41.63562393,-70.93080139,Europe,Palermo,Italia,2017-10-10,69407,45.2,0.100000001,172722,452.04,0.25999999,1,452.04,406.84,105.78,Southern Europe,Sicilia,Pending,1349,Web Camera,452.04,2017-10-12,First Class,2017,10,October,4,10,Tuesday,1,Delayed,2017,October,10,Medium Profit,Medium
168856,Transfer,2,1,27.0,150.0,Late Delivery,1,24,Women's Apparel,Union,EE. UU.,5632,Douglas Mcbride,Home Office,NJ,8659 Foggy Deer Port,7083.0,5,Golf,40.70845795,-74.25527954,Latin America,Tegucigalpa,Honduras,2017-04-13,57102,50.0,0.25,142825,50.0,0.180000007,4,200.0,150.0,27.0,Central America,Francisco Morazán,Processing,502,Nike Men's Dri-FIT Victory Golf Polo,50.0,2017-04-15,First Class,2017,4,April,2,13,Thursday,1,Delayed,2017,April,4,Low Profit,Low
14406,Debit,5,4,85.54,182.0,Late Delivery,1,24,Women's Apparel,Pomona,EE. UU.,3457,Mary Weaver,Corporate,CA,1557 High Spring Cove,91766.0,5,Golf,34.04991913,-117.7161026,Africa,Kigali,Ruanda,2016-11-28,47769,18.0,0.090000004,119444,50.0,0.469999999,4,200.0,182.0,85.54,East Africa,Kigali,Completed,502,Nike Men's Dri-FIT Victory Golf Polo,50.0,2016-12-03,Standard Class,2016,11,November,4,28,Monday,1,Delayed,2016,December,12,Low Profit,Low
13537,Debit,3,4,42.29,89.99,Advance Shipping,0,17,Cleats,Milpitas,EE. UU.,1002,Mary Lowe,Corporate,CA,9462 Round Island,95035.0,4,Apparel,37.42661285,-121.91082,Pacific Asia,Singapur,Singapur,2015-12-23,24392,30.0,0.25,61016,59.99,0.469999999,2,119.98,89.99,42.29,Southeast Asia,Singapur,Completed,365,Perfect Fitness Perfect Rip Deck,59.99,2015-12-26,Standard Class,2015,12,December,4,23,Wednesday,-1,On Time/Early,2015,December,12,Low Profit,Low
41805,Debit,3,4,20.13,123.49,Advance Shipping,0,18,Men's Footwear,Caguas,Puerto Rico,6446,Mary Smith,Corporate,PR,153 Merry Loop,725.0,4,Apparel,18.24231911,-66.37060547,Usa,Marion,Estados Unidos,2016-08-14,40547,6.5,0.050000001,101167,129.99,0.159999996,1,129.99,123.49,20.13,US Center ,Iowa,Completed,403,Nike Men's CJ Elite 2 TD Football Cleat,129.99,2016-08-17,Standard Class,2016,8,August,3,14,Sunday,-1,On Time/Early,2016,August,8,Low Profit,Medium
90318,Payment,5,2,120.0,250.0,Late Delivery,1,24,Women's Apparel,Caguas,Puerto Rico,3171,Elizabeth Moss,Corporate,PR,1025 Colonial Plaza,725.0,5,Golf,18.29140282,-66.37052155,Europe,Nice,Francia,2015-07-02,12524,0.0,0.0,31341,50.0,0.479999989,5,250.0,250.0,120.0,Western Europe,Provenza-Alpes-Costa Azul,Pending_Payment,502,Nike Men's Dri-FIT Victory Golf Polo,50.0,2015-07-07,Second Class,2015,7,July,3,2,Thursday,3,Delayed,2015,July,7,Medium Profit,Low
116828,Transfer,2,1,9.6,127.97,Late Delivery,1,29,Shop By Sport,Pompano Beach,EE. UU.,8390,Mary Ritter,Consumer,FL,6188 Foggy Beacon Via,33068.0,5,Golf,26.21472931,-80.23004913,Latin America,Quito,Ecuador,2017-04-16,57312,31.99,0.200000003,143363,39.99,0.079999998,4,159.96,127.97,9.6,South America,Pichincha,Pending,627,Under Armour Girls' Toddler Spine Surge Runni,39.99,2017-04-18,First Class,2017,4,April,2,16,Sunday,1,Delayed,2017,April,4,Low Profit,Low
30023,Payment,2,2,136.7,278.97,Shipping On Time,0,5,Lacrosse,New York,EE. UU.,7983,Heather Merritt,Corporate,NY,6450 Thunder Log Crossing,10009.0,2,Fitness,40.72668076,-73.97971344,Latin America,Bucaramanga,Colombia,2017-04-25,57951,21.0,0.07,144993,99.99,0.49000001,3,299.97,278.97,136.7,South America,Santander,Pending_Payment,78,Nike Kids' Grade School KD VI Basketball Shoe,99.99,2017-04-27,Second Class,2017,4,April,2,25,Tuesday,0,On Time/Early,2017,April,4,Medium Profit,Low
77823,Transfer,5,4,15.37,40.98,Late Delivery,1,46,Indoor/Outdoor Games,Greensboro,EE. UU.,3463,Laura Adams,Consumer,NC,3505 Middle Glen,27410.0,7,Fan Shop,36.08757019,-79.88663483,Europe,Cork,Irlanda,2017-08-22,66054,9.0,0.180000007,165094,49.98,0.379999995,1,49.98,40.98,15.37,Northern Europe,Cork,Processing,1014,O'Brien Men's Neoprene Life Vest,49.98,2017-08-27,Standard Class,2017,8,August,3,22,Tuesday,1,Delayed,2017,August,8,Low Profit,Low
152416,Payment,3,4,40.68,359.98,Advance Shipping,0,45,Fishing,Santee,EE. UU.,5131,Steven Barr,Home Office,CA,2897 Cozy Sky Farms,92071.0,7,Fan Shop,32.85623932,-116.975441,Usa,Springfield,Estados Unidos,2016-05-24,34937,40.0,0.100000001,87287,399.98,0.109999999,1,399.98,359.98,40.68,East of USA,Ohio,Pending_Payment,1004,Field & Stream Sportsman 16 Gun Fire Safe,399.98,2016-05-27,Standard Class,2016,5,May,2,24,Tuesday,-1,On Time/Early,2016,May,5,Low Profit,Medium
109769,Transfer,2,1,127.39,391.98,Late Delivery,1,45,Fishing,New Bedford,EE. UU.,1250,Teresa Smith,Consumer,MA,9725 Cotton Forest,2740.0,7,Fan Shop,41.63562393,-70.93080139,Europe,Montreuil,Francia,2015-10-19,19980,8.0,0.02,49948,399.98,0.330000013,1,399.98,391.98,127.39,Western Europe,Isla de Francia,Pending,1004,Field & Stream Sportsman 16 Gun Fire Safe,399.98,2015-10-21,First Class,2015,10,October,4,19,Monday,1,Delayed,2015,October,10,Medium Profit,Medium
147488,Payment,2,1,175.99,351.98,Late Delivery,1,45,Fishing,Mentor,EE. UU.,3775,John Johnson,Home Office,OH,4221 Broad Limits,44060.0,7,Fan Shop,41.6532898,-81.3658371,Europe,Viena,Austria,2016-09-20,43045,48.0,0.119999997,107531,399.98,0.5,1,399.98,351.98,175.99,Western Europe,Viena,Pending_Payment,1004,Field & Stream Sportsman 16 Gun Fire Safe,399.98,2016-09-22,First Class,2016,9,September,3,20,Tuesday,1,Delayed,2016,September,9,Medium Profit,Medium
78293,Payment,4,4,51.82,191.92,Shipping On Time,0,46,Indoor/Outdoor Games,Caguas,Puerto Rico,11316,Jonathan Keith,Home Office,PR,154 Blue Cape,725.0,7,Fan Shop,18.23365212,-66.37059784,Europe,Edinburgh,Reino Unido,2017-07-26,64243,8.0,0.039999999,160620,49.98,0.270000011,4,199.92,191.92,51.82,Northern Europe,Escocia,Pending_Payment,1014,O'Brien Men's Neoprene Life Vest,49.98,2017-07-30,Standard Class,2017,7,July,3,26,Wednesday,0,On Time/Early,2017,July,7,Low Profit,Low
170853,Transfer,2,4,0.35,26.55,Advance Shipping,0,13,Electronics,Wayne,EE. UU.,6869,Mary Smith,Home Office,NJ,1399 Cozy Place,7470.0,3,Footwear,40.92333984,-74.27801514,Pacific Asia,Bangkok,Tailandia,2016-01-06,25371,5.44,0.170000002,63543,31.99,0.01,1,31.99,26.55,0.35,Southeast Asia,Bangkok,Processing,276,Under Armour Women's Ignite Slide,31.99,2016-01-08,Standard Class,2016,1,January,1,6,Wednesday,-2,On Time/Early,2016,January,1,Low Profit,Low
123191,Transfer,5,2,78.1,162.7,Late Delivery,1,11,Fitness Accessories,Caguas,Puerto Rico,5824,James Smith,Corporate,PR,2248 Bright Way,725.0,3,Footwear,18.20789528,-66.37052918,Usa,San Antonio,Estados Unidos,2016-04-04,31464,12.25,0.07,78631,34.99,0.479999989,5,174.95,162.7,78.1,US Center ,Texas,Pending,235,Under Armour Hustle Storm Medium Duffle Bag,34.99,2016-04-09,Second Class,2016,4,April,2,4,Monday,3,Delayed,2016,April,4,Low Profit,Low
55559,Payment,2,1,-129.19,189.99,Late Delivery,1,48,Water Sports,San Jose,EE. UU.,7140,Samantha Anderson,Corporate,CA,6715 Blue Run,95124.0,7,Fan Shop,37.26665497,-121.9148026,Latin America,Managua,Nicaragua,2017-04-02,56348,10.0,0.050000001,140936,199.99,-0.680000007,1,199.99,189.99,-129.19,Central America,Managua,Pending_Payment,1073,Pelican Sunstream 100 Kayak,199.99,2017-04-04,First Class,2017,4,April,2,2,Sunday,1,Delayed,2017,April,4,Loss,Medium
33495,Cash,3,4,24.19,128.69,Advance Shipping,0,18,Men's Footwear,Strongsville,EE. UU.,11833,Mary Weaver,Consumer,OH,2210 Merry Leaf Row,44136.0,4,Apparel,41.3469696,-81.82631683,Latin America,Portmore,Jamaica,2017-02-03,52397,1.3,0.01,130950,129.99,0.189999998,1,129.99,128.69,24.19,Caribbean,Santa Caterina,Closed,403,Nike Men's CJ Elite 2 TD Football Cleat,129.99,2017-02-06,Standard Class,2017,2,February,1,3,Friday,-1,On Time/Early,2017,February,2,Low Profit,Medium
168841,Transfer,2,1,-117.8,190.0,Late Delivery,1,24,Women's Apparel,New Haven,EE. UU.,11860,David Smith,Home Office,CT,4543 Cinder Link,6511.0,5,Golf,38.79813385,-76.89474487,Latin America,Tegucigalpa,Honduras,2017-04-25,57894,10.0,0.050000001,144860,50.0,-0.620000005,4,200.0,190.0,-117.8,Central America,Francisco Morazán,Pending,502,Nike Men's Dri-FIT Victory Golf Polo,50.0,2017-04-27,First Class,2017,4,April,2,25,Tuesday,1,Delayed,2017,April,4,Loss,Low
64890,Debit,5,2,114.31,346.39,Late Delivery,1,63,Children's Clothing,San Antonio,EE. UU.,17922,Ora Burt,Consumer,TX,6496 Noble Fawn Heights,78228.0,4,Apparel,29.47656632,-98.579216,Pacific Asia,Patiala,India,2017-12-21,74369,10.71,0.029999999,177684,357.1,0.330000013,1,357.1,346.39,114.31,South Asia,Punyab,Completed,1350,Children's heaters,357.1,2017-12-26,Second Class,2017,12,December,4,21,Thursday,3,Delayed,2017,December,12,Medium Profit,Medium
41134,Debit,5,4,112.85,296.98,Late Delivery,1,43,Camping & Hiking,Caguas,Puerto Rico,11100,Barbara Tucker,Corporate,PR,3421 Harvest Glade,725.0,7,Fan Shop,18.25505447,-66.37055969,Latin America,Ciego de Ávila,Cuba,2015-03-16,5094,3.0,0.01,12735,299.98,0.379999995,1,299.98,296.98,112.85,Caribbean,Ciego de Ávila,Completed,957,Diamondback Women's Serene Classic Comfort Bi,299.98,2015-03-21,Standard Class,2015,3,March,1,16,Monday,1,Delayed,2015,March,3,Medium Profit,Medium
101305,Debit,2,1,-85.02,141.69,Late Delivery,1,46,Indoor/Outdoor Games,Long Beach,EE. UU.,2462,Lawrence Kent,Consumer,CA,8400 Sunny Quail Lookout,90806.0,7,Fan Shop,33.79627991,-118.1914597,Usa,New York City,Estados Unidos,2016-05-03,33435,8.25,0.059999999,83483,49.98,-0.600000024,3,149.94,141.69,-85.02,East of USA,Nueva York,Completed,1014,O'Brien Men's Neoprene Life Vest,49.98,2016-05-05,First Class,2016,5,May,2,3,Tuesday,1,Delayed,2016,May,5,Loss,Low
82213,Debit,4,4,14.7,58.79,Shipping On Time,0,17,Cleats,Philadelphia,EE. UU.,5671,Jacqueline Lam,Consumer,PA,1507 Hazy Elk Path,19120.0,4,Apparel,40.03164673,-75.12759399,Europe,Redditch,Reino Unido,2015-08-25,16233,1.2,0.02,40530,59.99,0.25,1,59.99,58.79,14.7,Northern Europe,Inglaterra,Completed,365,Perfect Fitness Perfect Rip Deck,59.99,2015-08-29,Standard Class,2015,8,August,3,25,Tuesday,0,On Time/Early,2015,August,8,Low Profit,Low
59428,Debit,4,4,52.87,107.89,Shipping On Time,0,18,Men's Footwear,Lakewood,EE. UU.,6574,Mary Smith,Corporate,NJ,4546 Golden Hills Ridge,8701.0,4,Apparel,40.09635925,-74.21524048,Europe,Gloucester,Reino Unido,2017-09-28,68623,22.1,0.170000002,171562,129.99,0.49000001,1,129.99,107.89,52.87,Northern Europe,Inglaterra,Completed,403,Nike Men's CJ Elite 2 TD Football Cleat,129.99,2017-10-02,Standard Class,2017,9,September,3,28,Thursday,0,On Time/Early,2017,October,10,Low Profit,Medium
11006,Transfer,2,1,27.43,75.57,Late Delivery,1,13,Electronics,Caguas,Puerto Rico,8602,Timothy Gilbert,Home Office,PR,469 Middle Berry Abbey,725.0,3,Footwear,18.29161835,-66.37057495,Europe,Salzburgo,Austria,2016-12-13,48822,8.4,0.100000001,122101,27.99,0.360000014,3,83.97,75.57,27.43,Western Europe,Salzburgo,Processing,273,Under Armour Kids' Mercenary Slide,27.99,2016-12-15,First Class,2016,12,December,4,13,Tuesday,1,Delayed,2016,December,12,Low Profit,Low
130259,Debit,5,4,-185.9,331.97,Late Delivery,1,9,Cardio Equipment,Madison,EE. UU.,9324,Willie Parker,Consumer,WI,4388 Burning Goose Ridge,53704.0,3,Footwear,43.09559631,-89.35118866,Pacific Asia,Canberra,Australia,2015-11-10,21489,67.99,0.170000002,53735,99.99,-0.560000002,4,399.96,331.97,-185.9,Oceania,Territorio de la Capital Australiana,Completed,191,Nike Men's Free 5.0+ Running Shoe,99.99,2015-11-15,Standard Class,2015,11,November,4,10,Tuesday,1,Delayed,2015,November,11,Loss,Low
145212,Payment,2,1,117.59,391.98,Late Delivery,1,45,Fishing,Caguas,Puerto Rico,2229,Mary Hunt,Corporate,PR,5257 Umber Field,725.0,7,Fan Shop,18.2539711,-66.37059784,Latin America,Cúcuta,Colombia,2017-02-01,52227,8.0,0.02,130474,399.98,0.300000012,1,399.98,391.98,117.59,South America,Norte de Santander,Pending_Payment,1004,Field & Stream Sportsman 16 Gun Fire Safe,399.98,2017-02-03,First Class,2017,2,February,1,1,Wednesday,1,Delayed,2017,February,2,Medium Profit,Medium
48453,Debit,6,2,82.64,284.98,Late Delivery,1,43,Camping & Hiking,Far Rockaway,EE. UU.,10164,Mary Parsons,Corporate,NY,2 Foggy Corners,11691.0,7,Fan Shop,42.08857727,-76.88853455,Europe,La Spezia,Italia,2015-07-10,13085,15.0,0.050000001,32731,299.98,0.289999992,1,299.98,284.98,82.64,Southern Europe,Liguria,Completed,957,Diamondback Women's Serene Classic Comfort Bi,299.98,2015-07-16,Second Class,2015,7,July,3,10,Friday,4,Delayed,2015,July,7,Low Profit,Medium
3442,Debit,4,2,37.97,335.98,Late Delivery,1,45,Fishing,Bayamon,Puerto Rico,8398,Mary Williams,Consumer,PR,3253 Colonial Embers Vista,957.0,7,Fan Shop,18.38011932,-66.18312836,Latin America,Pirapora,Brasil,2015-05-30,10253,64.0,0.159999996,25658,399.98,0.109999999,1,399.98,335.98,37.97,South America,Minas Gerais,Completed,1004,Field & Stream Sportsman 16 Gun Fire Safe,399.98,2015-06-03,Second Class,2015,5,May,2,30,Saturday,2,Delayed,2015,June,6,Low Profit,Medium
137832,Transfer,5,4,106.59,327.98,Late Delivery,1,45,Fishing,Staten Island,EE. UU.,12226,Nicholas Smith,Consumer,NY,3612 Silver Autumn Extension,10314.0,7,Fan Shop,40.58441544,-74.15991974,Latin America,Guadalajara,México,2017-05-05,58584,72.0,0.180000007,146614,399.98,0.330000013,1,399.98,327.98,106.59,Central America,Jalisco,Pending,1004,Field & Stream Sportsman 16 Gun Fire Safe,399.98,2017-05-10,Standard Class,2017,5,May,2,5,Friday,1,Delayed,2017,May,5,Medium Profit,Medium
60921,Debit,6,4,54.49,207.19,Late Delivery,1,76,Women's Clothing,Westerville,EE. UU.,17413,Kay Sims,Corporate,OH,650 Quiet Spring Autoroute,43081.0,4,Apparel,40.11835098,-82.92810822,Pacific Asia,Coimbatore,India,2017-12-14,73860,8.63,0.039999999,177175,215.82,0.25999999,1,215.82,207.19,54.49,South Asia,Tamil Nadu,Completed,1363,Summer dresses,215.82,2017-12-20,Standard Class,2017,12,December,4,14,Thursday,2,Delayed,2017,December,12,Low Profit,Medium
145521,Transfer,2,1,-569.97,379.98,Late Delivery,1,45,Fishing,Caguas,Puerto Rico,3688,Judy Smith,Corporate,PR,236 Hidden Round,725.0,7,Fan Shop,18.26833916,-66.37060547,Pacific Asia,Dzhezkazgan,Kazajistán,2017-01-13,50927,20.0,0.050000001,127273,399.98,-1.5,1,399.98,379.98,-569.97,Central Asia,Karagandá,Processing,1004,Field & Stream Sportsman 16 Gun Fire Safe,399.98,2017-01-15,First Class,2017,1,January,1,13,Friday,1,Delayed,2017,January,1,Loss,Medium
37910,Payment,4,2,53.3,164.0,Late Delivery,1,24,Women's Apparel,Westerville,EE. UU.,10111,Mary Garcia,Consumer,OH,5865 Colonial Glen,43081.0,5,Golf,40.09212112,-82.92552948,Latin America,Pinar del Río,Cuba,2017-01-21,51453,36.0,0.180000007,128595,50.0,0.330000013,4,200.0,164.0,53.3,Caribbean,Pinar del Río,Pending_Payment,502,Nike Men's Dri-FIT Victory Golf Polo,50.0,2017-01-25,Second Class,2017,1,January,1,21,Saturday,2,Delayed,2017,January,1,Low Profit,Low
158843,Transfer,3,4,4.9,39.19,Advance Shipping,0,29,Shop By Sport,Caguas,Puerto Rico,7005,James Carpenter,Consumer,PR,8307 Merry Pointe,725.0,5,Golf,18.20364761,-66.37063599,Africa,Bamako,Mali,2017-01-05,50362,0.8,0.02,125847,39.99,0.129999995,1,39.99,39.19,4.9,West Africa,Bamako,Pending,627,Under Armour Girls' Toddler Spine Surge Runni,39.99,2017-01-08,Standard Class,2017,1,January,1,5,Thursday,-1,On Time/Early,2017,January,1,Low Profit,Low
10256,Transfer,2,4,72.1,230.36,Advance Shipping,0,17,Cleats,Harlingen,EE. UU.,6963,Mary Smith,Corporate,TX,5723 Emerald Downs,78550.0,4,Apparel,26.19086266,-97.69604492,Usa,New York City,Estados Unidos,2016-04-15,32261,9.6,0.039999999,80683,59.99,0.310000002,4,239.96,230.36,72.1,East of USA,Nueva York,Pending,365,Perfect Fitness Perfect Rip Deck,59.99,2016-04-17,Standard Class,2016,4,April,2,15,Friday,-2,On Time/Early,2016,April,4,Low Profit,Low
156699,Transfer,2,1,-105.64,158.37,Late Delivery,1,17,Cleats,Caguas,Puerto Rico,997,Mary Price,Consumer,PR,2556 Wishing Zephyr Turnabout,725.0,4,Apparel,18.1464901,-66.54896545,Europe,Ravenna,Italia,2015-10-03,18865,21.6,0.119999997,47185,59.99,-0.670000017,3,179.97,158.37,-105.64,Southern Europe,Emilia-Romaña,Pending,365,Perfect Fitness Perfect Rip Deck,59.99,2015-10-05,First Class,2015,10,October,4,3,Saturday,1,Delayed,2015,October,10,Loss,Low
7947,Cash,4,4,43.65,290.98,Shipping On Time,0,43,Camping & Hiking,Caguas,Puerto Rico,8915,James Grant,Corporate,PR,6667 Harvest Pioneer Downs,725.0,7,Fan Shop,18.21690559,-66.37051392,Africa,Laghouat,Argelia,2017-01-18,51263,9.0,0.029999999,128099,299.98,0.150000006,1,299.98,290.98,43.65,North Africa,Laghouat,Closed,957,Diamondback Women's Serene Classic Comfort Bi,299.98,2017-01-22,Standard Class,2017,1,January,1,18,Wednesday,0,On Time/Early,2017,January,1,Low Profit,Medium
157446,Transfer,0,0,48.71,139.17,Shipping Cancelled,0,29,Shop By Sport,Caguas,Puerto Rico,9283,Mary Smith,Consumer,PR,650 Thunder Rise Arbor,725.0,5,Golf,18.22296333,-66.37062836,Latin America,Las Tunas,Cuba,2015-05-17,9327,20.79,0.129999995,23272,39.99,0.349999994,4,159.96,139.17,48.71,Caribbean,Las Tunas,Cancelled,627,Under Armour Girls' Toddler Spine Surge Runni,39.99,2015-05-17,Same Day,2015,5,May,2,17,Sunday,0,On Time/Early,2015,May,5,Low Profit,Low
148536,Debit,2,4,-81.21,97.49,Advance Shipping,0,18,Men's Footwear,Caguas,Puerto Rico,3576,Mary Smith,Home Office,PR,1102 Pleasant Maze,725.0,4,Apparel,18.26465988,-66.37062836,Europe,Kingswood,Reino Unido,2015-07-16,13431,32.5,0.25,33650,129.99,-0.829999983,1,129.99,97.49,-81.21,Northern Europe,Inglaterra,Completed,403,Nike Men's CJ Elite 2 TD Football Cleat,129.99,2015-07-18,Standard Class,2015,7,July,3,16,Thursday,-2,On Time/Early,2015,July,7,Loss,Medium
70712,Transfer,2,1,-274.39,391.98,Late Delivery,1,45,Fishing,College Station,EE. UU.,4698,Mary Collier,Corporate,TX,7947 Sunny Pathway,77840.0,7,Fan Shop,30.60759926,-96.31684876,Pacific Asia,Medan,Indonesia,2015-12-03,23038,8.0,0.02,57684,399.98,-0.699999988,1,399.98,391.98,-274.39,Southeast Asia,Sumatra Septentrional,Processing,1004,Field & Stream Sportsman 16 Gun Fire Safe,399.98,2015-12-05,First Class,2015,12,December,4,3,Thursday,1,Delayed,2015,December,12,Loss,Medium
55239,Debit,5,2,48.6,179.99,Late Delivery,1,48,Water Sports,Visalia,EE. UU.,216,Martha Davis,Home Office,CA,7469 Misty Log Estates,93277.0,7,Fan Shop,36.2913971,-119.3086929,Latin America,Mexico City,México,2017-04-23,57759,20.0,0.100000001,144510,199.99,0.270000011,1,199.99,179.99,48.6,Central America,Distrito Federal,On_Hold,1073,Pelican Sunstream 100 Kayak,199.99,2017-04-28,Second Class,2017,4,April,2,23,Sunday,3,Delayed,2017,April,4,Low Profit,Medium
62593,Cash,2,1,161.99,359.98,Late Delivery,1,45,Fishing,Brooklyn,EE. UU.,4959,Laura Baldwin,Home Office,NY,226 Rustic Highlands,11218.0,7,Fan Shop,40.67176056,-73.94520569,Europe,Palma de Mallorca,España,2015-08-05,14813,40.0,0.100000001,37087,399.98,0.449999988,1,399.98,359.98,161.99,Southern Europe,Islas Baleares,Closed,1004,Field & Stream Sportsman 16 Gun Fire Safe,399.98,2015-08-07,First Class,2015,8,August,3,5,Wednesday,1,Delayed,2015,August,8,Medium Profit,Medium
107814,Payment,2,4,42.2,145.5,Advance Shipping,0,24,Women's Apparel,Antioch,EE. UU.,165,Joseph Ewing,Consumer,CA,7129 Fallen Trace,94509.0,5,Golf,38.01698685,-121.7537537,Latin America,Maracaibo,Venezuela,2015-02-08,2616,4.5,0.029999999,6562,50.0,0.289999992,3,150.0,145.5,42.2,South America,Zulia,Payment_Review,502,Nike Men's Dri-FIT Victory Golf Polo,50.0,2015-02-10,Standard Class,2015,2,February,1,8,Sunday,-2,On Time/Early,2015,February,2,Low Profit,Low
106115,Transfer,3,4,17.43,46.48,Advance Shipping,0,46,Indoor/Outdoor Games,Caguas,Puerto Rico,174,Mary Perez,Home Office,PR,6332 Round Range,725.0,7,Fan Shop,18.1464901,-66.54896545,Latin America,Saltillo,México,2017-04-28,58137,3.5,0.07,145481,49.98,0.379999995,1,49.98,46.48,17.43,Central America,Coahuila,Processing,1014,O'Brien Men's Neoprene Life Vest,49.98,2017-05-01,Standard Class,2017,4,April,2,28,Friday,-1,On Time/Early,2017,May,5,Low Profit,Low
12173,Debit,4,2,28.12,224.96,Late Delivery,1,17,Cleats,Caguas,Puerto Rico,2723,Mary Brady,Consumer,PR,7231 Grand Turnabout,725.0,4,Apparel,18.27003861,-66.37052918,Europe,Berlín,Alemania,2017-08-21,66013,74.99,0.25,164993,59.99,0.129999995,5,299.95,224.96,28.12,Western Europe,Berlín,Completed,365,Perfect Fitness Perfect Rip Deck,59.99,2017-08-25,Second Class,2017,8,August,3,21,Monday,2,Delayed,2017,August,8,Low Profit,Low
83604,Debit,6,4,-95.71,124.79,Late Delivery,1,18,Men's Footwear,Passaic,EE. UU.,4752,Mary Smith,Consumer,NJ,9391 Old Branch Court,7055.0,4,Apparel,40.86001587,-74.12454987,Latin America,Chaguanas,Trinidad y Tobago,2015-05-14,9165,5.2,0.039999999,22881,129.99,-0.769999981,1,129.99,124.79,-95.71,Caribbean,Chaguanas,Completed,403,Nike Men's CJ Elite 2 TD Football Cleat,129.99,2015-05-20,Standard Class,2015,5,May,2,14,Thursday,2,Delayed,2015,May,5,Loss,Medium
91604,Payment,3,4,-6.6,75.0,Advance Shipping,0,24,Women's Apparel,Ponce,Puerto Rico,6414,Mary Smith,Corporate,PR,9095 Amber Pioneer Path,728.0,5,Golf,18.00682068,-66.63586426,Latin America,Valinhos,Brasil,2017-06-07,60882,25.0,0.25,152339,50.0,-0.090000004,2,100.0,75.0,-6.6,South America,São Paulo,Pending_Payment,502,Nike Men's Dri-FIT Victory Golf Polo,50.0,2017-06-10,Standard Class,2017,6,June,2,7,Wednesday,-1,On Time/Early,2017,June,6,Loss,Low
159250,Transfer,2,4,42.94,118.29,Advance Shipping,0,18,Men's Footwear,Caguas,Puerto Rico,1840,Jerry Smith,Consumer,PR,427 Grand Branch Hill,725.0,4,Apparel,18.26737404,-66.37062836,Europe,Worms,Alemania,2017-07-10,63156,11.7,0.090000004,157881,129.99,0.360000014,1,129.99,118.29,42.94,Western Europe,Renania-Palatinado,Processing,403,Nike Men's CJ Elite 2 TD Football Cleat,129.99,2017-07-12,Standard Class,2017,7,July,3,10,Monday,-2,On Time/Early,2017,July,7,Low Profit,Medium
160367,Transfer,2,4,10.63,39.35,Advance Shipping,0,75,Video Games,Caguas,Puerto Rico,20314,Heather Jennings,Consumer,PR,6734 Grand Leaf Pathway,725.0,9,Discs Shop,18.29040718,-66.03704834,Pacific Asia,Bihar Sharif,India,2018-01-25,76761,0.4,0.01,180076,39.75,0.270000011,1,39.75,39.35,10.63,South Asia,Bihar,Pending,1362,Fighting video games,39.75,2018-01-27,Standard Class,2018,1,January,1,25,Thursday,-2,On Time/Early,2018,January,1,Low Profit,Low
160687,Transfer,2,4,13.86,49.5,Shipping Cancelled,0,24,Women's Apparel,Caguas,Puerto Rico,4425,Robert Gibson,Consumer,PR,7004 Hazy Lake Townline,725.0,5,Golf,18.25473404,-66.37059784,Pacific Asia,Caloocan,Filipinas,2016-01-01,25006,0.5,0.01,62654,50.0,0.280000001,1,50.0,49.5,13.86,Southeast Asia,Capital Nacional,Suspected_Fraud,502,Nike Men's Dri-FIT Victory Golf Polo,50.0,2016-01-03,Standard Class,2016,1,January,1,1,Friday,-2,On Time/Early,2016,January,1,Low Profit,Low
24570,Debit,2,1,76.54,283.48,Late Delivery,1,43,Camping & Hiking,Hayward,EE. UU.,4199,Mary Smith,Corporate,CA,4720 Noble Hills Wynd,94544.0,7,Fan Shop,37.67551041,-122.0496826,Africa,Alexandria,Egipto,2016-12-27,49775,16.5,0.059999999,124426,299.98,0.270000011,1,299.98,283.48,76.54,North Africa,Alejandría,Completed,957,Diamondback Women's Serene Classic Comfort Bi,299.98,2016-12-29,First Class,2016,12,December,4,27,Tuesday,1,Delayed,2016,December,12,Low Profit,Medium
98976,Debit,3,2,4.97,43.98,Late Delivery,1,46,Indoor/Outdoor Games,Caguas,Puerto Rico,2203,Evelyn Davenport,Corporate,PR,9922 Umber Promenade,725.0,7,Fan Shop,18.28977585,-66.37056732,Pacific Asia,Nevsehir,Turquía,2016-09-05,41997,6.0,0.119999997,104840,49.98,0.109999999,1,49.98,43.98,4.97,West Asia,Nevsehir,Completed,1014,O'Brien Men's Neoprene Life Vest,49.98,2016-09-08,Second Class,2016,9,September,3,5,Monday,1,Delayed,2016,September,9,Low Profit,Low
47621,Payment,3,4,18.75,150.0,Advance Shipping,0,24,Women's Apparel,Jamaica,EE. UU.,5803,Rebecca Stewart,Corporate,NY,3225 Dusty Autumn Meadow,11434.0,5,Golf,40.70177841,-73.80841827,Europe,London,Reino Unido,2015-07-14,13352,50.0,0.25,33439,50.0,0.129999995,4,200.0,150.0,18.75,Northern Europe,Inglaterra,Pending_Payment,502,Nike Men's Dri-FIT Victory Golf Polo,50.0,2015-07-17,Standard Class,2015,7,July,3,14,Tuesday,-1,On Time/Early,2015,July,7,Low Profit,Low
122595,Transfer,2,2,-282.73,113.09,Shipping On Time,0,18,Men's Footwear,Caguas,Puerto Rico,5660,Mary Maldonado,Corporate,PR,8984 Dewy Arbor,725.0,4,Apparel,18.26923561,-66.37052155,Latin America,Bezerros,Brasil,2015-05-31,10281,16.9,0.129999995,25735,129.99,-2.5,1,129.99,113.09,-282.73,South America,Pernambuco,Processing,403,Nike Men's CJ Elite 2 TD Football Cleat,129.99,2015-06-02,Second Class,2015,5,May,2,31,Sunday,0,On Time/Early,2015,June,6,Loss,Medium
109399,Payment,2,4,5.1,127.5,Advance Shipping,0,9,Cardio Equipment,Wichita,EE. UU.,2001,Elizabeth Smith,Consumer,KS,4148 Round Parkway,67212.0,3,Footwear,37.61977005,-97.33959961,Pacific Asia,Ahvaz,Irán,2016-10-01,43786,22.5,0.150000006,109353,30.0,0.039999999,5,150.0,127.5,5.1,South Asia,Juzestán,Pending_Payment,172,Nike Women's Tempo Shorts,30.0,2016-10-03,Standard Class,2016,10,October,4,1,Saturday,-2,On Time/Early,2016,October,10,Low Profit,Low
167125,Payment,2,4,26.2,54.59,Advance Shipping,0,17,Cleats,Brooklyn,EE. UU.,1200,Rebecca Parker,Home Office,NY,6818 Middle Zephyr Forest,11238.0,4,Apparel,40.67771912,-73.96311951,Pacific Asia,Surabaya,Indonesia,2015-12-29,24856,5.4,0.090000004,62267,59.99,0.479999989,1,59.99,54.59,26.2,Southeast Asia,Java Oriental,Pending_Payment,365,Perfect Fitness Perfect Rip Deck,59.99,2015-12-31,Standard Class,2015,12,December,4,29,Tuesday,-2,On Time/Early,2015,December,12,Low Profit,Low
59661,Debit,4,4,102.05,377.98,Shipping On Time,0,45,Fishing,Wichita,EE. UU.,7185,Amber Smith,Corporate,KS,4047 Green Stead,67212.0,7,Fan Shop,37.69120026,-97.42577362,Europe,Bordeaux,Francia,2015-07-07,12868,22.0,0.059999999,32173,399.98,0.270000011,1,399.98,377.98,102.05,Western Europe,Aquitania-Lemosín-Poitou-Charentes,Completed,1004,Field & Stream Sportsman 16 Gun Fire Safe,399.98,2015-07-11,Standard Class,2015,7,July,3,7,Tuesday,0,On Time/Early,2015,July,7,Medium Profit,Medium
146596,Debit,5,4,111.99,399.98,Late Delivery,1,45,Fishing,Caguas,Puerto Rico,1826,Matthew Smith,Corporate,PR,3150 Noble Walk,725.0,7,Fan Shop,18.22408104,-66.37049866,Africa,Mbandaka,República Democrática del Congo,2016-11-12,46689,0.0,0.0,116733,399.98,0.280000001,1,399.98,399.98,111.99,Central Africa,Équateur,Completed,1004,Field & Stream Sportsman 16 Gun Fire Safe,399.98,2016-11-17,Standard Class,2016,11,November,4,12,Saturday,1,Delayed,2016,November,11,Medium Profit,Medium
64894,Debit,4,2,45.3,124.79,Late Delivery,1,18,Men's Footwear,Chicago,EE. UU.,2303,Brittany Smith,Consumer,IL,8368 Wishing Mountain,60615.0,4,Apparel,41.79980087,-87.58843994,Pacific Asia,Dubbo,Australia,2016-03-18,30288,5.2,0.039999999,75685,129.99,0.360000014,1,129.99,124.79,45.3,Oceania,Nueva Gales del Sur,Completed,403,Nike Men's CJ Elite 2 TD Football Cleat,129.99,2016-03-22,Second Class,2016,3,March,1,18,Friday,2,Delayed,2016,March,3,Low Profit,Medium
155222,Payment,3,4,48.57,155.16,Advance Shipping,0,29,Shop By Sport,Caguas,Puerto Rico,867,Catherine Smith,Consumer,PR,5032 Crystal Rabbit Private,725.0,5,Golf,18.23534012,-66.05788422,Latin America,Guayaquil,Ecuador,2017-04-07,56657,4.8,0.029999999,141696,39.99,0.310000002,4,159.96,155.16,48.57,South America,Guayas,Payment_Review,627,Under Armour Girls' Toddler Spine Surge Runni,39.99,2017-04-10,Standard Class,2017,4,April,2,7,Friday,-1,On Time/Early,2017,April,4,Low Profit,Low
82110,Debit,5,4,39.33,85.49,Late Delivery,1,12,Boxing & MMA,Los Angeles,EE. UU.,11558,Joyce Camacho,Consumer,CA,5951 Broad Crescent,90066.0,3,Footwear,33.95998383,-118.3873672,Europe,Leeds,Reino Unido,2017-08-22,66094,4.5,0.050000001,165203,89.99,0.460000008,1,89.99,85.49,39.33,Northern Europe,Inglaterra,Completed,251,Brooks Women's Ghost 6 Running Shoe,89.99,2017-08-27,Standard Class,2017,8,August,3,22,Tuesday,1,Delayed,2017,August,8,Low Profit,Low
77655,Transfer,3,2,49.26,175.93,Late Delivery,1,46,Indoor/Outdoor Games,Greensburg,EE. UU.,859,Dorothy Hawkins,Home Office,PA,9460 Hidden Landing,15601.0,7,Fan Shop,40.42652893,-79.84751892,Europe,Recklinghausen,Alemania,2017-08-30,66627,23.99,0.119999997,166542,49.98,0.280000001,4,199.92,175.93,49.26,Western Europe,Renania del Norte-Westfalia,Pending,1014,O'Brien Men's Neoprene Life Vest,49.98,2017-09-02,Second Class,2017,8,August,3,30,Wednesday,1,Delayed,2017,September,9,Low Profit,Low
64524,Debit,4,2,39.54,116.99,Late Delivery,1,18,Men's Footwear,Lompoc,EE. UU.,11095,Mary Smith,Consumer,CA,490 Sleepy Circuit,93436.0,4,Apparel,34.63889694,-120.453064,Latin America,Paço do Lumiar,Brasil,2017-05-11,59003,13.0,0.100000001,147696,129.99,0.340000004,1,129.99,116.99,39.54,South America,Marañón,Completed,403,Nike Men's CJ Elite 2 TD Football Cleat,129.99,2017-05-15,Second Class,2017,5,May,2,11,Thursday,2,Delayed,2017,May,5,Low Profit,Medium
147960,Transfer,2,2,116.19,331.98,Shipping Cancelled,0,45,Fishing,Caguas,Puerto Rico,6878,Betty Smith,Corporate,PR,1656 Gentle Leaf Ledge,725.0,7,Fan Shop,18.2357502,-66.37052918,Usa,Milwaukee,Estados Unidos,2016-08-24,41191,68.0,0.170000002,102816,399.98,0.349999994,1,399.98,331.98,116.19,US Center ,Wisconsin,Cancelled,1004,Field & Stream Sportsman 16 Gun Fire Safe,399.98,2016-08-26,Second Class,2016,8,August,3,24,Wednesday,0,On Time/Early,2016,August,8,Medium Profit,Medium
37041,Payment,3,2,49.14,109.19,Late Delivery,1,18,Men's Footwear,Los Angeles,EE. UU.,4609,Philip Smith,Consumer,CA,3099 Easy Embers Parade,90003.0,4,Apparel,33.96860123,-118.2747421,Pacific Asia,Gold Coast,Australia,2016-03-30,31112,20.8,0.159999996,77744,129.99,0.449999988,1,129.99,109.19,49.14,Oceania,Queensland,Pending_Payment,403,Nike Men's CJ Elite 2 TD Football Cleat,129.99,2016-04-02,Second Class,2016,3,March,1,30,Wednesday,1,Delayed,2016,April,4,Low Profit,Medium
141982,Debit,4,2,43.5,128.69,Late Delivery,1,18,Men's Footwear,Caguas,Puerto Rico,3464,Zachary Smith,Home Office,PR,1510 Silent Inlet,725.0,4,Apparel,18.24515915,-66.37058258,Latin America,Spanish Town,Jamaica,2017-04-21,57653,1.3,0.01,144231,129.99,0.340000004,1,129.99,128.69,43.5,Caribbean,Santa Caterina,Completed,403,Nike Men's CJ Elite 2 TD Football Cleat,129.99,2017-04-25,Second Class,2017,4,April,2,21,Friday,2,Delayed,2017,April,4,Low Profit,Medium
107495,Transfer,4,4,5.25,41.98,Shipping On Time,0,46,Indoor/Outdoor Games,Caguas,Puerto Rico,7831,Mary Smith,Consumer,PR,6439 Quiet Lagoon Parkway,725.0,7,Fan Shop,18.28678513,-66.37063599,Latin America,Avellaneda,Argentina,2017-02-18,53388,8.0,0.159999996,133394,49.98,0.129999995,1,49.98,41.98,5.25,South America,Santa Fe,Processing,1014,O'Brien Men's Neoprene Life Vest,49.98,2017-02-22,Standard Class,2017,2,February,1,18,Saturday,0,On Time/Early,2017,February,2,Low Profit,Low
174647,Cash,4,4,58.2,118.77,Shipping On Time,0,29,Shop By Sport,Caguas,Puerto Rico,2152,Marie Rodriguez,Consumer,PR,8777 Old Arbor,725.0,5,Golf,18.23753929,-66.37059021,Usa,New Rochelle,Estados Unidos,2016-06-04,35643,1.2,0.01,89012,39.99,0.49000001,3,119.97,118.77,58.2,East of USA,Nueva York,Closed,627,Under Armour Girls' Toddler Spine Surge Runni,39.99,2016-06-08,Standard Class,2016,6,June,2,4,Saturday,0,On Time/Early,2016,June,6,Low Profit,Low
50280,Debit,4,4,39.38,447.52,Shipping On Time,0,62,Cameras ,Hilliard,EE. UU.,13346,Ivory Mclean,Corporate,OH,4616 Thunder View Link,43026.0,10,Technology,40.04463959,-83.16507721,Europe,Castrop-Rauxel,Alemania,2017-10-15,69793,4.52,0.01,173108,452.04,0.090000004,1,452.04,447.52,39.38,Western Europe,Renania del Norte-Westfalia,Completed,1349,Web Camera,452.04,2017-10-19,Standard Class,2017,10,October,4,15,Sunday,0,On Time/Early,2017,October,10,Low Profit,Medium
92616,Transfer,2,1,31.2,124.79,Late Delivery,1,18,Men's Footwear,Caguas,Puerto Rico,1023,William Morgan,Corporate,PR,3632 Emerald Robin Glen,725.0,4,Apparel,18.29649925,-66.04867554,Pacific Asia,Shenyang,China,2016-02-18,28326,5.2,0.039999999,70876,129.99,0.25,1,129.99,124.79,31.2,Eastern Asia,Liaoning,Pending,403,Nike Men's CJ Elite 2 TD Football Cleat,129.99,2016-02-20,First Class,2016,2,February,1,18,Thursday,1,Delayed,2016,February,2,Low Profit,Medium
103444,Payment,6,4,1.94,193.99,Late Delivery,1,48,Water Sports,Astoria,EE. UU.,5046,Mary Smith,Consumer,NY,7191 Sunny Loop,11103.0,7,Fan Shop,40.76861954,-73.90949249,Europe,Berlín,Alemania,2015-09-10,17285,6.0,0.029999999,43212,199.99,0.01,1,199.99,193.99,1.94,Western Europe,Berlín,Pending_Payment,1073,Pelican Sunstream 100 Kayak,199.99,2015-09-16,Standard Class,2015,9,September,3,10,Thursday,2,Delayed,2015,September,9,Low Profit,Medium
98988,Debit,6,4,35.06,209.92,Late Delivery,1,46,Indoor/Outdoor Games,Caguas,Puerto Rico,4528,Karen Smith,Consumer,PR,8172 Jagged Pond Vale,725.0,7,Fan Shop,18.28007317,-66.37052918,Usa,London,Canada,2016-09-04,41955,39.98,0.159999996,104728,49.98,0.170000002,5,249.9,209.92,35.06,Canada,Ontario,Completed,1014,O'Brien Men's Neoprene Life Vest,49.98,2016-09-10,Standard Class,2016,9,September,3,4,Sunday,2,Delayed,2016,September,9,Low Profit,Low
141576,Debit,2,1,19.74,174.69,Late Delivery,1,37,Electronics,Caguas,Puerto Rico,2851,Mary Huffman,Home Office,PR,1795 Thunder Ramp,725.0,6,Outdoors,18.2979908,-66.37057495,Europe,Galati,Rumania,2016-12-27,49798,33.27,0.159999996,124492,51.99,0.109999999,4,207.96,174.69,19.74,Eastern Europe,Galati,On_Hold,823,Titleist Pro V1x High Numbers Personalized Go,51.99,2016-12-29,First Class,2016,12,December,4,27,Tuesday,1,Delayed,2016,December,12,Low Profit,Low
150791,Payment,2,1,-149.99,374.96,Late Delivery,1,9,Cardio Equipment,Caguas,Puerto Rico,11513,David Smith,Home Office,PR,9494 Harvest Turnabout,725.0,3,Footwear,18.25243187,-66.37056732,Pacific Asia,Wuzhou,China,2016-03-06,29471,124.99,0.25,73738,99.99,-0.400000006,5,499.95,374.96,-149.99,Eastern Asia,Guangxi,Pending_Payment,191,Nike Men's Free 5.0+ Running Shoe,99.99,2016-03-08,First Class,2016,3,March,1,6,Sunday,1,Delayed,2016,March,3,Loss,Low
154353,Payment,4,4,55.29,115.18,Shipping On Time,0,17,Cleats,Aguadilla,Puerto Rico,11906,Mary Mendoza,Consumer,PR,2264 Silent Freeway,603.0,4,Apparel,18.44935989,-67.15180206,Latin America,Huixquilucan,México,2017-04-10,56918,4.8,0.039999999,142363,59.99,0.479999989,2,119.98,115.18,55.29,Central America,México,Pending_Payment,365,Perfect Fitness Perfect Rip Deck,59.99,2017-04-14,Standard Class,2017,4,April,2,10,Monday,0,On Time/Early,2017,April,4,Low Profit,Low
152487,Debit,4,2,-282.09,363.98,Late Delivery,1,45,Fishing,Irving,EE. UU.,6143,Deborah Barber,Consumer,TX,593 Silent Dale Pointe,75061.0,7,Fan Shop,32.82715988,-97.00611877,Usa,Chicago,Estados Unidos,2016-05-20,34628,36.0,0.090000004,86482,399.98,-0.779999971,1,399.98,363.98,-282.09,US Center ,Illinois,Completed,1004,Field & Stream Sportsman 16 Gun Fire Safe,399.98,2016-05-24,Second Class,2016,5,May,2,20,Friday,2,Delayed,2016,May,5,Loss,Medium
144636,Transfer,4,2,63.33,175.93,Late Delivery,1,46,Indoor/Outdoor Games,New York,EE. UU.,827,Tyler Smith,Consumer,NY,5505 Grand Cloud Farm,10031.0,7,Fan Shop,40.79077148,-74.00852203,Europe,Hagen,Alemania,2015-07-15,13368,23.99,0.119999997,33489,49.98,0.360000014,4,199.92,175.93,63.33,Western Europe,Renania del Norte-Westfalia,Processing,1014,O'Brien Men's Neoprene Life Vest,49.98,2015-07-19,Second Class,2015,7,July,3,15,Wednesday,2,Delayed,2015,July,7,Low Profit,Low
107430,Payment,6,4,5.25,41.98,Late Delivery,1,46,Indoor/Outdoor Games,Marietta,EE. UU.,10758,Steven Hardin,Home Office,GA,7988 High Jetty,30067.0,7,Fan Shop,34.0723114,-84.30237579,Latin America,Puerto Montt,Chile,2017-02-21,53600,8.0,0.159999996,133973,49.98,0.129999995,1,49.98,41.98,5.25,South America,Los Lagos,Pending_Payment,1014,O'Brien Men's Neoprene Life Vest,49.98,2017-02-27,Standard Class,2017,2,February,1,21,Tuesday,2,Delayed,2017,February,2,Low Profit,Low
97548,Debit,5,2,10.51,92.99,Late Delivery,1,9,Cardio Equipment,Hanover,EE. UU.,6108,Emma Smith,Home Office,PA,3722 Red Hickory Path,17331.0,3,Footwear,39.72228622,-76.91753388,Latin America,Les Abymes,Guadalupe,2017-02-24,53834,7.0,0.07,134583,99.99,0.109999999,1,99.99,92.99,10.51,Caribbean,Guadalupe,Completed,191,Nike Men's Free 5.0+ Running Shoe,99.99,2017-03-01,Second Class,2017,2,February,1,24,Friday,3,Delayed,2017,March,3,Low Profit,Low
125029,Payment,1,0,66.29,254.97,Late Delivery,1,9,Cardio Equipment,Caguas,Puerto Rico,12345,Phillip Hancock,Consumer,PR,3323 Old Willow Mall ,725.0,3,Footwear,18.24866104,-66.3706131,Pacific Asia,Suzhou,China,2015-11-09,21437,45.0,0.150000006,53631,99.99,0.25999999,3,299.97,254.97,66.29,Eastern Asia,Gansu,Pending_Payment,191,Nike Men's Free 5.0+ Running Shoe,99.99,2015-11-10,Same Day,2015,11,November,4,9,Monday,1,Delayed,2015,November,11,Low Profit,Low
92913,Transfer,2,1,171.06,363.96,Late Delivery,1,9,Cardio Equipment,Caguas,Puerto Rico,5688,Robert Smith,Corporate,PR,586 Golden Hickory Valley,725.0,3,Footwear,18.21355248,-66.37058258,Europe,London,Reino Unido,2015-07-29,14380,36.0,0.090000004,35990,99.99,0.469999999,4,399.96,363.96,171.06,Northern Europe,Inglaterra,Processing,191,Nike Men's Free 5.0+ Running Shoe,99.99,2015-07-31,First Class,2015,7,July,3,29,Wednesday,1,Delayed,2015,July,7,Medium Profit,Low
148741,Debit,5,4,5.15,128.69,Late Delivery,1,18,Men's Footwear,Caguas,Puerto Rico,1934,Christina James,Home Office,PR,6728 Wishing Parkway,725.0,4,Apparel,18.24614906,-66.37051392,Latin America,Pelotas,Brasil,2015-02-24,3719,1.3,0.01,9249,129.99,0.039999999,1,129.99,128.69,5.15,South America,Rio Grande do Sul,Completed,403,Nike Men's CJ Elite 2 TD Football Cleat,129.99,2015-03-01,Standard Class,2015,2,February,1,24,Tuesday,1,Delayed,2015,March,3,Low Profit,Medium
172626,Cash,2,1,65.84,134.37,Late Delivery,1,29,Shop By Sport,Caguas,Puerto Rico,6750,Alan Smith,Consumer,PR,454 Cozy Bluff Hill,725.0,5,Golf,18.24964714,-66.37058258,Latin America,San Pedro Sula,Honduras,2017-05-28,60188,25.59,0.159999996,150599,39.99,0.49000001,4,159.96,134.37,65.84,Central America,Cortés,Closed,627,Under Armour Girls' Toddler Spine Surge Runni,39.99,2017-05-30,First Class,2017,5,May,2,28,Sunday,1,Delayed,2017,May,5,Low Profit,Low
135433,Transfer,2,4,24.8,80.0,Advance Shipping,0,24,Women's Apparel,Bridgeton,EE. UU.,1496,Frank Davis,Consumer,NJ,4402 Burning Timber Ridge,8302.0,5,Golf,39.44585037,-75.22688294,Latin America,Chetumal,México,2017-05-14,59206,20.0,0.200000003,148194,50.0,0.310000002,2,100.0,80.0,24.8,Central America,Quintana Roo,Pending,502,Nike Men's Dri-FIT Victory Golf Polo,50.0,2017-05-16,Standard Class,2017,5,May,2,14,Sunday,-2,On Time/Early,2017,May,5,Low Profit,Low
97241,Debit,1,0,22.17,79.18,Late Delivery,1,29,Shop By Sport,Algonquin,EE. UU.,2744,Amanda Fitzgerald,Home Office,IL,4114 Indian Thicket,60102.0,5,Golf,42.17570114,-88.36767578,Europe,Piotrkow Trybunalski,Polonia,2016-12-12,48772,0.8,0.01,121977,39.99,0.280000001,2,79.98,79.18,22.17,Eastern Europe,Lodz,On_Hold,627,Under Armour Girls' Toddler Spine Surge Runni,39.99,2016-12-13,Same Day,2016,12,December,4,12,Monday,1,Delayed,2016,December,12,Low Profit,Low
150478,Debit,3,4,-44.0,220.0,Advance Shipping,0,24,Women's Apparel,Caguas,Puerto Rico,10863,Kimberly Holmes,Home Office,PR,1293 Pleasant Bank,725.0,5,Golf,18.25967407,-66.37052918,Usa,New York City,Estados Unidos,2016-04-23,32787,30.0,0.119999997,82018,50.0,-0.200000003,5,250.0,220.0,-44.0,East of USA,Nueva York,Completed,502,Nike Men's Dri-FIT Victory Golf Polo,50.0,2016-04-26,Standard Class,2016,4,April,2,23,Saturday,-1,On Time/Early,2016,April,4,Loss,Low
157763,Transfer,2,2,57.96,118.29,Shipping On Time,0,18,Men's Footwear,Caguas,Puerto Rico,6529,Aaron Smith,Consumer,PR,9439 Sleepy Pony Concession,725.0,4,Apparel,18.23189735,-66.3706131,Latin America,Soyapango,El Salvador,2015-03-29,5966,11.7,0.090000004,14856,129.99,0.49000001,1,129.99,118.29,57.96,Central America,San Salvador,Pending,403,Nike Men's CJ Elite 2 TD Football Cleat,129.99,2015-03-31,Second Class,2015,3,March,1,29,Sunday,0,On Time/Early,2015,March,3,Low Profit,Medium
25215,Debit,2,1,-53.93,34.79,Late Delivery,1,29,Shop By Sport,Brooklyn,EE. UU.,11405,Mary Smith,Corporate,NY,1325 Noble Pike,11218.0,5,Golf,40.64086914,-73.94238281,Usa,Los Angeles,Estados Unidos,2016-07-03,37634,5.2,0.129999995,93922,39.99,-1.549999952,1,39.99,34.79,-53.93,West of USA ,California,Completed,627,Under Armour Girls' Toddler Spine Surge Runni,39.99,2016-07-05,First Class,2016,7,July,3,3,Sunday,1,Delayed,2016,July,7,Loss,Low
122032,Transfer,2,1,12.3,98.37,Shipping Cancelled,0,44,Hunting & Shooting,Caguas,Puerto Rico,7527,Pamela Smith,Corporate,PR,9100 Golden Panda Key,725.0,7,Fan Shop,18.2885437,-66.37052155,Usa,Camarillo,Estados Unidos,2016-07-18,38702,21.59,0.180000007,96632,29.99,0.129999995,4,119.96,98.37,12.3,West of USA ,California,Suspected_Fraud,977,ENO Atlas Hammock Straps,29.99,2016-07-20,First Class,2016,7,July,3,18,Monday,1,Delayed,2016,July,7,Low Profit,Low
54894,Payment,5,4,71.87,197.99,Late Delivery,1,48,Water Sports,Caguas,Puerto Rico,3670,Anna Smith,Corporate,PR,8172 Jagged Pond Vale,725.0,7,Fan Shop,18.29984665,-66.37060547,Latin America,San Lorenzo,Paraguay,2017-05-14,59199,2.0,0.01,148166,199.99,0.360000014,1,199.99,197.99,71.87,South America,Central,Pending_Payment,1073,Pelican Sunstream 100 Kayak,199.99,2017-05-19,Standard Class,2017,5,May,2,14,Sunday,1,Delayed,2017,May,5,Low Profit,Medium
98586,Debit,2,4,4.25,56.69,Advance Shipping,0,17,Cleats,Watsonville,EE. UU.,11147,Mary Smith,Home Office,CA,46 Heather Nook,95076.0,4,Apparel,37.05044556,-121.7598801,Europe,Chelles,Francia,2015-10-07,19151,3.3,0.059999999,47863,59.99,0.079999998,1,59.99,56.69,4.25,Western Europe,Isla de Francia,Completed,365,Perfect Fitness Perfect Rip Deck,59.99,2015-10-09,Standard Class,2015,10,October,4,7,Wednesday,-2,On Time/Early,2015,October,10,Low Profit,Low
145907,Debit,2,1,125.99,335.98,Late Delivery,1,45,Fishing,Fort Lauderdale,EE. UU.,1788,Timothy Smith,Consumer,FL,7516 Hidden Valley,33324.0,7,Fan Shop,26.0984993,-80.27095032,Africa,Ugep,Nigeria,2016-12-22,49413,64.0,0.159999996,123513,399.98,0.379999995,1,399.98,335.98,125.99,West Africa,Cross River,Completed,1004,Field & Stream Sportsman 16 Gun Fire Safe,399.98,2016-12-24,First Class,2016,12,December,4,22,Thursday,1,Delayed,2016,December,12,Medium Profit,Medium
170211,Transfer,6,4,53.76,114.39,Late Delivery,1,18,Men's Footwear,Philadelphia,EE. UU.,11013,Andrew Nguyen,Home Office,PA,2863 Crystal Barn End,19139.0,4,Apparel,39.95856094,-75.21888733,Europe,Bayeux,Francia,2017-07-24,64105,15.6,0.119999997,160278,129.99,0.469999999,1,129.99,114.39,53.76,Western Europe,Normandía,Processing,403,Nike Men's CJ Elite 2 TD Football Cleat,129.99,2017-07-30,Standard Class,2017,7,July,3,24,Monday,2,Delayed,2017,July,7,Low Profit,Medium
168249,Payment,2,4,134.86,414.96,Advance Shipping,0,9,Cardio Equipment,Fairfield,EE. UU.,1433,Mary Turner,Home Office,CA,9612 Cozy Line,94533.0,3,Footwear,38.25131607,-122.0456543,Latin America,São Miguel dos Campos,Brasil,2015-05-29,10156,84.99,0.170000002,25374,99.99,0.330000013,5,499.95,414.96,134.86,South America,Alagoas,Pending_Payment,191,Nike Men's Free 5.0+ Running Shoe,99.99,2015-05-31,Standard Class,2015,5,May,2,29,Friday,-2,On Time/Early,2015,May,5,Medium Profit,Low
114180,Transfer,5,4,61.48,163.93,Late Delivery,1,46,Indoor/Outdoor Games,Washington,EE. UU.,5814,Debra Smith,Corporate,DC,9551 Blue Pond Downs,20020.0,7,Fan Shop,38.96872711,-76.84075928,Latin America,Panama City,Panamá,2015-02-07,2599,35.99,0.180000007,6516,49.98,0.379999995,4,199.92,163.93,61.48,Central America,Panamá,Pending,1014,O'Brien Men's Neoprene Life Vest,49.98,2015-02-12,Standard Class,2015,2,February,1,7,Saturday,1,Delayed,2015,February,2,Low Profit,Low
2785,Debit,2,2,0.87,87.12,Shipping On Time,0,7,Hockey,Fort Washington,EE. UU.,6766,Mary Smith,Consumer,MD,6179 Silent View Trail,20744.0,2,Fitness,38.74266434,-76.9917984,Europe,Toulouse,Francia,2015-08-25,16221,0.88,0.01,40497,22.0,0.01,4,88.0,87.12,0.87,Western Europe,Languedoc-Rosellón-Mediodía-Pirineos,Completed,135,Nike Dri-FIT Crew Sock 6 Pack,22.0,2015-08-27,Second Class,2015,8,August,3,25,Tuesday,0,On Time/Early,2015,August,8,Low Profit,Low
68252,Debit,5,4,126.09,484.95,Late Delivery,1,9,Cardio Equipment,Caguas,Puerto Rico,10608,Ralph Kidd,Corporate,PR,5767 Gentle Mews,725.0,3,Footwear,18.27859879,-66.37058258,Latin America,Cagua,Venezuela,2015-02-11,2874,15.0,0.029999999,7200,99.99,0.25999999,5,499.95,484.95,126.09,South America,Aragua,Completed,191,Nike Men's Free 5.0+ Running Shoe,99.99,2015-02-16,Standard Class,2015,2,February,1,11,Wednesday,1,Delayed,2015,February,2,Medium Profit,Low
12125,Debit,4,2,179.67,494.95,Late Delivery,1,9,Cardio Equipment,Caguas,Puerto Rico,660,Shirley Baker,Consumer,PR,7312 Wishing Forest Highway,725.0,3,Footwear,18.2256279,-66.04746246,Africa,Johannesburg,SudAfrica,2016-11-23,47458,5.0,0.01,118634,99.99,0.360000014,5,499.95,494.95,179.67,Southern Africa,Gauteng,Completed,191,Nike Men's Free 5.0+ Running Shoe,99.99,2016-11-27,Second Class,2016,11,November,4,23,Wednesday,2,Delayed,2016,November,11,Medium Profit,Low
114720,Payment,5,4,51.31,163.93,Late Delivery,1,46,Indoor/Outdoor Games,Caguas,Puerto Rico,9270,Mary Moses,Home Office,PR,5393 Silent Landing,725.0,7,Fan Shop,18.22278404,-66.37059021,Latin America,Mexico City,México,2015-01-11,749,35.99,0.180000007,1843,49.98,0.310000002,4,199.92,163.93,51.31,Central America,Distrito Federal,Pending_Payment,1014,O'Brien Men's Neoprene Life Vest,49.98,2015-01-16,Standard Class,2015,1,January,1,11,Sunday,1,Delayed,2015,January,1,Low Profit,Low
151115,Transfer,4,4,-575.97,383.98,Shipping Cancelled,0,45,Fishing,Caguas,Puerto Rico,7635,Mary Bridges,Consumer,PR,3611 Crystal Pony Park,725.0,7,Fan Shop,18.26856232,-66.37062073,Usa,San Francisco,Estados Unidos,2016-08-08,40138,16.0,0.039999999,100153,399.98,-1.5,1,399.98,383.98,-575.97,West of USA ,California,Cancelled,1004,Field & Stream Sportsman 16 Gun Fire Safe,399.98,2016-08-12,Standard Class,2016,8,August,3,8,Monday,0,On Time/Early,2016,August,8,Loss,Medium
73600,Debit,0,0,-260.99,173.99,Shipping On Time,0,48,Water Sports,New Orleans,EE. UU.,2476,Gerald Smith,Consumer,LA,9375 Honey Gate,70117.0,7,Fan Shop,29.96774292,-90.03494263,Africa,Mombasa,Kenia,2016-11-20,47224,26.0,0.129999995,118040,199.99,-1.5,1,199.99,173.99,-260.99,East Africa,Costa,Completed,1073,Pelican Sunstream 100 Kayak,199.99,2016-11-20,Same Day,2016,11,November,4,20,Sunday,0,On Time/Early,2016,November,11,Loss,Medium
175636,Debit,2,1,82.62,187.76,Late Delivery,1,76,Women's Clothing,Caguas,Puerto Rico,20453,Orli Hardin,Consumer,PR,4645 Colonial Hickory Grounds,725.0,4,Apparel,18.29574776,-66.0370636,Pacific Asia,Cainta,Filipinas,2018-01-27,76900,28.06,0.129999995,180215,215.82,0.439999998,1,215.82,187.76,82.62,Southeast Asia,Calabarzón,Completed,1363,Summer dresses,215.82,2018-01-29,First Class,2018,1,January,1,27,Saturday,1,Delayed,2018,January,1,Low Profit,Medium
30255,Transfer,5,4,36.62,116.99,Late Delivery,1,18,Men's Footwear,Caguas,Puerto Rico,11776,Mary Smith,Home Office,PR,7962 Thunder Zephyr Bend,725.0,4,Apparel,18.2077198,-66.37060547,Latin America,Montevideo,Uruguay,2015-01-07,414,13.0,0.100000001,1028,129.99,0.310000002,1,129.99,116.99,36.62,South America,Montevideo,Pending,403,Nike Men's CJ Elite 2 TD Football Cleat,129.99,2015-01-12,Standard Class,2015,1,January,1,7,Wednesday,1,Delayed,2015,January,1,Low Profit,Medium
157139,Transfer,1,0,22.41,49.79,Late Delivery,1,3,Baseball & Softball,Caguas,Puerto Rico,4063,Mary Robinson,Consumer,PR,5553 Cinder Harbour,725.0,2,Fitness,18.28277206,-66.37052918,Europe,Reims,Francia,2015-10-13,19579,10.2,0.170000002,48946,59.99,0.449999988,1,59.99,49.79,22.41,Western Europe,Alsacia-Champaña-Ardenas-Lorena,Pending,44,adidas Men's F10 Messi TRX FG Soccer Cleat,59.99,2015-10-14,Same Day,2015,10,October,4,13,Tuesday,1,Delayed,2015,October,10,Low Profit,Low
155350,Payment,4,4,-197.89,237.56,Shipping On Time,0,17,Cleats,Caguas,Puerto Rico,8401,Grace Smith,Consumer,PR,5292 Misty Goose Street,725.0,4,Apparel,18.28842545,-66.37063599,Pacific Asia,Estambul,Turquía,2016-11-08,46403,2.4,0.01,116019,59.99,-0.829999983,4,239.96,237.56,-197.89,West Asia,Estambul,Payment_Review,365,Perfect Fitness Perfect Rip Deck,59.99,2016-11-12,Standard Class,2016,11,November,4,8,Tuesday,0,On Time/Early,2016,November,11,Loss,Low
137302,Debit,5,4,-58.4,371.98,Late Delivery,1,45,Fishing,Orlando,EE. UU.,4575,Ashley Whitaker,Home Office,FL,8399 Hidden Goose By-pass,32825.0,7,Fan Shop,28.55625916,-81.27587128,Latin America,Sancti Spíritus,Cuba,2017-06-06,60769,28.0,0.07,152073,399.98,-0.159999996,1,399.98,371.98,-58.4,Caribbean,Sancti Spíritus,Completed,1004,Field & Stream Sportsman 16 Gun Fire Safe,399.98,2017-06-11,Standard Class,2017,6,June,2,6,Tuesday,1,Delayed,2017,June,6,Loss,Medium
97703,Debit,4,2,44.59,127.39,Late Delivery,1,18,Men's Footwear,Toms River,EE. UU.,2877,Mary Ramirez,Home Office,NJ,2805 Silver Glade,8753.0,4,Apparel,39.95728302,-74.19393158,Pacific Asia,Raipur,India,2016-02-19,28388,2.6,0.02,71037,129.99,0.349999994,1,129.99,127.39,44.59,South Asia,Uttarakhand,Completed,403,Nike Men's CJ Elite 2 TD Football Cleat,129.99,2016-02-23,Second Class,2016,2,February,1,19,Friday,2,Delayed,2016,February,2,Low Profit,Medium
177333,Transfer,4,4,-83.52,130.5,Shipping On Time,0,24,Women's Apparel,Opa Locka,EE. UU.,142,Heather Smith,Consumer,FL,814 Jagged Cape,33055.0,5,Golf,25.89972687,-80.25153351,Pacific Asia,Mumbai,India,2016-02-11,27858,19.5,0.129999995,69739,50.0,-0.639999986,3,150.0,130.5,-83.52,South Asia,Maharashtra,Pending,502,Nike Men's Dri-FIT Victory Golf Polo,50.0,2016-02-15,Standard Class,2016,2,February,1,11,Thursday,0,On Time/Early,2016,February,2,Loss,Low
115905,Debit,6,4,185.21,377.98,Late Delivery,1,45,Fishing,Bakersfield,EE. UU.,11212,Thomas Smith,Consumer,CA,2409 Misty Acres,93304.0,7,Fan Shop,35.36254501,-119.0186996,Europe,Gera,Alemania,2017-08-09,65190,22.0,0.059999999,162922,399.98,0.49000001,1,399.98,377.98,185.21,Western Europe,Turingia,Completed,1004,Field & Stream Sportsman 16 Gun Fire Safe,399.98,2017-08-15,Standard Class,2017,8,August,3,9,Wednesday,2,Delayed,2017,August,8,Medium Profit,Medium
2379,Transfer,2,4,16.13,57.6,Shipping Cancelled,0,9,Cardio Equipment,Aurora,EE. UU.,5614,Carolyn Adams,Corporate,IL,6460 Amber Dell,60506.0,3,Footwear,39.70932007,-104.8145828,Pacific Asia,Bandar Abbas,Irán,2016-10-03,43971,2.4,0.039999999,109829,30.0,0.280000001,2,60.0,57.6,16.13,South Asia,Hormozgán,Suspected_Fraud,172,Nike Women's Tempo Shorts,30.0,2016-10-05,Standard Class,2016,10,October,4,3,Monday,-2,On Time/Early,2016,October,10,Low Profit,Low
96790,Debit,2,1,71.99,143.98,Late Delivery,1,17,Cleats,Brighton,EE. UU.,8267,Jennifer Smith,Home Office,MA,4806 Sleepy Pike,2135.0,4,Apparel,32.74827194,-117.2449112,Europe,Champigny-sur-Marne,Francia,2015-09-09,17260,35.99,0.200000003,43165,59.99,0.5,3,179.97,143.98,71.99,Western Europe,Isla de Francia,Completed,365,Perfect Fitness Perfect Rip Deck,59.99,2015-09-11,First Class,2015,9,September,3,9,Wednesday,1,Delayed,2015,September,9,Low Profit,Low
125715,Payment,5,2,12.61,111.58,Late Delivery,1,17,Cleats,Caguas,Puerto Rico,9905,Mary Ramsey,Consumer,PR,3422 Jagged Willow Way,725.0,4,Apparel,18.23766708,-66.3705368,Africa,Benguela,Angola,2016-09-15,42744,8.4,0.07,106688,59.99,0.109999999,2,119.98,111.58,12.61,Central Africa,Benguela,Pending_Payment,365,Perfect Fitness Perfect Rip Deck,59.99,2016-09-20,Second Class,2016,9,September,3,15,Thursday,3,Delayed,2016,September,9,Low Profit,Low
2393,Transfer,2,4,61.34,195.98,Advance Shipping,0,9,Cardio Equipment,Brooklyn,EE. UU.,7707,Anna Smith,Corporate,NY,5721 Iron Willow Hollow,11216.0,3,Footwear,40.67913818,-73.94405365,Usa,San Francisco,Estados Unidos,2016-04-26,33006,4.0,0.02,82537,99.99,0.310000002,2,199.98,195.98,61.34,West of USA ,California,Pending,191,Nike Men's Free 5.0+ Running Shoe,99.99,2016-04-28,Standard Class,2016,4,April,2,26,Tuesday,-2,On Time/Early,2016,April,4,Low Profit,Low
161840,Transfer,6,4,42.6,161.97,Late Delivery,1,17,Cleats,Caguas,Puerto Rico,849,Sandra Barker,Consumer,PR,9611 Lost Parade,725.0,4,Apparel,25.85214233,-97.53455353,Pacific Asia,Zanyán,Irán,2016-11-26,47650,18.0,0.100000001,119138,59.99,0.25999999,3,179.97,161.97,42.6,South Asia,Zanyán,Pending,365,Perfect Fitness Perfect Rip Deck,59.99,2016-12-02,Standard Class,2016,11,November,4,26,Saturday,2,Delayed,2016,December,12,Low Profit,Low
10334,Transfer,5,4,67.6,200.0,Shipping Cancelled,0,24,Women's Apparel,Broomfield,EE. UU.,783,Cheryl Kent,Corporate,CO,2299 Merry Bear Vista,80020.0,5,Golf,39.93554306,-105.0457459,Africa,Kano,Nigeria,2016-10-02,43874,50.0,0.200000003,109577,50.0,0.340000004,5,250.0,200.0,67.6,West Africa,Kano,Suspected_Fraud,502,Nike Men's Dri-FIT Victory Golf Polo,50.0,2016-10-07,Standard Class,2016,10,October,4,2,Sunday,1,Delayed,2016,October,10,Low Profit,Low
3896,Cash,1,0,98.28,363.98,Late Delivery,1,45,Fishing,Caguas,Puerto Rico,7731,Kenneth Dominguez,Corporate,PR,223 Round Hollow,725.0,7,Fan Shop,18.25471306,-66.37059784,Europe,Gothenburg,Suecia,2015-08-12,15343,36.0,0.090000004,38369,399.98,0.270000011,1,399.98,363.98,98.28,Northern Europe,Västra Götaland,Closed,1004,Field & Stream Sportsman 16 Gun Fire Safe,399.98,2015-08-13,Same Day,2015,8,August,3,12,Wednesday,1,Delayed,2015,August,8,Low Profit,Medium
40383,Debit,3,4,68.38,202.3,Advance Shipping,0,65,Consumer Electronics,Caguas,Puerto Rico,14650,Carla Guzman,Corporate,PR,6567 Red Sky Gate,725.0,10,Technology,18.20376015,-66.03705597,Europe,London,Reino Unido,2017-11-03,71097,50.58,0.200000003,174412,252.88,0.340000004,1,252.88,202.3,68.38,Northern Europe,Inglaterra,Completed,1352,Industrial consumer electronics,252.88,2017-11-06,Standard Class,2017,11,November,4,3,Friday,-1,On Time/Early,2017,November,11,Low Profit,Medium
71648,Transfer,1,0,160.7,391.96,Late Delivery,1,9,Cardio Equipment,Fort Lauderdale,EE. UU.,405,Kathleen Smith,Corporate,FL,7349 Silent Isle,33313.0,3,Footwear,25.72820282,-80.25786591,Latin America,San José de las Lajas,Cuba,2017-02-23,53773,8.0,0.02,134432,99.99,0.409999996,4,399.96,391.96,160.7,Caribbean,Mayabeque,Processing,191,Nike Men's Free 5.0+ Running Shoe,99.99,2017-02-24,Same Day,2017,2,February,1,23,Thursday,1,Delayed,2017,February,2,Medium Profit,Low
56486,Debit,2,1,78.02,165.99,Late Delivery,1,48,Water Sports,Caguas,Puerto Rico,9177,Mary Nelson,Consumer,PR,1509 Burning Spring Vista,725.0,7,Fan Shop,18.22169304,-66.37058258,Latin America,Punta Arenas,Chile,2017-02-03,52351,34.0,0.170000002,130823,199.99,0.469999999,1,199.99,165.99,78.02,South America,Magallanes y Antártica Chilena,Completed,1073,Pelican Sunstream 100 Kayak,199.99,2017-02-05,First Class,2017,2,February,1,3,Friday,1,Delayed,2017,February,2,Low Profit,Medium
119005,Transfer,6,2,15.02,48.0,Shipping Cancelled,0,26,Girls' Apparel,New Orleans,EE. UU.,1542,Lori Mccarthy,Consumer,LA,7017 Clear Bay,70117.0,5,Golf,29.96774292,-90.03494263,Latin America,Tijuana,México,2015-02-12,2915,12.0,0.200000003,7282,30.0,0.310000002,2,60.0,48.0,15.02,Central America,Baja California,Cancelled,564,Nike Men's Deutschland Weltmeister Winners Bl,30.0,2015-02-18,Second Class,2015,2,February,1,12,Thursday,4,Delayed,2015,February,2,Low Profit,Low
106194,Payment,5,4,43.98,99.96,Late Delivery,1,46,Indoor/Outdoor Games,Merced,EE. UU.,1034,Mary Smith,Consumer,CA,8355 Lazy Anchor Pines,95340.0,7,Fan Shop,37.41038895,-120.7961731,Latin America,Tupã,Brasil,2017-04-24,57884,0.0,0.0,144826,49.98,0.439999998,2,99.96,99.96,43.98,South America,São Paulo,Pending_Payment,1014,O'Brien Men's Neoprene Life Vest,49.98,2017-04-29,Standard Class,2017,4,April,2,24,Monday,1,Delayed,2017,April,4,Low Profit,Low
17749,Cash,2,1,-224.96,299.95,Late Delivery,1,17,Cleats,Chicago,EE. UU.,7109,Mary Torres,Corporate,IL,8344 Dewy Fawn Farms,60625.0,4,Apparel,41.74334717,-87.57434082,Europe,Langen,Alemania,2015-10-14,19652,0.0,0.0,49130,59.99,-0.75,5,299.95,299.95,-224.96,Western Europe,Baja Sajonia,Closed,365,Perfect Fitness Perfect Rip Deck,59.99,2015-10-16,First Class,2015,10,October,4,14,Wednesday,1,Delayed,2015,October,10,Loss,Low
5866,Cash,2,1,94.08,335.98,Late Delivery,1,45,Fishing,Chicago,EE. UU.,10145,Mary Lester,Consumer,IL,5630 Tawny Circuit,60644.0,7,Fan Shop,41.89487457,-87.76678467,Europe,Langen,Alemania,2015-06-15,11369,64.0,0.159999996,28433,399.98,0.280000001,1,399.98,335.98,94.08,Western Europe,Hesse,Closed,1004,Field & Stream Sportsman 16 Gun Fire Safe,399.98,2015-06-17,First Class,2015,6,June,2,15,Monday,1,Delayed,2015,June,6,Low Profit,Medium
49244,Debit,4,2,-25.51,113.38,Late Delivery,1,17,Cleats,Apex,EE. UU.,2562,Mary Anderson,Corporate,NC,8259 Colonial Heights,27502.0,4,Apparel,35.73103714,-78.85575104,Europe,Palaiseau,Francia,2017-07-18,63648,6.6,0.059999999,159097,59.99,-0.230000004,2,119.98,113.38,-25.51,Western Europe,Isla de Francia,On_Hold,365,Perfect Fitness Perfect Rip Deck,59.99,2017-07-22,Second Class,2017,7,July,3,18,Tuesday,2,Delayed,2017,July,7,Loss,Low
18693,Payment,2,1,93.89,299.98,Late Delivery,1,43,Camping & Hiking,Honolulu,EE. UU.,4303,Mary Smith,Consumer,HI,7136 Cozy Bear Mountain,96818.0,7,Fan Shop,21.343153,-157.906601,Latin America,Petapa,Guatemala,2015-01-30,2018,0.0,0.0,5058,299.98,0.310000002,1,299.98,299.98,93.89,Central America,Guatemala,Pending_Payment,957,Diamondback Women's Serene Classic Comfort Bi,299.98,2015-02-01,First Class,2015,1,January,1,30,Friday,1,Delayed,2015,February,2,Low Profit,Medium
106623,Payment,5,2,71.75,247.4,Late Delivery,1,46,Indoor/Outdoor Games,Caguas,Puerto Rico,8320,James Smith,Consumer,PR,6940 Lost Butterfly Crossing,725.0,7,Fan Shop,18.26099014,-66.37050629,Latin America,Santiago de los Caballeros,República Dominicana,2017-04-03,56409,2.5,0.01,141097,49.98,0.289999992,5,249.9,247.4,71.75,Caribbean,Santiago de Chile,Pending_Payment,1014,O'Brien Men's Neoprene Life Vest,49.98,2017-04-08,Second Class,2017,4,April,2,3,Monday,3,Delayed,2017,April,4,Low Profit,Low
4848,Transfer,4,4,64.06,363.96,Shipping On Time,0,9,Cardio Equipment,Los Angeles,EE. UU.,4460,Mary Smith,Consumer,CA,3200 Amber Bend,90027.0,3,Footwear,34.12594605,-118.2910156,Latin America,Tegucigalpa,Honduras,2017-04-25,57888,36.0,0.090000004,144840,99.99,0.180000007,4,399.96,363.96,64.06,Central America,Francisco Morazán,Processing,191,Nike Men's Free 5.0+ Running Shoe,99.99,2017-04-29,Standard Class,2017,4,April,2,25,Tuesday,0,On Time/Early,2017,April,4,Low Profit,Low
159979,Transfer,2,4,12.19,97.49,Advance Shipping,0,18,Men's Footwear,Caguas,Puerto Rico,7693,Mary Walsh,Consumer,PR,4074 Burning River Corners,725.0,4,Apparel,18.24526024,-66.37051392,Latin America,Villa Nueva,Guatemala,2015-02-02,2201,32.5,0.25,5521,129.99,0.129999995,1,129.99,97.49,12.19,Central America,Guatemala,Processing,403,Nike Men's CJ Elite 2 TD Football Cleat,129.99,2015-02-04,Standard Class,2015,2,February,1,2,Monday,-2,On Time/Early,2015,February,2,Low Profit,Medium
141093,Cash,6,4,-145.5,242.5,Late Delivery,1,24,Women's Apparel,Caguas,Puerto Rico,4633,Mary Smith,Home Office,PR,9768 Indian Lake Pathway,725.0,5,Golf,18.2732029,-66.37055969,Usa,Seattle,Estados Unidos,2016-04-25,32940,7.5,0.029999999,82401,50.0,-0.600000024,5,250.0,242.5,-145.5,West of USA ,Washington,Closed,502,Nike Men's Dri-FIT Victory Golf Polo,50.0,2016-05-01,Standard Class,2016,4,April,2,25,Monday,2,Delayed,2016,May,5,Loss,Low
86444,Transfer,3,4,58.0,126.09,Advance Shipping,0,18,Men's Footwear,La Habra,EE. UU.,3699,Charles Walker,Corporate,CA,5163 Velvet Private,90631.0,4,Apparel,33.92438507,-117.9593506,Pacific Asia,Kupang,Indonesia,2016-03-05,29442,3.9,0.029999999,73656,129.99,0.460000008,1,129.99,126.09,58.0,Southeast Asia,Nusa Tenggara Oriental,Processing,403,Nike Men's CJ Elite 2 TD Football Cleat,129.99,2016-03-08,Standard Class,2016,3,March,1,5,Saturday,-1,On Time/Early,2016,March,3,Low Profit,Medium
73680,Debit,2,1,41.58,197.99,Late Delivery,1,48,Water Sports,North Las Vegas,EE. UU.,907,Samantha Kline,Corporate,NV,6396 Blue Gate Parkway,89030.0,7,Fan Shop,36.22515869,-115.1951828,Africa,Jartum,Sudán,2016-11-15,46874,2.0,0.01,117188,199.99,0.209999993,1,199.99,197.99,41.58,North Africa,Jartum,Completed,1073,Pelican Sunstream 100 Kayak,199.99,2016-11-17,First Class,2016,11,November,4,15,Tuesday,1,Delayed,2016,November,11,Low Profit,Medium
98036,Debit,3,2,-119.99,299.97,Late Delivery,1,9,Cardio Equipment,Lake Forest,EE. UU.,5557,Ann Smith,Home Office,CA,2792 Stony Range,92630.0,3,Footwear,39.18449783,-120.1139069,Europe,Cavaillon,Francia,2015-08-23,16062,0.0,0.0,40121,99.99,-0.400000006,3,299.97,299.97,-119.99,Western Europe,Provenza-Alpes-Costa Azul,Completed,191,Nike Men's Free 5.0+ Running Shoe,99.99,2015-08-26,Second Class,2015,8,August,3,23,Sunday,1,Delayed,2015,August,8,Loss,Low
91048,Payment,6,4,109.64,254.98,Late Delivery,1,43,Camping & Hiking,Caguas,Puerto Rico,8580,Kelly Smith,Corporate,PR,4590 Red Treasure Loop,725.0,7,Fan Shop,18.26570511,-66.37058258,Latin America,San Salvador,El Salvador,2017-05-14,59205,45.0,0.150000006,148192,299.98,0.430000007,1,299.98,254.98,109.64,Central America,San Salvador,Pending_Payment,957,Diamondback Women's Serene Classic Comfort Bi,299.98,2017-05-20,Standard Class,2017,5,May,2,14,Sunday,2,Delayed,2017,May,5,Medium Profit,Medium
163346,Debit,5,4,184.31,383.98,Late Delivery,1,45,Fishing,Chicago,EE. UU.,6974,Michael Smith,Home Office,IL,1531 Jagged Dale Heath,60613.0,7,Fan Shop,41.89580154,-87.6660614,Pacific Asia,Ninghai,China,2015-12-13,23719,16.0,0.039999999,59342,399.98,0.479999989,1,399.98,383.98,184.31,Eastern Asia,Shandong,Completed,1004,Field & Stream Sportsman 16 Gun Fire Safe,399.98,2015-12-18,Standard Class,2015,12,December,4,13,Sunday,1,Delayed,2015,December,12,Medium Profit,Medium
6393,Payment,6,4,13.23,75.58,Late Delivery,1,13,Electronics,Caguas,Puerto Rico,10679,Mary Smith,Home Office,PR,331 Grand Orchard,725.0,3,Footwear,18.29108048,-66.37050629,Europe,Velbert,Alemania,2015-10-05,19035,14.4,0.159999996,47580,44.99,0.180000007,2,89.98,75.58,13.23,Western Europe,Renania del Norte-Westfalia,Pending_Payment,278,Under Armour Men's Compression EV SL Slide,44.99,2015-10-11,Standard Class,2015,10,October,4,5,Monday,2,Delayed,2015,October,10,Low Profit,Low
70253,Payment,2,4,-100.8,210.0,Advance Shipping,0,24,Women's Apparel,Lansdale,EE. UU.,2075,Sarah Smith,Corporate,PA,3888 Quaking Via,19446.0,5,Golf,40.24383545,-75.28388214,Usa,Costa Mesa,Estados Unidos,2016-04-22,32711,40.0,0.159999996,81838,50.0,-0.479999989,5,250.0,210.0,-100.8,West of USA ,California,Pending_Payment,502,Nike Men's Dri-FIT Victory Golf Polo,50.0,2016-04-24,Standard Class,2016,4,April,2,22,Friday,-2,On Time/Early,2016,April,4,Loss,Low
108661,Payment,6,4,66.8,139.17,Late Delivery,1,29,Shop By Sport,Findlay,EE. UU.,8472,Mary Heath,Consumer,OH,8546 Thunder Goose Inlet,45840.0,5,Golf,41.04621124,-83.78955841,Latin America,Santa Clara,Cuba,2015-05-23,9785,20.79,0.129999995,24435,39.99,0.479999989,4,159.96,139.17,66.8,Caribbean,Villa Clara,Pending_Payment,627,Under Armour Girls' Toddler Spine Surge Runni,39.99,2015-05-29,Standard Class,2015,5,May,2,23,Saturday,2,Delayed,2015,May,5,Low Profit,Low
98783,Payment,0,0,71.25,148.44,Shipping On Time,0,46,Indoor/Outdoor Games,San Sebastian,Puerto Rico,11111,Mary Elliott,Consumer,PR,3543 Crystal Bear Forest,685.0,7,Fan Shop,39.49591446,-98.98998261,Pacific Asia,Bagdad,Irak,2016-09-15,42685,1.5,0.01,106535,49.98,0.479999989,3,149.94,148.44,71.25,West Asia,Bagdad,Payment_Review,1014,O'Brien Men's Neoprene Life Vest,49.98,2016-09-15,Same Day,2016,9,September,3,15,Thursday,0,On Time/Early,2016,September,9,Low Profit,Low
173829,Cash,4,4,7.5,299.98,Shipping On Time,0,43,Camping & Hiking,Caguas,Puerto Rico,5074,Karen Smith,Consumer,PR,1063 Fallen Subdivision,725.0,7,Fan Shop,18.20542717,-66.37052918,Latin America,Amatitlán,Guatemala,2017-05-29,60243,0.0,0.0,150727,299.98,0.029999999,1,299.98,299.98,7.5,Central America,Guatemala,Closed,957,Diamondback Women's Serene Classic Comfort Bi,299.98,2017-06-02,Standard Class,2017,5,May,2,29,Monday,0,On Time/Early,2017,June,6,Low Profit,Medium
65159,Debit,5,2,83.99,239.98,Late Delivery,1,43,Camping & Hiking,Palmdale,EE. UU.,5678,Nathan Smith,Consumer,CA,4900 Crystal Fawn Isle,93550.0,7,Fan Shop,34.54700089,-118.0638199,Pacific Asia,Kowloon,Hong Kong,2016-01-11,25739,60.0,0.200000003,64459,299.98,0.349999994,1,299.98,239.98,83.99,Eastern Asia,Hong Kong,Completed,957,Diamondback Women's Serene Classic Comfort Bi,299.98,2016-01-16,Second Class,2016,1,January,1,11,Monday,3,Delayed,2016,January,1,Low Profit,Medium
138431,Debit,4,4,4.7,391.98,Shipping On Time,0,45,Fishing,Staten Island,EE. UU.,5919,Mary Santiago,Home Office,NY,9632 Wishing Bend,10306.0,7,Fan Shop,40.56678009,-74.11734772,Latin America,Sancti Spíritus,Cuba,2017-03-31,56228,8.0,0.02,140647,399.98,0.01,1,399.98,391.98,4.7,Caribbean,Sancti Spíritus,On_Hold,1004,Field & Stream Sportsman 16 Gun Fire Safe,399.98,2017-04-04,Standard Class,2017,3,March,1,31,Friday,0,On Time/Early,2017,April,4,Low Profit,Medium
49309,Debit,5,2,37.23,75.98,Late Delivery,1,29,Shop By Sport,Pittsfield,EE. UU.,1846,Andrew Harper,Corporate,MA,3520 Grand Edge,1201.0,5,Golf,42.45938873,-73.22673035,Latin America,Madero,México,2015-04-18,7349,4.0,0.050000001,18404,39.99,0.49000001,2,79.98,75.98,37.23,Central America,Tamaulipas,On_Hold,627,Under Armour Girls' Toddler Spine Surge Runni,39.99,2015-04-23,Second Class,2015,4,April,2,18,Saturday,3,Delayed,2015,April,4,Low Profit,Low
3448,Debit,6,2,117.02,248.98,Late Delivery,1,43,Camping & Hiking,Caguas,Puerto Rico,8401,Grace Smith,Consumer,PR,5292 Misty Goose Street,725.0,7,Fan Shop,18.28842545,-66.37063599,Latin America,Guasave,México,2017-02-15,53225,51.0,0.170000002,132999,299.98,0.469999999,1,299.98,248.98,117.02,Central America,Sinaloa,Completed,957,Diamondback Women's Serene Classic Comfort Bi,299.98,2017-02-21,Second Class,2017,2,February,1,15,Wednesday,4,Delayed,2017,February,2,Medium Profit,Medium
20445,Debit,3,4,16.13,37.5,Advance Shipping,0,24,Women's Apparel,Caguas,Puerto Rico,10044,Brenda Hall,Consumer,PR,2924 Velvet Dale Corners,725.0,5,Golf,18.25662994,-66.37059021,Latin America,Carrefour,Haití,2015-04-03,6332,12.5,0.25,15846,50.0,0.430000007,1,50.0,37.5,16.13,Caribbean,Ouest,Completed,502,Nike Men's Dri-FIT Victory Golf Polo,50.0,2015-04-06,Standard Class,2015,4,April,2,3,Friday,-1,On Time/Early,2015,April,4,Low Profit,Low
35843,Debit,2,1,40.46,107.89,Late Delivery,1,18,Men's Footwear,San Bernardino,EE. UU.,8286,Jacqueline Butler,Consumer,CA,4699 Quiet Mall ,92404.0,4,Apparel,34.17030335,-117.349678,Europe,Dublín,Irlanda,2017-07-19,63721,22.1,0.170000002,159285,129.99,0.379999995,1,129.99,107.89,40.46,Northern Europe,Dublín,Completed,403,Nike Men's CJ Elite 2 TD Football Cleat,129.99,2017-07-21,First Class,2017,7,July,3,19,Wednesday,1,Delayed,2017,July,7,Low Profit,Medium
124633,Transfer,3,4,-7.84,78.38,Advance Shipping,0,29,Shop By Sport,Caguas,Puerto Rico,3119,Shirley Hinton,Corporate,PR,1927 Harvest Lane,725.0,5,Golf,18.24463272,-66.37051392,Latin America,Santo Domingo,República Dominicana,2017-03-17,55277,1.6,0.02,138248,39.99,-0.100000001,2,79.98,78.38,-7.84,Caribbean,Santo Domingo,Pending,627,Under Armour Girls' Toddler Spine Surge Runni,39.99,2017-03-20,Standard Class,2017,3,March,1,17,Friday,-1,On Time/Early,2017,March,3,Loss,Low
93894,Debit,2,4,-29.52,172.66,Advance Shipping,0,76,Women's Clothing,New Haven,EE. UU.,20394,Naida Chang,Consumer,CT,2291 Thunder Leaf Corners,6511.0,4,Apparel,37.78180695,-85.49245453,Pacific Asia,Canberra,Australia,2018-01-26,76841,43.16,0.200000003,180156,215.82,-0.170000002,1,215.82,172.66,-29.52,Oceania,Territorio de la Capital Australiana,Completed,1363,Summer dresses,215.82,2018-01-28,Standard Class,2018,1,January,1,26,Friday,-2,On Time/Early,2018,January,1,Loss,Medium
37353,Payment,4,2,3.84,95.98,Late Delivery,1,17,Cleats,Watsonville,EE. UU.,6862,Mary Taylor,Consumer,CA,8830 Honey Fawn Bend,95076.0,4,Apparel,37.05044556,-121.7598801,Europe,Porto,Portugal,2017-06-27,62228,24.0,0.200000003,155594,59.99,0.039999999,2,119.98,95.98,3.84,Southern Europe,Porto,Pending_Payment,365,Perfect Fitness Perfect Rip Deck,59.99,2017-07-01,Second Class,2017,6,June,2,27,Tuesday,2,Delayed,2017,July,7,Low Profit,Low
58221,Debit,6,4,-307.97,439.96,Late Delivery,1,9,Cardio Equipment,Caguas,Puerto Rico,9754,Mary Matthews,Consumer,PR,6127 Pleasant Wagon  Campus,725.0,3,Footwear,18.23230934,-66.37049866,Pacific Asia,Denpasar,Indonesia,2015-11-23,22350,59.99,0.119999997,55949,99.99,-0.699999988,5,499.95,439.96,-307.97,Southeast Asia,Bali,Completed,191,Nike Men's Free 5.0+ Running Shoe,99.99,2015-11-29,Standard Class,2015,11,November,4,23,Monday,2,Delayed,2015,November,11,Loss,Low
96210,Debit,2,1,2.7,43.5,Late Delivery,1,24,Women's Apparel,San Francisco,EE. UU.,11877,Jeffrey Krueger,Home Office,CA,7778 Silver Turnabout,94122.0,5,Golf,37.75547028,-122.4765244,Africa,Maputo,Mozambique,2017-01-08,50600,6.5,0.129999995,126454,50.0,0.059999999,1,50.0,43.5,2.7,East Africa,Cidade De Maputo,Completed,502,Nike Men's Dri-FIT Victory Golf Polo,50.0,2017-01-10,First Class,2017,1,January,1,8,Sunday,1,Delayed,2017,January,1,Low Profit,Low
58391,Debit,4,4,48.49,193.95,Shipping On Time,0,29,Shop By Sport,Caguas,Puerto Rico,2332,Christopher Hart,Consumer,PR,7814 Old Glen,725.0,5,Golf,18.27273178,-66.37056732,Usa,Troy,Estados Unidos,2016-04-02,31353,6.0,0.029999999,78374,39.99,0.25,5,199.95,193.95,48.49,East of USA,Nueva York,Completed,627,Under Armour Girls' Toddler Spine Surge Runni,39.99,2016-04-06,Standard Class,2016,4,April,2,2,Saturday,0,On Time/Early,2016,April,4,Low Profit,Low
119666,Transfer,2,2,-240.1,359.96,Shipping On Time,0,9,Cardio Equipment,Hampton,EE. UU.,5772,Andrea Smith,Consumer,VA,4353 Velvet Treasure Island,23666.0,3,Footwear,37.047966,-76.39997101,Pacific Asia,Orange,Australia,2015-12-15,23896,40.0,0.100000001,59812,99.99,-0.670000017,4,399.96,359.96,-240.1,Oceania,Nueva Gales del Sur,Processing,191,Nike Men's Free 5.0+ Running Shoe,99.99,2015-12-17,Second Class,2015,12,December,4,15,Tuesday,0,On Time/Early,2015,December,12,Loss,Low
35731,Debit,2,1,27.0,59.99,Late Delivery,1,17,Cleats,Orlando,EE. UU.,7099,Mary Smith,Consumer,FL,2757 Green Spring Concession,32822.0,4,Apparel,28.51333046,-81.31015778,Europe,Meudon,Francia,2017-07-31,64574,0.0,0.0,161413,59.99,0.449999988,1,59.99,59.99,27.0,Western Europe,Isla de Francia,Completed,365,Perfect Fitness Perfect Rip Deck,59.99,2017-08-02,First Class,2017,7,July,3,31,Monday,1,Delayed,2017,August,8,Low Profit,Low
120559,Transfer,2,4,28.8,287.98,Advance Shipping,0,43,Camping & Hiking,Carmichael,EE. UU.,7358,Michael Simpson,Consumer,CA,7723 Lazy Mount,95608.0,7,Fan Shop,38.61899185,-121.3215637,Europe,Huelva,España,2015-10-18,19906,12.0,0.039999999,49751,299.98,0.100000001,1,299.98,287.98,28.8,Southern Europe,Andalucía,Pending,957,Diamondback Women's Serene Classic Comfort Bi,299.98,2015-10-20,Standard Class,2015,10,October,4,18,Sunday,-2,On Time/Early,2015,October,10,Low Profit,Medium
116138,Cash,1,0,151.99,379.98,Late Delivery,1,45,Fishing,Edison,EE. UU.,3248,Janet Ochoa,Consumer,NJ,2337 Indian Inlet,8817.0,7,Fan Shop,40.5020752,-74.40885162,Europe,Marsala,Italia,2017-07-27,64317,20.0,0.050000001,160775,399.98,0.400000006,1,399.98,379.98,151.99,Southern Europe,Sicilia,Closed,1004,Field & Stream Sportsman 16 Gun Fire Safe,399.98,2017-07-28,Same Day,2017,7,July,3,27,Thursday,1,Delayed,2017,July,7,Medium Profit,Medium
37634,Payment,3,2,64.14,178.17,Late Delivery,1,17,Cleats,Richmond,EE. UU.,560,Emma Smith,Consumer,VA,6988 Easy Quail Swale,23223.0,4,Apparel,37.54056931,-77.41202545,Latin America,La Vega,República Dominicana,2015-05-22,9687,1.8,0.01,24197,59.99,0.360000014,3,179.97,178.17,64.14,Caribbean,La Vega,Pending_Payment,365,Perfect Fitness Perfect Rip Deck,59.99,2015-05-25,Second Class,2015,5,May,2,22,Friday,1,Delayed,2015,May,5,Low Profit,Low
112823,Debit,2,2,-300.58,193.92,Shipping On Time,0,46,Indoor/Outdoor Games,Caguas,Puerto Rico,10842,Ashley Smith,Corporate,PR,1682 Amber Parade,725.0,7,Fan Shop,18.25410461,-66.37055969,Pacific Asia,Izmir,Turquía,2016-10-17,44896,6.0,0.029999999,112139,49.98,-1.549999952,4,199.92,193.92,-300.58,West Asia,Izmir,On_Hold,1014,O'Brien Men's Neoprene Life Vest,49.98,2016-10-19,Second Class,2016,10,October,4,17,Monday,0,On Time/Early,2016,October,10,Loss,Low
36856,Payment,5,2,-441.72,284.98,Late Delivery,1,43,Camping & Hiking,Santa Cruz,EE. UU.,12111,Amber Franco,Consumer,CA,8766 Clear Prairie Line,95060.0,7,Fan Shop,36.97051239,-122.0238266,Latin America,Tegucigalpa,Honduras,2017-04-07,56669,15.0,0.050000001,141724,299.98,-1.549999952,1,299.98,284.98,-441.72,Central America,Francisco Morazán,Pending_Payment,957,Diamondback Women's Serene Classic Comfort Bi,299.98,2017-04-12,Second Class,2017,4,April,2,7,Friday,3,Delayed,2017,April,4,Loss,Medium
127014,Payment,3,4,40.86,120.89,Advance Shipping,0,18,Men's Footwear,Caguas,Puerto Rico,12140,Lauren Smith,Consumer,PR,724 Broad Trace,725.0,4,Apparel,18.24270439,-66.37049866,Latin America,Cárdenas,Cuba,2015-05-21,9637,9.1,0.07,24067,129.99,0.340000004,1,129.99,120.89,40.86,Caribbean,Matanzas,Pending_Payment,403,Nike Men's CJ Elite 2 TD Football Cleat,129.99,2015-05-24,Standard Class,2015,5,May,2,21,Thursday,-1,On Time/Early,2015,May,5,Low Profit,Medium
46765,Payment,3,4,25.5,101.98,Advance Shipping,0,17,Cleats,Rancho Cucamonga,EE. UU.,3232,Olivia Smith,Corporate,CA,8414 Wishing Horse Acres,91730.0,4,Apparel,34.10491943,-117.6226425,Europe,Narbonne,Francia,2017-09-20,68037,18.0,0.150000006,170091,59.99,0.25,2,119.98,101.98,25.5,Western Europe,Languedoc-Rosellón-Mediodía-Pirineos,Pending_Payment,365,Perfect Fitness Perfect Rip Deck,59.99,2017-09-23,Standard Class,2017,9,September,3,20,Wednesday,-1,On Time/Early,2017,September,9,Low Profit,Low
94890,Debit,4,4,22.15,103.99,Shipping On Time,0,18,Men's Footwear,Houston,EE. UU.,8084,Mary Smith,Consumer,TX,3200 Honey Range,77036.0,4,Apparel,29.7872448,-95.37207031,Usa,Charlotte,Estados Unidos,2016-04-17,32393,26.0,0.200000003,81009,129.99,0.209999993,1,129.99,103.99,22.15,South of  USA ,Carolina del Norte,Completed,403,Nike Men's CJ Elite 2 TD Football Cleat,129.99,2016-04-21,Standard Class,2016,4,April,2,17,Sunday,0,On Time/Early,2016,April,4,Low Profit,Medium
131925,Cash,4,2,17.14,97.96,Late Delivery,1,46,Indoor/Outdoor Games,Caguas,Puerto Rico,4667,Cheryl Gonzalez,Corporate,PR,5375 Iron Cloud Mews,725.0,7,Fan Shop,18.27949715,-66.37057495,Pacific Asia,Banjarmasin,Indonesia,2016-02-09,27738,2.0,0.02,69455,49.98,0.180000007,2,99.96,97.96,17.14,Southeast Asia,Borneo Meridional,Closed,1014,O'Brien Men's Neoprene Life Vest,49.98,2016-02-13,Second Class,2016,2,February,1,9,Tuesday,2,Delayed,2016,February,2,Low Profit,Low
128190,Debit,5,4,8.62,98.0,Late Delivery,1,24,Women's Apparel,College Station,EE. UU.,11315,Kimberly Campos,Consumer,TX,2407 Cozy Square,77840.0,5,Golf,30.62887001,-96.3033905,Usa,New York City,Estados Unidos,2016-07-24,39094,2.0,0.02,97585,50.0,0.090000004,2,100.0,98.0,8.62,East of USA,Nueva York,Completed,502,Nike Men's Dri-FIT Victory Golf Polo,50.0,2016-07-29,Standard Class,2016,7,July,3,24,Sunday,1,Delayed,2016,July,7,Low Profit,Low
153448,Debit,5,4,157.43,327.98,Late Delivery,1,45,Fishing,Scottsdale,EE. UU.,2313,Mary Forbes,Consumer,AZ,5452 Broad Mall ,85254.0,7,Fan Shop,33.5163269,-111.9261703,Pacific Asia,Porirua,Nueva Zelanda,2016-03-25,30789,72.0,0.180000007,76919,399.98,0.479999989,1,399.98,327.98,157.43,Oceania,Wellington,Completed,1004,Field & Stream Sportsman 16 Gun Fire Safe,399.98,2016-03-30,Standard Class,2016,3,March,1,25,Friday,1,Delayed,2016,March,3,Medium Profit,Medium
154503,Payment,2,4,43.19,89.99,Advance Shipping,0,17,Cleats,Caguas,Puerto Rico,2819,Julie Lin,Consumer,PR,7909 Golden Highway,725.0,4,Apparel,18.22317886,-66.37055206,Pacific Asia,Bandung,Indonesia,2015-11-14,21741,30.0,0.25,54397,59.99,0.479999989,2,119.98,89.99,43.19,Southeast Asia,Java Occidental,Pending_Payment,365,Perfect Fitness Perfect Rip Deck,59.99,2015-11-16,Standard Class,2015,11,November,4,14,Saturday,-2,On Time/Early,2015,November,11,Low Profit,Low
168478,Transfer,2,1,-9.72,58.19,Late Delivery,1,17,Cleats,New Haven,EE. UU.,11860,David Smith,Home Office,CT,4543 Cinder Link,6511.0,4,Apparel,38.79813385,-76.89474487,Latin America,Tegucigalpa,Honduras,2017-04-25,57894,1.8,0.029999999,144857,59.99,-0.170000002,1,59.99,58.19,-9.72,Central America,Francisco Morazán,Pending,365,Perfect Fitness Perfect Rip Deck,59.99,2017-04-27,First Class,2017,4,April,2,25,Tuesday,1,Delayed,2017,April,4,Loss,Low
23544,Cash,2,4,83.15,296.98,Advance Shipping,0,43,Camping & Hiking,Saginaw,EE. UU.,11503,Juan Curry,Corporate,MI,4355 Gentle Abbey,48601.0,7,Fan Shop,43.36036682,-84.13088989,Pacific Asia,Jinjiang,China,2015-11-02,20916,3.0,0.01,52252,299.98,0.280000001,1,299.98,296.98,83.15,Eastern Asia,Fujian,Closed,957,Diamondback Women's Serene Classic Comfort Bi,299.98,2015-11-04,Standard Class,2015,11,November,4,2,Monday,-2,On Time/Early,2015,November,11,Low Profit,Medium
10189,Transfer,2,4,52.79,159.96,Advance Shipping,0,29,Shop By Sport,Englewood,EE. UU.,11823,Mary Wilkerson,Corporate,CO,8270 Tawny Butterfly Inlet,80110.0,5,Golf,42.73287964,-83.45014954,Pacific Asia,Bangkok,Tailandia,2015-10-28,20566,0.0,0.0,51382,39.99,0.330000013,4,159.96,159.96,52.79,Southeast Asia,Bangkok,Pending,627,Under Armour Girls' Toddler Spine Surge Runni,39.99,2015-10-30,Standard Class,2015,10,October,4,28,Wednesday,-2,On Time/Early,2015,October,10,Low Profit,Low
15635,Cash,2,1,29.6,62.97,Late Delivery,1,40,Accessories,Brooklyn,EE. UU.,6030,Alexander Adams,Consumer,NY,2681 Cinder By-pass,11230.0,6,Outdoors,40.62810135,-73.96759033,Latin America,Apopa,El Salvador,2017-04-16,57291,12.0,0.159999996,143313,24.99,0.469999999,3,74.97,62.97,29.6,Central America,San Salvador,Closed,897,Team Golf New England Patriots Putter Grip,24.99,2017-04-18,First Class,2017,4,April,2,16,Sunday,1,Delayed,2017,April,4,Low Profit,Low
179276,Payment,6,2,84.38,290.98,Late Delivery,1,43,Camping & Hiking,Caguas,Puerto Rico,5728,Sarah Montoya,Home Office,PR,8736 Merry Extension,725.0,7,Fan Shop,18.23424339,-66.3706131,Usa,Lafayette,Estados Unidos,2016-06-15,36420,9.0,0.029999999,90932,299.98,0.289999992,1,299.98,290.98,84.38,South of  USA ,Luisiana,Pending_Payment,957,Diamondback Women's Serene Classic Comfort Bi,299.98,2016-06-21,Second Class,2016,6,June,2,15,Wednesday,4,Delayed,2016,June,6,Low Profit,Medium
47903,Debit,1,0,33.56,296.98,Late Delivery,1,43,Camping & Hiking,Livermore,EE. UU.,5538,Lisa Smith,Corporate,CA,7740 Dusty Berry Quay,94550.0,7,Fan Shop,37.3900528,-121.4688492,Pacific Asia,Tarsus,Turquía,2016-12-26,49712,3.0,0.01,124266,299.98,0.109999999,1,299.98,296.98,33.56,West Asia,Mersin,Completed,957,Diamondback Women's Serene Classic Comfort Bi,299.98,2016-12-27,Same Day,2016,12,December,4,26,Monday,1,Delayed,2016,December,12,Low Profit,Medium
68856,Payment,2,1,73.7,272.97,Late Delivery,1,9,Cardio Equipment,Caguas,Puerto Rico,622,Karen Davies,Corporate,PR,4485 Noble Lake Place,725.0,3,Footwear,18.35909081,-66.07790375,Pacific Asia,Srinagar,India,2016-03-10,29750,27.0,0.090000004,74438,99.99,0.270000011,3,299.97,272.97,73.7,South Asia,Jammu y Cachemira,Pending_Payment,191,Nike Men's Free 5.0+ Running Shoe,99.99,2016-03-12,First Class,2016,3,March,1,10,Thursday,1,Delayed,2016,March,3,Low Profit,Low
19639,Payment,2,1,68.25,227.5,Late Delivery,1,24,Women's Apparel,Fontana,EE. UU.,9397,Mary Curry,Consumer,CA,4742 Hazy Street,92336.0,5,Golf,34.15697479,-117.4821548,Europe,Franconville,Francia,2017-07-24,64118,22.5,0.090000004,160314,50.0,0.300000012,5,250.0,227.5,68.25,Western Europe,Isla de Francia,Pending_Payment,502,Nike Men's Dri-FIT Victory Golf Polo,50.0,2017-07-26,First Class,2017,7,July,3,24,Monday,1,Delayed,2017,July,7,Low Profit,Low
121319,Transfer,4,4,8.32,25.59,Shipping On Time,0,13,Electronics,San Diego,EE. UU.,5206,Mary Palmer,Consumer,CA,4212 Cozy Corners,92113.0,3,Footwear,32.69542313,-117.0990067,Latin America,Santiago de los Caballeros,República Dominicana,2015-04-05,6448,6.4,0.200000003,16145,31.99,0.330000013,1,31.99,25.59,8.32,Caribbean,Santiago de Chile,Pending,276,Under Armour Women's Ignite Slide,31.99,2015-04-09,Standard Class,2015,4,April,2,5,Sunday,0,On Time/Early,2015,April,4,Low Profit,Low
170099,Transfer,6,4,-29.67,107.89,Late Delivery,1,18,Men's Footwear,Roseville,EE. UU.,8186,Theresa Smith,Home Office,MI,4103 Hidden Pioneer Gate,48066.0,4,Apparel,42.4993248,-82.93652344,Europe,Alphen aan den Rijn,Países Bajos,2015-07-18,13615,22.1,0.170000002,34103,129.99,-0.280000001,1,129.99,107.89,-29.67,Western Europe,Holanda Meridional,Pending,403,Nike Men's CJ Elite 2 TD Football Cleat,129.99,2015-07-24,Standard Class,2015,7,July,3,18,Saturday,2,Delayed,2015,July,7,Loss,Medium
144960,Transfer,2,2,7.29,191.92,Shipping On Time,0,46,Indoor/Outdoor Games,Irving,EE. UU.,12178,Mary Mcgee,Consumer,TX,8736 Old Deer Trail,75061.0,7,Fan Shop,32.82715988,-97.00611877,Europe,Trento,Italia,2015-06-29,12296,8.0,0.039999999,30721,49.98,0.039999999,4,199.92,191.92,7.29,Southern Europe,Trentino-Alto Adigio,Pending,1014,O'Brien Men's Neoprene Life Vest,49.98,2015-07-01,Second Class,2015,6,June,2,29,Monday,0,On Time/Early,2015,July,7,Low Profit,Low
81416,Payment,2,1,44.0,175.99,Late Delivery,1,48,Water Sports,Wyandotte,EE. UU.,1180,Mary Martin,Corporate,MI,4839 Lazy View,48192.0,7,Fan Shop,42.20660782,-83.1534729,Pacific Asia,Kabul,Afganistán,2016-01-04,25232,24.0,0.119999997,63235,199.99,0.25,1,199.99,175.99,44.0,South Asia,Kabul,Pending_Payment,1073,Pelican Sunstream 100 Kayak,199.99,2016-01-06,First Class,2016,1,January,1,4,Monday,1,Delayed,2016,January,1,Low Profit,Medium
50952,Cash,3,2,-24.28,107.9,Late Delivery,1,33,Golf Shoes,Germantown,EE. UU.,4621,Doris Smith,Consumer,MD,285 Crystal Circuit,20874.0,6,Outdoors,39.1836586,-77.26545715,Pacific Asia,Suzhou,China,2016-01-19,26287,22.1,0.170000002,65811,65.0,-0.230000004,2,130.0,107.9,-24.28,Eastern Asia,Gansu,Closed,728,LIJA Women's Eyelet Sleeveless Golf Polo,65.0,2016-01-22,Second Class,2016,1,January,1,19,Tuesday,1,Delayed,2016,January,1,Loss,Low
13610,Debit,6,4,33.46,99.0,Late Delivery,1,24,Women's Apparel,Fremont,EE. UU.,3275,Steven Williams,Corporate,CA,7383 Broad Parkway,94539.0,5,Golf,37.49027634,-121.9271088,Pacific Asia,Bangkok,Tailandia,2015-11-27,22675,1.0,0.01,56741,50.0,0.340000004,2,100.0,99.0,33.46,Southeast Asia,Bangkok,On_Hold,502,Nike Men's Dri-FIT Victory Golf Polo,50.0,2015-12-03,Standard Class,2015,11,November,4,27,Friday,2,Delayed,2015,December,12,Low Profit,Low
40062,Debit,3,2,22.8,84.44,Late Delivery,1,41,Trade-In,Caguas,Puerto Rico,3611,Mary Mitchell,Corporate,PR,4601 Dewy Creek Concession,725.0,6,Outdoors,18.2446003,-66.37054443,Latin America,Holguín,Cuba,2015-01-03,152,3.52,0.039999999,361,21.99,0.270000011,4,87.96,84.44,22.8,Caribbean,Holguín,Completed,917,Glove It Women's Mod Oval 3-Zip Carry All Gol,21.99,2015-01-06,Second Class,2015,1,January,1,3,Saturday,1,Delayed,2015,January,1,Low Profit,Low
110029,Transfer,2,1,139.58,296.98,Late Delivery,1,43,Camping & Hiking,Rio Rancho,EE. UU.,2081,Mary Williams,Consumer,NM,1188 Amber Alley,87124.0,7,Fan Shop,35.24817276,-106.6763763,Latin America,Querétaro,México,2017-02-21,53614,3.0,0.01,134005,299.98,0.469999999,1,299.98,296.98,139.58,Central America,Querétaro,Pending,957,Diamondback Women's Serene Classic Comfort Bi,299.98,2017-02-23,First Class,2017,2,February,1,21,Tuesday,1,Delayed,2017,February,2,Medium Profit,Medium
66871,Debit,5,4,0.85,85.0,Late Delivery,1,24,Women's Apparel,Caguas,Puerto Rico,8796,Mary Smith,Corporate,PR,2457 Easy Nectar Link,725.0,5,Golf,18.25227547,-66.37058258,Africa,Port Harcourt,Nigeria,2016-09-18,42919,15.0,0.150000006,107202,50.0,0.01,2,100.0,85.0,0.85,West Africa,Ríos,On_Hold,502,Nike Men's Dri-FIT Victory Golf Polo,50.0,2016-09-23,Standard Class,2016,9,September,3,18,Sunday,1,Delayed,2016,September,9,Low Profit,Low
1635,Debit,6,2,23.75,94.99,Late Delivery,1,9,Cardio Equipment,Caguas,Puerto Rico,468,Mary Stone,Consumer,PR,4791 Harvest Quail Limits,725.0,3,Footwear,18.22757721,-66.04562378,Latin America,Santo Domingo,República Dominicana,2015-05-04,8455,5.0,0.050000001,21107,99.99,0.25,1,99.99,94.99,23.75,Caribbean,Santo Domingo,Completed,191,Nike Men's Free 5.0+ Running Shoe,99.99,2015-05-10,Second Class,2015,5,May,2,4,Monday,4,Delayed,2015,May,5,Low Profit,Low
109221,Payment,6,4,28.35,449.96,Late Delivery,1,9,Cardio Equipment,Rowland Heights,EE. UU.,8542,Jane Rich,Consumer,CA,1254 Hazy Trail,91748.0,3,Footwear,34.00062561,-117.9077301,Latin America,Tegucigalpa,Honduras,2017-02-23,53750,50.0,0.100000001,134368,99.99,0.059999999,5,499.95,449.96,28.35,Central America,Francisco Morazán,Pending_Payment,191,Nike Men's Free 5.0+ Running Shoe,99.99,2017-03-01,Standard Class,2017,2,February,1,23,Thursday,2,Delayed,2017,March,3,Low Profit,Low
143047,Debit,4,4,-37.49,149.94,Shipping On Time,0,46,Indoor/Outdoor Games,Las Vegas,EE. UU.,912,Mary Roy,Corporate,NV,6886 Cotton Promenade,89119.0,7,Fan Shop,36.16392899,115.0497894,Europe,Blackpool,Reino Unido,2015-10-08,19223,0.0,0.0,48031,49.98,-0.25,3,149.94,149.94,-37.49,Northern Europe,Inglaterra,Completed,1014,O'Brien Men's Neoprene Life Vest,49.98,2015-10-12,Standard Class,2015,10,October,4,8,Thursday,0,On Time/Early,2015,October,10,Loss,Low
81502,Debit,6,2,99.0,247.5,Late Delivery,1,24,Women's Apparel,Kenner,EE. UU.,11229,Diane Smith,Consumer,LA,8768 Shady Arbor,70065.0,5,Golf,30.0380249,-90.25691986,Latin America,San Salvador,El Salvador,2017-02-17,53320,2.5,0.01,133225,50.0,0.400000006,5,250.0,247.5,99.0,Central America,San Salvador,Completed,502,Nike Men's Dri-FIT Victory Golf Polo,50.0,2017-02-23,Second Class,2017,2,February,1,17,Friday,4,Delayed,2017,February,2,Low Profit,Low
30942,Transfer,5,4,80.34,167.37,Late Delivery,1,17,Cleats,Caguas,Puerto Rico,3752,Mary Vega,Home Office,PR,7840 Umber Sky Villas,725.0,4,Apparel,18.2105732,-66.37058258,Latin America,Ixtapaluca,México,2015-01-22,1479,12.6,0.07,3687,59.99,0.479999989,3,179.97,167.37,80.34,Central America,México,Pending,365,Perfect Fitness Perfect Rip Deck,59.99,2015-01-27,Standard Class,2015,1,January,1,22,Thursday,1,Delayed,2015,January,1,Low Profit,Low
47263,Payment,3,4,46.79,179.97,Advance Shipping,0,17,Cleats,Wyoming,EE. UU.,9348,Eric Smith,Corporate,MI,10 Pleasant Prairie Link,49509.0,4,Apparel,42.90983582,-85.68525696,Latin America,Presidencia Roque Sáenz Peña,Argentina,2015-02-10,2752,0.0,0.0,6900,59.99,0.25999999,3,179.97,179.97,46.79,South America,Chaco,Pending_Payment,365,Perfect Fitness Perfect Rip Deck,59.99,2015-02-13,Standard Class,2015,2,February,1,10,Tuesday,-1,On Time/Early,2015,February,2,Low Profit,Low
83412,Debit,2,4,86.09,245.98,Advance Shipping,0,43,Camping & Hiking,Bountiful,EE. UU.,1403,Mary Smith,Consumer,UT,7441 Cozy Autumn Trace,84010.0,7,Fan Shop,40.89128113,-111.8874054,Europe,Agrigento,Italia,2017-09-03,66871,54.0,0.180000007,167163,299.98,0.349999994,1,299.98,245.98,86.09,Southern Europe,Sicilia,On_Hold,957,Diamondback Women's Serene Classic Comfort Bi,299.98,2017-09-05,Standard Class,2017,9,September,3,3,Sunday,-2,On Time/Early,2017,September,9,Low Profit,Medium
89282,Payment,5,4,11.34,42.0,Late Delivery,1,24,Women's Apparel,Philadelphia,EE. UU.,2608,Madison Dunn,Consumer,PA,4616 Middle Cloud Corners,19131.0,5,Golf,40.0032196,-75.20815277,Usa,Lancaster,Estados Unidos,2016-06-22,36884,8.0,0.159999996,92048,50.0,0.270000011,1,50.0,42.0,11.34,West of USA ,California,Pending_Payment,502,Nike Men's Dri-FIT Victory Golf Polo,50.0,2016-06-27,Standard Class,2016,6,June,2,22,Wednesday,1,Delayed,2016,June,6,Low Profit,Low
57411,Debit,4,4,-38.68,166.0,Shipping On Time,0,24,Women's Apparel,Caguas,Puerto Rico,7570,Cynthia Jimenez,Consumer,PR,1828 Clear Barn Cove,725.0,5,Golf,18.2380085,-66.37062836,Latin America,Managua,Nicaragua,2017-05-14,59203,34.0,0.170000002,148180,50.0,-0.230000004,4,200.0,166.0,-38.68,Central America,Managua,Completed,502,Nike Men's Dri-FIT Victory Golf Polo,50.0,2017-05-18,Standard Class,2017,5,May,2,14,Sunday,0,On Time/Early,2017,May,5,Loss,Low
94250,Debit,5,4,-92.39,263.98,Late Delivery,1,43,Camping & Hiking,Lockport,EE. UU.,5693,Amber Smith,Consumer,IL,3688 Colonial Pioneer Landing,60441.0,7,Fan Shop,41.55319595,-88.07259369,Pacific Asia,Ballarat,Australia,2016-03-30,31129,36.0,0.119999997,77791,299.98,-0.349999994,1,299.98,263.98,-92.39,Oceania,Victoria,Completed,957,Diamondback Women's Serene Classic Comfort Bi,299.98,2016-04-04,Standard Class,2016,3,March,1,30,Wednesday,1,Delayed,2016,April,4,Loss,Medium
130776,Debit,1,0,14.24,189.92,Late Delivery,1,46,Indoor/Outdoor Games,Caguas,Puerto Rico,8965,Peter Smith,Home Office,PR,779 Golden View Glade,725.0,7,Fan Shop,18.2207737,-66.37057495,Usa,Grove City,Estados Unidos,2016-04-10,31912,10.0,0.050000001,79746,49.98,0.079999998,4,199.92,189.92,14.24,East of USA,Ohio,On_Hold,1014,O'Brien Men's Neoprene Life Vest,49.98,2016-04-11,Same Day,2016,4,April,2,10,Sunday,1,Delayed,2016,April,4,Low Profit,Low
80721,Cash,4,4,73.5,149.99,Shipping On Time,0,48,Water Sports,Long Beach,EE. UU.,4397,Diana Wright,Consumer,CA,7735 Gentle Terrace,90813.0,7,Fan Shop,33.78245163,-118.1922455,Pacific Asia,Shanghái,China,2016-02-20,28473,50.0,0.25,71256,199.99,0.49000001,1,199.99,149.99,73.5,Eastern Asia,Shanghái,Closed,1073,Pelican Sunstream 100 Kayak,199.99,2016-02-24,Standard Class,2016,2,February,1,20,Saturday,0,On Time/Early,2016,February,2,Low Profit,Medium
30229,Transfer,4,4,28.2,59.99,Shipping On Time,0,17,Cleats,Caguas,Puerto Rico,6408,Kevin Cooper,Home Office,PR,5085 Iron Vale,725.0,4,Apparel,18.24714851,-66.3705368,Latin America,San Pedro Sula,Honduras,2015-01-14,913,0.0,0.0,2272,59.99,0.469999999,1,59.99,59.99,28.2,Central America,Cortés,Pending,365,Perfect Fitness Perfect Rip Deck,59.99,2015-01-18,Standard Class,2015,1,January,1,14,Wednesday,0,On Time/Early,2015,January,1,Low Profit,Low
75383,Transfer,2,4,-131.74,169.99,Advance Shipping,0,48,Water Sports,Florissant,EE. UU.,9639,Mary Smith,Home Office,MO,6876 Lazy Wharf,63031.0,7,Fan Shop,38.79660034,-90.34640503,Usa,Denver,Estados Unidos,2016-07-27,39266,30.0,0.150000006,98030,199.99,-0.779999971,1,199.99,169.99,-131.74,West of USA ,Colorado,Pending,1073,Pelican Sunstream 100 Kayak,199.99,2016-07-29,Standard Class,2016,7,July,3,27,Wednesday,-2,On Time/Early,2016,July,7,Loss,Medium
573,Debit,6,2,63.05,126.09,Late Delivery,1,18,Men's Footwear,Caguas,Puerto Rico,2168,Mary Reynolds,Consumer,PR,4854 Tawny Cove,725.0,4,Apparel,18.28342247,-66.37062836,Europe,Lowestoft,Reino Unido,2015-09-20,18005,3.9,0.029999999,44994,129.99,0.5,1,129.99,126.09,63.05,Northern Europe,Inglaterra,Completed,403,Nike Men's CJ Elite 2 TD Football Cleat,129.99,2015-09-26,Second Class,2015,9,September,3,20,Sunday,4,Delayed,2015,September,9,Low Profit,Medium
42221,Debit,2,1,-45.12,239.98,Late Delivery,1,43,Camping & Hiking,El Centro,EE. UU.,8406,Ethan Smith,Consumer,CA,1098 Silent Mall ,92243.0,7,Fan Shop,32.79750443,-115.5654602,Latin America,Ribeirão Preto,Brasil,2017-02-16,53294,60.0,0.200000003,133157,299.98,-0.189999998,1,299.98,239.98,-45.12,South America,São Paulo,On_Hold,957,Diamondback Women's Serene Classic Comfort Bi,299.98,2017-02-18,First Class,2017,2,February,1,16,Thursday,1,Delayed,2017,February,2,Loss,Medium
53601,Debit,4,4,88.2,179.99,Shipping On Time,0,48,Water Sports,Caguas,Puerto Rico,5777,Mary Terry,Consumer,PR,2122 Crystal Mountain,725.0,7,Fan Shop,18.20679855,-66.37055206,Europe,Chelles,Francia,2017-08-05,64938,20.0,0.100000001,162343,199.99,0.49000001,1,199.99,179.99,88.2,Western Europe,Isla de Francia,Completed,1073,Pelican Sunstream 100 Kayak,199.99,2017-08-09,Standard Class,2017,8,August,3,5,Saturday,0,On Time/Early,2017,August,8,Low Profit,Medium
137365,Debit,6,4,143.99,319.98,Late Delivery,1,45,Fishing,Caguas,Puerto Rico,3501,Rachel Davila,Home Office,PR,9627 Sleepy Bend,725.0,7,Fan Shop,18.28172302,-66.37054443,Latin America,Villa Nueva,Guatemala,2017-06-01,60465,80.0,0.200000003,151306,399.98,0.449999988,1,399.98,319.98,143.99,Central America,Guatemala,Completed,1004,Field & Stream Sportsman 16 Gun Fire Safe,399.98,2017-06-07,Standard Class,2017,6,June,2,1,Thursday,2,Delayed,2017,June,6,Medium Profit,Medium
80534,Payment,5,2,80.96,175.99,Late Delivery,1,48,Water Sports,College Station,EE. UU.,7836,Mary Herman,Consumer,TX,9870 Little Hickory Loop,77840.0,7,Fan Shop,30.60759926,-96.31684876,Pacific Asia,Islamabad,Pakistán,2016-03-05,29394,24.0,0.119999997,73543,199.99,0.460000008,1,199.99,175.99,80.96,South Asia,Territorio de la Capital Federal,Pending_Payment,1073,Pelican Sunstream 100 Kayak,199.99,2016-03-10,Second Class,2016,3,March,1,5,Saturday,3,Delayed,2016,March,3,Low Profit,Medium
161202,Transfer,5,4,20.4,101.98,Late Delivery,1,17,Cleats,Caguas,Puerto Rico,5506,Gregory Smith,Consumer,PR,1122 Old Fox Lookout,725.0,4,Apparel,18.22976875,-66.37052918,Latin America,San Pedro Sula,Honduras,2017-04-26,57999,18.0,0.150000006,145120,59.99,0.200000003,2,119.98,101.98,20.4,Central America,Cortés,Pending,365,Perfect Fitness Perfect Rip Deck,59.99,2017-05-01,Standard Class,2017,4,April,2,26,Wednesday,1,Delayed,2017,May,5,Low Profit,Low
106987,Cash,3,4,-19.92,86.97,Advance Shipping,0,46,Indoor/Outdoor Games,Dallas,EE. UU.,9018,Mary Smith,Consumer,TX,6501 Emerald Crest,75240.0,7,Fan Shop,32.93148804,-96.81433868,Latin America,San Pedro Sula,Honduras,2017-03-16,55192,12.99,0.129999995,138029,49.98,-0.230000004,2,99.96,86.97,-19.92,Central America,Cortés,Closed,1014,O'Brien Men's Neoprene Life Vest,49.98,2017-03-19,Standard Class,2017,3,March,1,16,Thursday,-1,On Time/Early,2017,March,3,Loss,Low
32117,Debit,2,1,17.42,49.77,Late Delivery,1,36,Golf Balls,Caguas,Puerto Rico,7367,Joseph Smith,Consumer,PR,6718 Stony Gate Vale,725.0,6,Outdoors,18.2380867,-66.3705368,Latin America,Tegucigalpa,Honduras,2015-04-15,7172,10.19,0.170000002,17956,14.99,0.349999994,4,59.96,49.77,17.42,Central America,Francisco Morazán,On_Hold,792,Hirzl Men's Hybrid Golf Glove,14.99,2015-04-17,First Class,2015,4,April,2,15,Wednesday,1,Delayed,2015,April,4,Low Profit,Low
173173,Cash,6,2,6.25,56.3,Late Delivery,1,13,Electronics,Caguas,Puerto Rico,10415,Melissa Griffith,Consumer,PR,6223 Cotton Forest Estates,725.0,3,Footwear,18.29986954,-66.37063599,Usa,Parker,Estados Unidos,2016-06-20,36770,7.68,0.119999997,91767,31.99,0.109999999,2,63.98,56.3,6.25,West of USA ,Colorado,Closed,282,Under Armour Women's Ignite PIP VI Slide,31.99,2016-06-26,Second Class,2016,6,June,2,20,Monday,4,Delayed,2016,June,6,Low Profit,Low
64851,Debit,3,2,28.13,234.43,Late Delivery,1,69,Health and Beauty,Germantown,EE. UU.,18830,Sage Edwards,Consumer,MD,5985 Silent Leaf Vale,20874.0,12,Health and Beauty ,39.1836586,-77.26545715,Pacific Asia,Depok,Indonesia,2018-01-03,75277,58.61,0.200000003,178592,293.04,0.119999997,1,293.04,234.43,28.13,Southeast Asia,Yogyakarta,Completed,1356,First aid kit,293.04,2018-01-06,Second Class,2018,1,January,1,3,Wednesday,1,Delayed,2018,January,1,Low Profit,Medium
91030,Payment,5,4,113.39,269.98,Late Delivery,1,43,Camping & Hiking,Caguas,Puerto Rico,6493,Mary Best,Corporate,PR,4896 Green Cider Park,725.0,7,Fan Shop,18.23876762,-66.37054443,Latin America,Juárez,México,2017-03-15,55134,30.0,0.100000001,137869,299.98,0.419999987,1,299.98,269.98,113.39,Central America,Chihuahua,Pending_Payment,957,Diamondback Women's Serene Classic Comfort Bi,299.98,2017-03-20,Standard Class,2017,3,March,1,15,Wednesday,1,Delayed,2017,March,3,Medium Profit,Medium
161492,Transfer,6,4,13.65,181.98,Shipping Cancelled,0,9,Cardio Equipment,Caguas,Puerto Rico,5834,Andrew Fernandez,Consumer,PR,6718 High Panda Dell,725.0,3,Footwear,18.27206993,-66.37055969,Usa,Houston,Estados Unidos,2016-07-10,38105,18.0,0.090000004,95116,99.99,0.079999998,2,199.98,181.98,13.65,US Center ,Texas,Suspected_Fraud,191,Nike Men's Free 5.0+ Running Shoe,99.99,2016-07-16,Standard Class,2016,7,July,3,10,Sunday,2,Delayed,2016,July,7,Low Profit,Low
45207,Payment,4,4,23.46,123.49,Shipping On Time,0,18,Men's Footwear,Clarksville,EE. UU.,8090,Mary Martinez,Corporate,TN,6077 Heather Zephyr Estates,37042.0,4,Apparel,36.54824066,-87.37922669,Europe,Viena,Austria,2017-01-10,50753,6.5,0.050000001,126833,129.99,0.189999998,1,129.99,123.49,23.46,Western Europe,Viena,Pending_Payment,403,Nike Men's CJ Elite 2 TD Football Cleat,129.99,2017-01-14,Standard Class,2017,1,January,1,10,Tuesday,0,On Time/Early,2017,January,1,Low Profit,Medium
17538,Cash,2,1,86.03,179.22,Late Delivery,1,70,Men's Clothing,Aurora,EE. UU.,18867,Heidi Bush,Corporate,CO,588 Silent Ledge,80010.0,4,Apparel,39.72524643,-104.8658752,Pacific Asia,Hanoi,Vietnam,2018-01-04,75314,31.63,0.150000006,178629,210.85,0.479999989,1,210.85,179.22,86.03,Southeast Asia,Th? Dô Hà N?i,Closed,1357,Men's gala suit,210.85,2018-01-06,First Class,2018,1,January,1,4,Thursday,1,Delayed,2018,January,1,Low Profit,Medium
79588,Cash,5,4,58.0,199.99,Late Delivery,1,48,Water Sports,Decatur,EE. UU.,5509,Diana Smith,Corporate,GA,4463 Dewy Bear Point,30034.0,7,Fan Shop,33.70272064,-84.26963043,Usa,Seattle,Estados Unidos,2016-05-08,33779,0.0,0.0,84302,199.99,0.289999992,1,199.99,199.99,58.0,West of USA ,Washington,Closed,1073,Pelican Sunstream 100 Kayak,199.99,2016-05-13,Standard Class,2016,5,May,2,8,Sunday,1,Delayed,2016,May,5,Low Profit,Medium
3335,Debit,4,2,54.28,113.09,Late Delivery,1,18,Men's Footwear,Caguas,Puerto Rico,11283,Mary Morgan,Consumer,PR,3176 Colonial Quay,725.0,4,Apparel,18.22728348,-66.37052155,Latin America,Managua,Nicaragua,2017-04-22,57703,16.9,0.129999995,144348,129.99,0.479999989,1,129.99,113.09,54.28,Central America,Managua,Completed,403,Nike Men's CJ Elite 2 TD Football Cleat,129.99,2017-04-26,Second Class,2017,4,April,2,22,Saturday,2,Delayed,2017,April,4,Low Profit,Medium
29496,Payment,4,2,3.82,50.99,Late Delivery,1,17,Cleats,Sugar Land,EE. UU.,9432,Hannah Smith,Corporate,TX,5579 Quiet Nectar Circuit,77479.0,4,Apparel,26.23747635,-98.09152985,Latin America,Mejicanos,El Salvador,2017-01-27,51873,9.0,0.150000006,129613,59.99,0.079999998,1,59.99,50.99,3.82,Central America,San Salvador,Pending_Payment,365,Perfect Fitness Perfect Rip Deck,59.99,2017-01-31,Second Class,2017,1,January,1,27,Friday,2,Delayed,2017,January,1,Low Profit,Low
104546,Cash,2,2,55.98,159.94,Shipping On Time,0,46,Indoor/Outdoor Games,Caguas,Puerto Rico,3715,Debra Burnett,Consumer,PR,9889 Little Blossom Wood,725.0,7,Fan Shop,18.22509575,-66.37060547,Latin America,Puebla,México,2015-03-27,5881,39.98,0.200000003,14626,49.98,0.349999994,4,199.92,159.94,55.98,Central America,Puebla,Closed,1014,O'Brien Men's Neoprene Life Vest,49.98,2015-03-29,Second Class,2015,3,March,1,27,Friday,0,On Time/Early,2015,March,3,Low Profit,Low
99335,Cash,3,4,41.74,86.97,Advance Shipping,0,46,Indoor/Outdoor Games,Philadelphia,EE. UU.,8086,Paul Moon,Consumer,PA,2589 Silver Ridge,19140.0,7,Fan Shop,40.00958252,-75.15264893,Usa,Troy,Estados Unidos,2016-08-16,40642,12.99,0.129999995,101407,49.98,0.479999989,2,99.96,86.97,41.74,East of USA,Ohio,Closed,1014,O'Brien Men's Neoprene Life Vest,49.98,2016-08-19,Standard Class,2016,8,August,3,16,Tuesday,-1,On Time/Early,2016,August,8,Low Profit,Low
28413,Payment,2,1,4.98,49.79,Late Delivery,1,17,Cleats,Cary,EE. UU.,10934,Tiffany Walker,Corporate,NC,779 Jagged Branch Highlands,27511.0,4,Apparel,35.76636124,-78.78697205,Pacific Asia,Mecca,Arabia Saudí,2016-11-02,46002,10.2,0.170000002,114975,59.99,0.100000001,1,59.99,49.79,4.98,West Asia,Meca,Pending_Payment,365,Perfect Fitness Perfect Rip Deck,59.99,2016-11-04,First Class,2016,11,November,4,2,Wednesday,1,Delayed,2016,November,11,Low Profit,Low
102925,Transfer,2,2,73.71,188.99,Shipping On Time,0,48,Water Sports,Caguas,Puerto Rico,5468,Katherine Smith,Corporate,PR,7072 Thunder Apple Wood,725.0,7,Fan Shop,18.23109245,-66.37057495,Europe,Pessac,Francia,2015-10-14,19656,11.0,0.059999999,49140,199.99,0.389999986,1,199.99,188.99,73.71,Western Europe,Aquitania-Lemosín-Poitou-Charentes,Pending,1073,Pelican Sunstream 100 Kayak,199.99,2015-10-16,Second Class,2015,10,October,4,14,Wednesday,0,On Time/Early,2015,October,10,Low Profit,Medium
20851,Debit,4,4,114.71,238.97,Shipping On Time,0,65,Consumer Electronics,Caguas,Puerto Rico,18221,Cassady Dyer,Consumer,PR,3510 Red Deer Link,725.0,10,Technology,18.21775627,-66.0370636,Pacific Asia,Surabaya,Indonesia,2017-12-25,74668,13.91,0.059999999,177983,252.88,0.479999989,1,252.88,238.97,114.71,Southeast Asia,Java Oriental,Completed,1352,Industrial consumer electronics,252.88,2017-12-29,Standard Class,2017,12,December,4,25,Monday,0,On Time/Early,2017,December,12,Medium Profit,Medium
159893,Transfer,5,4,18.81,56.99,Late Delivery,1,17,Cleats,Caguas,Puerto Rico,9384,Mary Anderson,Consumer,PR,1969 High Embers Corner,725.0,4,Apparel,18.22830582,-66.37059021,Latin America,El Progreso,Honduras,2015-04-12,6934,3.0,0.050000001,17370,59.99,0.330000013,1,59.99,56.99,18.81,Central America,Yoro,Processing,365,Perfect Fitness Perfect Rip Deck,59.99,2015-04-17,Standard Class,2015,4,April,2,12,Sunday,1,Delayed,2015,April,4,Low Profit,Low
22086,Debit,6,4,6.55,72.78,Late Delivery,1,29,Shop By Sport,Caguas,Puerto Rico,363,Jennifer Obrien,Consumer,PR,9847 Wishing Ledge,725.0,5,Golf,18.24761581,-66.02522278,Europe,Zagreb,Croacia,2016-11-08,46395,7.2,0.090000004,115997,39.99,0.090000004,2,79.98,72.78,6.55,Southern Europe,Grad Zagreb,Completed,627,Under Armour Girls' Toddler Spine Surge Runni,39.99,2016-11-14,Standard Class,2016,11,November,4,8,Tuesday,2,Delayed,2016,November,11,Low Profit,Low
86423,Transfer,6,4,118.68,263.74,Late Delivery,1,69,Health and Beauty,Fresno,EE. UU.,18783,Cameron Bradshaw,Corporate,CA,8470 Amber Street,93722.0,12,Health and Beauty ,36.85815048,-119.7859116,Pacific Asia,Newcastle,Australia,2018-01-03,75230,29.3,0.100000001,178545,293.04,0.449999988,1,293.04,263.74,118.68,Oceania,Nueva Gales del Sur,Processing,1356,First aid kit,293.04,2018-01-09,Standard Class,2018,1,January,1,3,Wednesday,2,Delayed,2018,January,1,Medium Profit,Medium
72297,Transfer,5,2,37.44,124.79,Late Delivery,1,18,Men's Footwear,Greenville,EE. UU.,2844,Robert Smith,Corporate,NC,1483 Sunny Zephyr Range,27834.0,4,Apparel,35.80388641,-77.47067261,Usa,New York City,Estados Unidos,2016-04-30,33249,5.2,0.039999999,83071,129.99,0.300000012,1,129.99,124.79,37.44,East of USA,Nueva York,Pending,403,Nike Men's CJ Elite 2 TD Football Cleat,129.99,2016-05-05,Second Class,2016,4,April,2,30,Saturday,3,Delayed,2016,May,5,Low Profit,Medium
143798,Debit,3,2,41.74,143.94,Late Delivery,1,46,Indoor/Outdoor Games,Wayne,EE. UU.,10506,Mary Smith,Consumer,NJ,9767 Tawny Nook,7470.0,7,Fan Shop,40.95141602,-74.22407532,Europe,Gelsenkirchen,Alemania,2015-08-31,16602,6.0,0.039999999,41492,49.98,0.289999992,3,149.94,143.94,41.74,Western Europe,Renania del Norte-Westfalia,Completed,1014,O'Brien Men's Neoprene Life Vest,49.98,2015-09-03,Second Class,2015,8,August,3,31,Monday,1,Delayed,2015,September,9,Low Profit,Low
34445,Cash,5,4,-5.9,52.2,Late Delivery,1,29,Shop By Sport,Chicago,EE. UU.,10523,Mary Rose,Consumer,IL,4472 Dewy Campus,60634.0,5,Golf,41.939991,-87.78713989,Europe,Frankfurt,Alemania,2015-10-09,19304,7.8,0.129999995,48257,30.0,-0.109999999,2,60.0,52.2,-5.9,Western Europe,Hesse,Closed,642,Columbia Men's PFG Anchor Tough T-Shirt,30.0,2015-10-14,Standard Class,2015,10,October,4,9,Friday,1,Delayed,2015,October,10,Loss,Low
31294,Transfer,6,4,25.51,283.45,Late Delivery,1,17,Cleats,Caguas,Puerto Rico,6496,Rose Smith,Home Office,PR,8013 Wishing Freeway,725.0,4,Apparel,18.29485703,-66.3705368,Europe,Genk,Bélgica,2017-09-26,68485,16.5,0.059999999,171247,59.99,0.090000004,5,299.95,283.45,25.51,Western Europe,Limburgo,Processing,365,Perfect Fitness Perfect Rip Deck,59.99,2017-10-02,Standard Class,2017,9,September,3,26,Tuesday,2,Delayed,2017,October,10,Low Profit,Low
16590,Cash,2,2,8.59,75.98,Shipping On Time,0,29,Shop By Sport,Simi Valley,EE. UU.,7492,Vincent Smith,Consumer,CA,8237 Silent Pioneer Heights,93063.0,5,Golf,34.26791382,-118.6712112,Latin America,Fort-de-France,Martinica,2017-05-10,58981,4.0,0.050000001,147644,39.99,0.109999999,2,79.98,75.98,8.59,Caribbean,Martinica,Closed,627,Under Armour Girls' Toddler Spine Surge Runni,39.99,2017-05-12,Second Class,2017,5,May,2,10,Wednesday,0,On Time/Early,2017,May,5,Low Profit,Low
131670,Cash,2,1,57.38,163.93,Late Delivery,1,46,Indoor/Outdoor Games,Vega Baja,Puerto Rico,6648,Austin Ho,Corporate,PR,7885 Colonial Mount,693.0,7,Fan Shop,18.44484711,-66.38641357,Pacific Asia,Nagpur,India,2016-02-22,28589,35.99,0.180000007,71547,49.98,0.349999994,4,199.92,163.93,57.38,South Asia,Maharashtra,Closed,1014,O'Brien Men's Neoprene Life Vest,49.98,2016-02-24,First Class,2016,2,February,1,22,Monday,1,Delayed,2016,February,2,Low Profit,Low
1498,Debit,6,2,21.15,45.0,Late Delivery,1,24,Women's Apparel,Caguas,Puerto Rico,4293,Mary Stanley,Consumer,PR,9686 Stony Zephyr Ledge,725.0,5,Golf,18.24878883,-66.37060547,Europe,Ajaccio,Francia,2015-09-12,17465,5.0,0.100000001,43660,50.0,0.469999999,1,50.0,45.0,21.15,Western Europe,Corse,Completed,502,Nike Men's Dri-FIT Victory Golf Polo,50.0,2015-09-18,Second Class,2015,9,September,3,12,Saturday,4,Delayed,2015,September,9,Low Profit,Low
27917,Debit,4,4,100.78,239.96,Shipping On Time,0,17,Cleats,Chesapeake,EE. UU.,11960,Ryan Allen,Corporate,VA,3151 Rocky Gate Limits,23322.0,4,Apparel,36.8747406,-76.25379944,Pacific Asia,Lahore,Pakistán,2016-02-27,28938,59.99,0.200000003,72408,59.99,0.419999987,5,299.95,239.96,100.78,South Asia,Punyab,Completed,365,Perfect Fitness Perfect Rip Deck,59.99,2016-03-02,Standard Class,2016,2,February,1,27,Saturday,0,On Time/Early,2016,March,3,Medium Profit,Low
32578,Debit,3,4,-0.41,9.59,Advance Shipping,0,35,Golf Gloves,Brooklyn,EE. UU.,5725,Mary Smith,Consumer,NY,3882 Golden Maze,11219.0,6,Outdoors,40.64524078,-73.94316101,Latin America,Las Tunas,Cuba,2017-03-09,54682,0.4,0.039999999,136754,9.99,-0.039999999,1,9.99,9.59,-0.41,Caribbean,Las Tunas,Completed,775,Clicgear 8.0 Shoe Brush,9.99,2017-03-12,Standard Class,2017,3,March,1,9,Thursday,-1,On Time/Early,2017,March,3,Loss,Low
166163,Payment,2,2,92.8,319.98,Shipping On Time,0,45,Fishing,Catonsville,EE. UU.,7520,Maria Smith,Home Office,MD,7953 Sunny Panda Place,21228.0,7,Fan Shop,39.27961731,-76.71038055,Pacific Asia,Depok,Indonesia,2015-11-11,21571,80.0,0.200000003,53934,399.98,0.289999992,1,399.98,319.98,92.8,Southeast Asia,Yogyakarta,Pending_Payment,1004,Field & Stream Sportsman 16 Gun Fire Safe,399.98,2015-11-13,Second Class,2015,11,November,4,11,Wednesday,0,On Time/Early,2015,November,11,Low Profit,Medium
172392,Cash,2,1,35.06,120.89,Late Delivery,1,18,Men's Footwear,Caguas,Puerto Rico,4614,Mary Smith,Consumer,PR,3892 Emerald Mountain Corner,725.0,4,Apparel,18.27383995,-66.37052918,Latin America,Panama City,Panamá,2015-04-06,6552,9.1,0.07,16377,129.99,0.289999992,1,129.99,120.89,35.06,Central America,Panamá,Closed,403,Nike Men's CJ Elite 2 TD Football Cleat,129.99,2015-04-08,First Class,2015,4,April,2,6,Monday,1,Delayed,2015,April,4,Low Profit,Medium
17683,Cash,2,1,90.38,248.98,Late Delivery,1,9,Cardio Equipment,Rancho Cucamonga,EE. UU.,6603,Brenda Gonzalez,Corporate,CA,5206 Foggy Pathway,91730.0,3,Footwear,34.15362549,-117.5797577,Usa,Fort Worth,Estados Unidos,2016-04-27,33052,50.99,0.170000002,82628,99.99,0.360000014,3,299.97,248.98,90.38,US Center ,Texas,Closed,191,Nike Men's Free 5.0+ Running Shoe,99.99,2016-04-29,First Class,2016,4,April,2,27,Wednesday,1,Delayed,2016,April,4,Low Profit,Low
19526,Payment,2,1,31.91,227.96,Late Delivery,1,17,Cleats,Jackson,EE. UU.,11713,Mary Frost,Consumer,MI,8398 Cinder Brook Cape,49201.0,4,Apparel,42.10625076,-84.4058075,Pacific Asia,Padang,Indonesia,2016-02-17,28293,12.0,0.050000001,70776,59.99,0.140000001,4,239.96,227.96,31.91,Southeast Asia,Sumatra Occidental,Pending_Payment,365,Perfect Fitness Perfect Rip Deck,59.99,2016-02-19,First Class,2016,2,February,1,17,Wednesday,1,Delayed,2016,February,2,Low Profit,Low
114354,Debit,6,4,49.29,187.43,Late Delivery,1,46,Indoor/Outdoor Games,New Orleans,EE. UU.,5637,Mary Wong,Corporate,LA,6449 Harvest Apple Freeway,70117.0,7,Fan Shop,29.96774292,-90.03494263,Latin America,Estelí,Nicaragua,2015-01-29,1965,62.48,0.25,4910,49.98,0.25999999,5,249.9,187.43,49.29,Central America,Estelí,Completed,1014,O'Brien Men's Neoprene Life Vest,49.98,2015-02-04,Standard Class,2015,1,January,1,29,Thursday,2,Delayed,2015,February,2,Low Profit,Low
39301,Debit,4,2,92.56,254.98,Late Delivery,1,43,Camping & Hiking,Caguas,Puerto Rico,6155,Christine Smith,Corporate,PR,7795 Golden Sky Carrefour,725.0,7,Fan Shop,18.20797157,-66.3706131,Europe,Las Rozas de Madrid,España,2017-09-18,67903,45.0,0.150000006,169777,299.98,0.360000014,1,299.98,254.98,92.56,Southern Europe,Madrid,Completed,957,Diamondback Women's Serene Classic Comfort Bi,299.98,2017-09-22,Second Class,2017,9,September,3,18,Monday,2,Delayed,2017,September,9,Low Profit,Medium
73954,Debit,4,2,32.3,189.99,Late Delivery,1,48,Water Sports,Fayetteville,EE. UU.,10604,Jennifer Smith,Home Office,NC,2905 Sleepy Route,28314.0,7,Fan Shop,35.06275177,-79.00574493,Pacific Asia,Bagdad,Irak,2016-10-28,45683,10.0,0.050000001,114187,199.99,0.170000002,1,199.99,189.99,32.3,West Asia,Bagdad,Completed,1073,Pelican Sunstream 100 Kayak,199.99,2016-11-01,Second Class,2016,10,October,4,28,Friday,2,Delayed,2016,November,11,Low Profit,Medium
136833,Cash,4,4,113.39,377.98,Shipping On Time,0,45,Fishing,Ewa Beach,EE. UU.,3986,Mary Smith,Corporate,HI,9550 Lazy Pine Chase,96706.0,7,Fan Shop,21.33713913,-158.0259857,Europe,Barcelona,España,2017-07-01,62538,22.0,0.059999999,156295,399.98,0.300000012,1,399.98,377.98,113.39,Southern Europe,Cataluña,Closed,1004,Field & Stream Sportsman 16 Gun Fire Safe,399.98,2017-07-05,Standard Class,2017,7,July,3,1,Saturday,0,On Time/Early,2017,July,7,Medium Profit,Medium
89322,Payment,4,4,-69.09,293.98,Shipping On Time,0,43,Camping & Hiking,Glenview,EE. UU.,3035,Anna Gutierrez,Consumer,IL,1865 Bright Dale Walk,60025.0,7,Fan Shop,42.07277679,-87.80484772,Usa,Thousand Oaks,Estados Unidos,2016-07-16,38558,6.0,0.02,96227,299.98,-0.239999995,1,299.98,293.98,-69.09,West of USA ,California,Pending_Payment,957,Diamondback Women's Serene Classic Comfort Bi,299.98,2016-07-20,Standard Class,2016,7,July,3,16,Saturday,0,On Time/Early,2016,July,7,Loss,Medium
127533,Payment,6,4,3.09,123.49,Late Delivery,1,18,Men's Footwear,Caguas,Puerto Rico,9777,Mary Reynolds,Consumer,PR,3751 Shady Pike,725.0,4,Apparel,18.26331139,-66.37060547,Pacific Asia,Manila,Filipinas,2016-01-26,26770,6.5,0.050000001,67068,129.99,0.029999999,1,129.99,123.49,3.09,Southeast Asia,Capital Nacional,Pending_Payment,403,Nike Men's CJ Elite 2 TD Football Cleat,129.99,2016-02-01,Standard Class,2016,1,January,1,26,Tuesday,2,Delayed,2016,February,2,Low Profit,Medium
70989,Transfer,2,1,16.88,135.0,Late Delivery,1,24,Women's Apparel,New Orleans,EE. UU.,9256,Tiffany Parks,Corporate,LA,4924 Little Apple Ramp,70117.0,5,Golf,29.96774292,-90.03494263,Latin America,San Pedro de Macorís,República Dominicana,2017-02-15,53182,15.0,0.100000001,132877,50.0,0.129999995,3,150.0,135.0,16.88,Caribbean,San Pedro de Macorís,Pending,502,Nike Men's Dri-FIT Victory Golf Polo,50.0,2017-02-17,First Class,2017,2,February,1,15,Wednesday,1,Delayed,2017,February,2,Low Profit,Low
34981,Cash,3,4,49.38,137.16,Advance Shipping,0,3,Baseball & Softball,Phoenix,EE. UU.,8177,Janet Parker,Consumer,AZ,6281 Sunny View Cove,85009.0,2,Fitness,33.45198822,-112.1262131,Europe,Potsdam,Alemania,2015-09-13,17507,2.8,0.02,43764,34.99,0.360000014,4,139.96,137.16,49.38,Western Europe,Brandenburgo,Closed,37,adidas Kids' F5 Messi FG Soccer Cleat,34.99,2015-09-16,Standard Class,2015,9,September,3,13,Sunday,-1,On Time/Early,2015,September,9,Low Profit,Low
85907,Transfer,2,4,56.78,118.29,Advance Shipping,0,18,Men's Footwear,Dallas,EE. UU.,3022,Jose Smith,Corporate,TX,4560 Thunder Rise,75216.0,4,Apparel,32.71627045,-96.76869202,Latin America,Celaya,México,2015-04-27,7971,11.7,0.090000004,19924,129.99,0.479999989,1,129.99,118.29,56.78,Central America,Guanajuato,Processing,403,Nike Men's CJ Elite 2 TD Football Cleat,129.99,2015-04-29,Standard Class,2015,4,April,2,27,Monday,-2,On Time/Early,2015,April,4,Low Profit,Medium
28131,Payment,2,1,45.5,129.99,Late Delivery,1,18,Men's Footwear,Huntington Beach,EE. UU.,11382,Richard Gordon,Corporate,CA,7681 Quaking Pines,92647.0,4,Apparel,33.70994186,-117.9904709,Europe,Narbonne,Francia,2015-09-02,16747,0.0,0.0,41851,129.99,0.349999994,1,129.99,129.99,45.5,Western Europe,Languedoc-Rosellón-Mediodía-Pirineos,Pending_Payment,403,Nike Men's CJ Elite 2 TD Football Cleat,129.99,2015-09-04,First Class,2015,9,September,3,2,Wednesday,1,Delayed,2015,September,9,Low Profit,Medium
152841,Transfer,2,1,-49.0,391.98,Late Delivery,1,45,Fishing,Los Angeles,EE. UU.,11326,Keith Lowe,Consumer,CA,4813 Red Wagon  Farms,90023.0,7,Fan Shop,34.02769089,-118.2007599,Usa,Los Angeles,Estados Unidos,2016-04-28,33152,8.0,0.02,82878,399.98,-0.129999995,1,399.98,391.98,-49.0,West of USA ,California,Pending,1004,Field & Stream Sportsman 16 Gun Fire Safe,399.98,2016-04-30,First Class,2016,4,April,2,28,Thursday,1,Delayed,2016,April,4,Loss,Medium
136267,Transfer,5,4,1.43,142.5,Late Delivery,1,24,Women's Apparel,Rio Rancho,EE. UU.,5554,Hannah Ferguson,Consumer,NM,9217 Quiet Acres,87124.0,5,Golf,35.24817276,-106.6763763,Latin America,Dos Quebradas,Colombia,2017-01-18,51294,7.5,0.050000001,128188,50.0,0.01,3,150.0,142.5,1.43,South America,Risaralda,Pending,502,Nike Men's Dri-FIT Victory Golf Polo,50.0,2017-01-23,Standard Class,2017,1,January,1,18,Wednesday,1,Delayed,2017,January,1,Low Profit,Low
78557,Debit,4,4,-64.34,167.99,Shipping On Time,0,48,Water Sports,Elgin,EE. UU.,12210,Mary Smith,Home Office,IL,7000 Merry Nectar Parkway,60120.0,7,Fan Shop,41.97670364,-88.26086426,Usa,Rockford,Estados Unidos,2016-07-12,38293,32.0,0.159999996,95589,199.99,-0.379999995,1,199.99,167.99,-64.34,US Center ,Illinois,Completed,1073,Pelican Sunstream 100 Kayak,199.99,2016-07-16,Standard Class,2016,7,July,3,12,Tuesday,0,On Time/Early,2016,July,7,Loss,Medium
60572,Debit,4,4,124.94,254.98,Shipping On Time,0,43,Camping & Hiking,Brooklyn,EE. UU.,8325,Donald Smith,Corporate,NY,698 Blue Deer Farms,11218.0,7,Fan Shop,40.65780258,-73.94520569,Latin America,Santa Ana,El Salvador,2017-05-17,59398,45.0,0.150000006,148704,299.98,0.49000001,1,299.98,254.98,124.94,Central America,Santa Ana,Completed,957,Diamondback Women's Serene Classic Comfort Bi,299.98,2017-05-21,Standard Class,2017,5,May,2,17,Wednesday,0,On Time/Early,2017,May,5,Medium Profit,Medium
159063,Transfer,2,4,22.8,48.5,Advance Shipping,0,24,Women's Apparel,Caguas,Puerto Rico,1353,Victoria Rocha,Consumer,PR,6135 Silver Oak Gate,725.0,5,Golf,18.25086021,-66.3705368,Europe,Berlín,Alemania,2015-06-15,11311,1.5,0.029999999,28279,50.0,0.469999999,1,50.0,48.5,22.8,Western Europe,Berlín,Pending,502,Nike Men's Dri-FIT Victory Golf Polo,50.0,2015-06-17,Standard Class,2015,6,June,2,15,Monday,-2,On Time/Early,2015,June,6,Low Profit,Low
65571,Debit,4,2,5.69,45.48,Late Delivery,1,40,Accessories,Carrollton,EE. UU.,4288,Mary Avery,Consumer,TX,8094 Noble Heights,75007.0,6,Outdoors,33.03649902,-96.92692566,Europe,Angers,Francia,2015-09-02,16783,4.5,0.090000004,41939,24.99,0.129999995,2,49.98,45.48,5.69,Western Europe,Países del Loira,Completed,885,Team Golf St. Louis Cardinals Putter Grip,24.99,2015-09-06,Second Class,2015,9,September,3,2,Wednesday,2,Delayed,2015,September,9,Low Profit,Low
144604,Payment,6,4,5.08,44.98,Late Delivery,1,46,Indoor/Outdoor Games,Irwin,EE. UU.,12387,Mary Archer,Consumer,PA,981 Dewy Cove,15642.0,7,Fan Shop,40.32811356,-79.70446014,Europe,Gothenburg,Suecia,2015-07-16,13485,5.0,0.100000001,33791,49.98,0.109999999,1,49.98,44.98,5.08,Northern Europe,Västra Götaland,Pending_Payment,1014,O'Brien Men's Neoprene Life Vest,49.98,2015-07-22,Standard Class,2015,7,July,3,16,Thursday,2,Delayed,2015,July,7,Low Profit,Low
127421,Payment,2,4,79.72,245.29,Advance Shipping,0,65,Consumer Electronics,Caguas,Puerto Rico,18224,Jaden Richards,Consumer,PR,4074 Sleepy Fox Estates,725.0,10,Technology,18.24244309,-66.03705597,Pacific Asia,Delhi,India,2017-12-26,74671,7.59,0.029999999,177986,252.88,0.330000013,1,252.88,245.29,79.72,South Asia,Delhi,Pending_Payment,1352,Industrial consumer electronics,252.88,2017-12-28,Standard Class,2017,12,December,4,26,Tuesday,-2,On Time/Early,2017,December,12,Low Profit,Medium
48141,Debit,1,0,6.38,81.85,Late Delivery,1,36,Golf Balls,Chicago,EE. UU.,6185,Donald Smith,Corporate,IL,8663 Crystal Bluff Walk,60617.0,6,Outdoors,41.73297119,-87.54953003,Africa,Moshi,Tanzania,2016-10-23,45327,8.1,0.090000004,113252,17.99,0.079999998,5,89.95,81.85,6.38,East Africa,Kilimanjaro,Completed,797,Hirzl Women's Soffft Flex Golf Glove,17.99,2016-10-24,Same Day,2016,10,October,4,23,Sunday,1,Delayed,2016,October,10,Low Profit,Low
86530,Transfer,3,4,15.0,299.98,Advance Shipping,0,43,Camping & Hiking,College Station,EE. UU.,8765,Gary Smith,Corporate,TX,8036 Lazy Autumn Park,77840.0,7,Fan Shop,30.60759926,-96.31684876,Pacific Asia,Tengzhou,China,2016-01-23,26517,0.0,0.0,66391,299.98,0.050000001,1,299.98,299.98,15.0,Eastern Asia,Shandong,Processing,957,Diamondback Women's Serene Classic Comfort Bi,299.98,2016-01-26,Standard Class,2016,1,January,1,23,Saturday,-1,On Time/Early,2016,January,1,Low Profit,Medium
17819,Cash,0,0,-321.73,128.69,Shipping On Time,0,18,Men's Footwear,Edinburg,EE. UU.,4500,Jesse Fields,Corporate,TX,3593 Blue Brook Acres,78539.0,4,Apparel,26.30719376,-98.20148468,Latin America,Buenos Aires,Argentina,2015-03-30,6041,1.3,0.01,15064,129.99,-2.5,1,129.99,128.69,-321.73,South America,Buenos Aires,Closed,403,Nike Men's CJ Elite 2 TD Football Cleat,129.99,2015-03-30,Same Day,2015,3,March,1,30,Monday,0,On Time/Early,2015,March,3,Loss,Medium
161003,Transfer,4,4,15.84,88.0,Shipping Cancelled,0,24,Women's Apparel,Humacao,Puerto Rico,11556,Hannah Watson,Consumer,PR,5517 Harvest Centre,791.0,5,Golf,18.1501503,-65.82595062,Africa,Port Elizabeth,SudAfrica,2016-09-20,43063,12.0,0.119999997,107571,50.0,0.180000007,2,100.0,88.0,15.84,Southern Africa,Cabo Oriental,Suspected_Fraud,502,Nike Men's Dri-FIT Victory Golf Polo,50.0,2016-09-24,Standard Class,2016,9,September,3,20,Tuesday,0,On Time/Early,2016,September,9,Low Profit,Low
117103,Transfer,2,1,3.3,299.95,Late Delivery,1,17,Cleats,Tonawanda,EE. UU.,11073,Mary Smith,Consumer,NY,475 Colonial Autoroute,14150.0,4,Apparel,42.9422493,-78.89958954,Pacific Asia,Brisbane,Australia,2016-03-01,29138,0.0,0.0,72920,59.99,0.01,5,299.95,299.95,3.3,Oceania,Queensland,Processing,365,Perfect Fitness Perfect Rip Deck,59.99,2016-03-03,First Class,2016,3,March,1,1,Tuesday,1,Delayed,2016,March,3,Low Profit,Low
136481,Transfer,0,0,53.12,331.98,Shipping On Time,0,45,Fishing,Dallas,EE. UU.,9939,Mary Singleton,Consumer,TX,6025 Clear Deer Swale,75240.0,7,Fan Shop,32.93148804,-96.81433868,Europe,Nice,Francia,2017-07-23,63985,68.0,0.170000002,159973,399.98,0.159999996,1,399.98,331.98,53.12,Western Europe,Provenza-Alpes-Costa Azul,Processing,1004,Field & Stream Sportsman 16 Gun Fire Safe,399.98,2017-07-23,Same Day,2017,7,July,3,23,Sunday,0,On Time/Early,2017,July,7,Low Profit,Medium
76311,Debit,6,2,93.1,189.99,Late Delivery,1,48,Water Sports,Caguas,Puerto Rico,11726,Gloria Smith,Consumer,PR,3173 Lost Diversion,725.0,7,Fan Shop,18.26145172,-66.37056732,Latin America,Morelia,México,2015-02-15,3090,10.0,0.050000001,7687,199.99,0.49000001,1,199.99,189.99,93.1,Central America,Michoacán,Completed,1073,Pelican Sunstream 100 Kayak,199.99,2015-02-21,Second Class,2015,2,February,1,15,Sunday,4,Delayed,2015,February,2,Low Profit,Medium
159167,Transfer,2,4,121.51,379.71,Advance Shipping,0,62,Cameras ,Caguas,Puerto Rico,13154,Farrah French,Consumer,PR,2211 Lazy Wharf ,725.0,10,Technology,18.29080772,-66.03705597,Europe,Toulouse,Francia,2017-10-12,69601,72.33,0.159999996,172916,452.04,0.319999993,1,452.04,379.71,121.51,Western Europe,Languedoc-Rosellón-Mediodía-Pirineos,Processing,1349,Web Camera,452.04,2017-10-14,Standard Class,2017,10,October,4,12,Thursday,-2,On Time/Early,2017,October,10,Medium Profit,Medium
169930,Transfer,5,2,58.49,149.96,Late Delivery,1,29,Shop By Sport,Los Angeles,EE. UU.,8944,Mary Smith,Home Office,CA,6234 Jagged Bluff Expressway,90003.0,5,Golf,33.98764038,-118.2705536,Usa,Columbus,Estados Unidos,2016-05-06,33674,49.99,0.25,84039,39.99,0.389999986,5,199.95,149.96,58.49,East of USA,Ohio,Pending,627,Under Armour Girls' Toddler Spine Surge Runni,39.99,2016-05-11,Second Class,2016,5,May,2,6,Friday,3,Delayed,2016,May,5,Low Profit,Low
38990,Debit,1,0,108.89,299.98,Late Delivery,1,43,Camping & Hiking,Caguas,Puerto Rico,2384,Mary Mays,Corporate,PR,1221 High Crest,725.0,7,Fan Shop,18.20499611,-66.37055969,Pacific Asia,Gujranwala,Pakistán,2015-11-21,22231,0.0,0.0,55659,299.98,0.360000014,1,299.98,299.98,108.89,South Asia,Punyab,Completed,957,Diamondback Women's Serene Classic Comfort Bi,299.98,2015-11-22,Same Day,2015,11,November,4,21,Saturday,1,Delayed,2015,November,11,Medium Profit,Medium
87526,Payment,5,4,45.56,134.79,Late Delivery,1,67,DVDs,La Crosse,EE. UU.,15127,Lacy Stafford,Consumer,WI,9905 Green Elk Court,54601.0,9,Discs Shop,43.8122406,-91.24485779,Europe,Northampton,Reino Unido,2017-11-10,71574,29.59,0.180000007,174889,164.38,0.340000004,1,164.38,134.79,45.56,Northern Europe,Inglaterra,Pending_Payment,1354,DVDs ,164.38,2017-11-15,Standard Class,2017,11,November,4,10,Friday,1,Delayed,2017,November,11,Low Profit,Medium
19482,Payment,2,1,-605.78,237.56,Late Delivery,1,17,Cleats,Germantown,EE. UU.,3800,Shawn Smith,Consumer,MD,5985 Silent Leaf Vale,20874.0,4,Apparel,39.1836586,-77.26545715,Latin America,Managua,Nicaragua,2015-05-24,9802,2.4,0.01,24473,59.99,-2.549999952,4,239.96,237.56,-605.78,Central America,Managua,Pending_Payment,365,Perfect Fitness Perfect Rip Deck,59.99,2015-05-26,First Class,2015,5,May,2,24,Sunday,1,Delayed,2015,May,5,Loss,Low
136329,Transfer,6,4,76.04,224.98,Late Delivery,1,9,Cardio Equipment,San Jose,EE. UU.,1298,Susan Fuller,Consumer,CA,421 Fallen Byway,95125.0,3,Footwear,37.29223251,-121.881279,Latin America,Juiz de Fora,Brasil,2015-03-16,5080,74.99,0.25,12690,99.99,0.340000004,3,299.97,224.98,76.04,South America,Minas Gerais,Processing,191,Nike Men's Free 5.0+ Running Shoe,99.99,2015-03-22,Standard Class,2015,3,March,1,16,Monday,2,Delayed,2015,March,3,Low Profit,Low
122414,Transfer,2,2,125.43,391.98,Shipping On Time,0,45,Fishing,Caguas,Puerto Rico,6341,Daniel Smith,Corporate,PR,4647 Misty Branch Gardens,725.0,7,Fan Shop,18.25748444,-66.37063599,Europe,Le Mans,Francia,2015-09-22,18096,8.0,0.02,45218,399.98,0.319999993,1,399.98,391.98,125.43,Western Europe,Países del Loira,Pending,1004,Field & Stream Sportsman 16 Gun Fire Safe,399.98,2015-09-24,Second Class,2015,9,September,3,22,Tuesday,0,On Time/Early,2015,September,9,Medium Profit,Medium
67786,Debit,4,4,57.59,119.97,Shipping On Time,0,29,Shop By Sport,Caguas,Puerto Rico,11233,Mary Murphy,Corporate,PR,3907 Rustic Via,725.0,5,Golf,18.23640823,-66.37059784,Europe,Redditch,Reino Unido,2015-07-05,12688,39.99,0.25,31749,39.99,0.479999989,4,159.96,119.97,57.59,Northern Europe,Inglaterra,Completed,627,Under Armour Girls' Toddler Spine Surge Runni,39.99,2015-07-09,Standard Class,2015,7,July,3,5,Sunday,0,On Time/Early,2015,July,7,Low Profit,Low
167439,Payment,4,4,89.24,254.98,Shipping On Time,0,43,Camping & Hiking,Los Angeles,EE. UU.,12204,Willie Cunningham,Home Office,CA,357 Noble Lane,90011.0,7,Fan Shop,34.0476265,-118.2457504,Usa,Bowling Green,Estados Unidos,2016-04-28,33138,45.0,0.150000006,82844,299.98,0.349999994,1,299.98,254.98,89.24,South of  USA ,Kentucky,Pending_Payment,957,Diamondback Women's Serene Classic Comfort Bi,299.98,2016-05-02,Standard Class,2016,4,April,2,28,Thursday,0,On Time/Early,2016,May,5,Low Profit,Medium
124968,Payment,0,0,66.14,188.98,Shipping On Time,0,9,Cardio Equipment,Caguas,Puerto Rico,5145,James Smith,Consumer,PR,9882 Cotton Abbey,725.0,3,Footwear,18.29706955,-66.3705368,Europe,Oldenburg,Alemania,2015-07-01,12425,11.0,0.059999999,31088,99.99,0.349999994,2,199.98,188.98,66.14,Western Europe,Baja Sajonia,Pending_Payment,191,Nike Men's Free 5.0+ Running Shoe,99.99,2015-07-01,Same Day,2015,7,July,3,1,Wednesday,0,On Time/Early,2015,July,7,Low Profit,Low
177862,Debit,2,4,68.28,148.44,Advance Shipping,0,46,Indoor/Outdoor Games,Pompano Beach,EE. UU.,7541,Donna Smith,Corporate,FL,7510 Harvest Zephyr By-pass,33064.0,7,Fan Shop,26.28325081,-80.09656525,Europe,San Sebastian,España,2015-06-03,10501,1.5,0.01,26307,49.98,0.460000008,3,149.94,148.44,68.28,Southern Europe,País Vasco,On_Hold,1014,O'Brien Men's Neoprene Life Vest,49.98,2015-06-05,Standard Class,2015,6,June,2,3,Wednesday,-2,On Time/Early,2015,June,6,Low Profit,Low
95006,Debit,2,4,33.56,296.98,Advance Shipping,0,43,Camping & Hiking,Gardena,EE. UU.,9074,Margaret Smith,Consumer,CA,3944 Hidden Round,90247.0,7,Fan Shop,33.89164734,-118.299408,Usa,Mississauga,Canada,2016-10-02,43876,3.0,0.01,109586,299.98,0.109999999,1,299.98,296.98,33.56,Canada,Ontario,Completed,957,Diamondback Women's Serene Classic Comfort Bi,299.98,2016-10-04,Standard Class,2016,10,October,4,2,Sunday,-2,On Time/Early,2016,October,10,Low Profit,Medium
58500,Payment,2,1,46.71,128.69,Late Delivery,1,18,Men's Footwear,Caguas,Puerto Rico,2236,Jeffrey Whitney,Consumer,PR,3922 Easy Manor,725.0,4,Apparel,18.27444077,-66.37058258,Europe,Toulouse,Francia,2015-08-25,16223,1.3,0.01,40503,129.99,0.360000014,1,129.99,128.69,46.71,Western Europe,Languedoc-Rosellón-Mediodía-Pirineos,Pending_Payment,403,Nike Men's CJ Elite 2 TD Football Cleat,129.99,2015-08-27,First Class,2015,8,August,3,25,Tuesday,1,Delayed,2015,August,8,Low Profit,Medium
144873,Transfer,4,4,8.8,87.96,Shipping On Time,0,46,Indoor/Outdoor Games,Denver,EE. UU.,45,Mary Nunez,Consumer,CO,1229 Bright Robin Corners,80231.0,7,Fan Shop,39.71010208,-105.0270767,Europe,Birmingham,Reino Unido,2015-07-03,12558,12.0,0.119999997,31433,49.98,0.100000001,2,99.96,87.96,8.8,Northern Europe,Inglaterra,Pending,1014,O'Brien Men's Neoprene Life Vest,49.98,2015-07-07,Standard Class,2015,7,July,3,3,Friday,0,On Time/Early,2015,July,7,Low Profit,Low
1943,Transfer,2,4,35.43,283.45,Advance Shipping,0,17,Cleats,Caguas,Puerto Rico,3373,Mary Willis,Consumer,PR,9749 Red Barn Harbour,725.0,4,Apparel,18.25558472,-66.37059021,Usa,Oceanside,Estados Unidos,2016-06-18,36636,16.5,0.059999999,91446,59.99,0.129999995,5,299.95,283.45,35.43,East of USA,Nueva York,Processing,365,Perfect Fitness Perfect Rip Deck,59.99,2016-06-20,Standard Class,2016,6,June,2,18,Saturday,-2,On Time/Early,2016,June,6,Low Profit,Low
125976,Payment,6,2,40.0,399.96,Late Delivery,1,9,Cardio Equipment,Caguas,Puerto Rico,7607,Scott Smith,Consumer,PR,9471 Middle Grove Place,725.0,3,Footwear,18.24543953,-66.37050629,Europe,Rouen,Francia,2017-07-09,63045,0.0,0.0,157633,99.99,0.100000001,4,399.96,399.96,40.0,Western Europe,Normandía,Pending_Payment,191,Nike Men's Free 5.0+ Running Shoe,99.99,2017-07-15,Second Class,2017,7,July,3,9,Sunday,4,Delayed,2017,July,7,Low Profit,Low
112714,Debit,4,4,40.93,181.93,Shipping On Time,0,46,Indoor/Outdoor Games,Aguadilla,Puerto Rico,7257,Jacqueline Smith,Consumer,PR,2514 Green Quail Falls,603.0,7,Fan Shop,18.44935989,-67.15180206,Africa,Kisangani,República Democrática del Congo,2016-10-22,45268,17.99,0.090000004,113095,49.98,0.230000004,4,199.92,181.93,40.93,Central Africa,Provincia Oriental,Completed,1014,O'Brien Men's Neoprene Life Vest,49.98,2016-10-26,Standard Class,2016,10,October,4,22,Saturday,0,On Time/Early,2016,October,10,Low Profit,Low
51300,Debit,3,4,-55.43,106.59,Advance Shipping,0,32,Golf Apparel,Caguas,Puerto Rico,4366,Shirley Riley,Home Office,PR,7108 Cinder Road,725.0,6,Outdoors,18.21341896,-66.37055969,Latin America,Gómez Palacio,México,2017-05-11,59032,23.4,0.180000007,147769,129.99,-0.519999981,1,129.99,106.59,-55.43,Central America,Durango,Completed,715,TaylorMade Women's RBZ SL Rescue,129.99,2017-05-14,Standard Class,2017,5,May,2,11,Thursday,-1,On Time/Early,2017,May,5,Loss,Medium
168317,Payment,6,4,117.59,419.96,Late Delivery,1,9,Cardio Equipment,Chicago,EE. UU.,10192,Kathryn Smith,Home Office,IL,7894 Old Circle,60614.0,3,Footwear,41.9845047,-87.82324982,Pacific Asia,Chaoyang,China,2016-01-08,25525,79.99,0.159999996,63949,99.99,0.280000001,5,499.95,419.96,117.59,Eastern Asia,Jilin,Pending_Payment,191,Nike Men's Free 5.0+ Running Shoe,99.99,2016-01-14,Standard Class,2016,1,January,1,8,Friday,2,Delayed,2016,January,1,Medium Profit,Low
57744,Debit,4,4,33.79,192.0,Shipping On Time,0,24,Women's Apparel,Caguas,Puerto Rico,10294,Mary Smith,Consumer,PR,9447 Dusty Beacon Turnabout,725.0,5,Golf,18.23896599,-66.37062073,Usa,Chicago,Estados Unidos,2016-06-15,36393,8.0,0.039999999,90857,50.0,0.180000007,4,200.0,192.0,33.79,US Center ,Illinois,On_Hold,502,Nike Men's Dri-FIT Victory Golf Polo,50.0,2016-06-19,Standard Class,2016,6,June,2,15,Wednesday,0,On Time/Early,2016,June,6,Low Profit,Low
93118,Debit,2,4,49.2,245.98,Advance Shipping,0,43,Camping & Hiking,Brockton,EE. UU.,5116,Doris Smith,Consumer,MA,1819 Noble Ramp,2301.0,7,Fan Shop,42.06258011,-71.01766205,Latin America,Los Mochis,México,2017-03-19,55381,54.0,0.180000007,138518,299.98,0.200000003,1,299.98,245.98,49.2,Central America,Sinaloa,Completed,957,Diamondback Women's Serene Classic Comfort Bi,299.98,2017-03-21,Standard Class,2017,3,March,1,19,Sunday,-2,On Time/Early,2017,March,3,Low Profit,Medium
40678,Debit,6,4,138.91,283.48,Late Delivery,1,43,Camping & Hiking,Caguas,Puerto Rico,6958,Michael Pham,Corporate,PR,923 Tawny Goose Corners,725.0,7,Fan Shop,18.2329216,-66.37051392,Europe,Grodno,Bielorrusia,2016-12-10,48635,16.5,0.059999999,121628,299.98,0.49000001,1,299.98,283.48,138.91,Eastern Europe,Grodno,Completed,957,Diamondback Women's Serene Classic Comfort Bi,299.98,2016-12-16,Standard Class,2016,12,December,4,10,Saturday,2,Delayed,2016,December,12,Medium Profit,Medium
53185,Transfer,4,4,12.0,159.99,Shipping On Time,0,48,Water Sports,Caguas,Puerto Rico,4243,Mary Smith,Consumer,PR,3544 Gentle Concession,725.0,7,Fan Shop,18.22925377,-66.37051392,Europe,Hamburgo,Alemania,2017-08-31,66658,40.0,0.200000003,166613,199.99,0.079999998,1,199.99,159.99,12.0,Western Europe,Hamburgo,Pending,1073,Pelican Sunstream 100 Kayak,199.99,2017-09-04,Standard Class,2017,8,August,3,31,Thursday,0,On Time/Early,2017,September,9,Low Profit,Medium
140162,Cash,2,1,16.32,163.18,Late Delivery,1,38,Kids' Golf Clubs,Caguas,Puerto Rico,11180,Lisa Smith,Home Office,PR,5469 Sunny Oak Bay,725.0,6,Outdoors,18.20604324,-66.37051392,Europe,Nice,Francia,2017-07-28,64356,35.82,0.180000007,160882,199.0,0.100000001,1,199.0,163.18,16.32,Western Europe,Provenza-Alpes-Costa Azul,Closed,305,Mio ALPHA Heart Rate Monitor/Sport Watch,199.0,2017-07-30,First Class,2017,7,July,3,28,Friday,1,Delayed,2017,July,7,Low Profit,Medium
